Workbook

Sheet Form20 
A1: FORM 20 [See rule 56(7)]
A2: Final Result Sheet PART I (To be used both for Lagislative Assembly Elections) | Q2: Total no. of Electors: | T2: 372828
A3: ='[1]Form20 '!$A$3:$T$3 -> No. And Name of Assembly Constituency : 333-KUSHINAGAR
A4: Serial no. of Polling Station | B4: No of valid votes cast in favour of | P4: NOTA | Q4: Total no of valid Votes | R4: Rejected Votes | S4: Total | T4: Total no of Tendered Votes
B6: Panchanand Pathak (P.N. Pathak) | C6: Mukeshwar Prasad Urf Pappu Madheshiya | D6: Rajesh Pratap Rao Urf Banti Bhaiya | E6: Syamrati | F6: Dipu Urf Atul Kumar Pandey | G6: Mukesh | H6: Rajesh | I6: Shrinarayan | J6: Safi Ahmad | K6: Ajaya Singh | L6: Khushruddin Ansari | M6: Dhawalesh | N6: Parama | O6: Sunil Kumar Dubey
B7: 1 | C7: 2 | D7: 3 | E7: 4 | F7: 5 | G7: 6 | H7: 7 | I7: 8 | J7: 9 | K7: 10 | L7: 11 | M7: 12 | N7: 13 | O7: 14 | P7: 15 | Q7: 16 | R7: 17 | S7: 18 | T7: 19
A8: 1 | B8: 410 | C8: 41 | D8: 241 | E8: 6 | F8: 1 | G8: 1 | H8: 2 | I8: 2 | J8: 3 | K8: 1 | L8: 4 | M8: 4 | N8: 3 | O8: 6 | P8: 24 | Q8: =SUM(B8:O8) -> 725 | R8: 0 | S8: =P8+Q8 -> 749 | T8: 0
A9: 2 | B9: 386 | C9: 31 | D9: 285 | E9: 5 | F9: 1 | G9: 0 | H9: 1 | I9: 0 | J9: 1 | K9: 2 | L9: 0 | M9: 1 | N9: 1 | O9: 2 | P9: 7 | Q9: =SUM(B9:O9) -> 716 | R9: 0 | S9: =P9+Q9 -> 723 | T9: 0
A10: 3 | B10: 340 | C10: 7 | D10: 269 | E10: 7 | F10: 0 | G10: 2 | H10: 0 | I10: 7 | J10: 10 | K10: 0 | L10: 0 | M10: 0 | N10: 2 | O10: 2 | P10: 2 | Q10: =SUM(B10:O10) -> 646 | R10: 0 | S10: =P10+Q10 -> 648 | T10: 0
A11: 4 | B11: 320 | C11: 5 | D11: 294 | E11: 1 | F11: 0 | G11: 1 | H11: 1 | I11: 1 | J11: 3 | K11: 1 | L11: 0 | M11: 2 | N11: 0 | O11: 1 | P11: 8 | Q11: =SUM(B11:O11) -> 630 | R11: 0 | S11: =P11+Q11 -> 638 | T11: 0
A12: 5 | B12: 355 | C12: 22 | D12: 223 | E12: 14 | F12: 2 | G12: 1 | H12: 0 | I12: 0 | J12: 2 | K12: 2 | L12: 2 | M12: 2 | N12: 2 | O12: 3 | P12: 10 | Q12: =SUM(B12:O12) -> 630 | R12: 0 | S12: =P12+Q12 -> 640 | T12: 0
A13: 6 | B13: 196 | C13: 136 | D13: 249 | E13: 1 | F13: 0 | G13: 0 | H13: 1 | I13: 3 | J13: 1 | K13: 1 | L13: 5 | M13: 1 | N13: 2 | O13: 2 | P13: 7 | Q13: =SUM(B13:O13) -> 598 | R13: 0 | S13: =P13+Q13 -> 605 | T13: 0
A14: 7 | B14: 436 | C14: 50 | D14: 169 | E14: 7 | F14: 0 | G14: 2 | H14: 3 | I14: 0 | J14: 0 | K14: 0 | L14: 2 | M14: 4 | N14: 1 | O14: 2 | P14: 3 | Q14: =SUM(B14:O14) -> 676 | R14: 0 | S14: =P14+Q14 -> 679 | T14: 0
A15: 8 | B15: 369 | C15: 20 | D15: 156 | E15: 3 | F15: 1 | G15: 1 | H15: 1 | I15: 1 | J15: 5 | K15: 1 | L15: 1 | M15: 1 | N15: 2 | O15: 1 | P15: 5 | Q15: =SUM(B15:O15) -> 563 | R15: 0 | S15: =P15+Q15 -> 568 | T15: 0
A16: 9 | B16: 211 | C16: 8 | D16: 163 | E16: 0 | F16: 0 | G16: 0 | H16: 0 | I16: 0 | J16: 0 | K16: 1 | L16: 0 | M16: 1 | N16: 3 | O16: 0 | P16: 2 | Q16: =SUM(B16:O16) -> 387 | R16: 0 | S16: =P16+Q16 -> 389 | T16: 0
A17: 10 | B17: 188 | C17: 49 | D17: 110 | E17: 0 | F17: 1 | G17: 0 | H17: 0 | I17: 0 | J17: 0 | K17: 0 | L17: 0 | M17: 0 | N17: 1 | O17: 1 | P17: 4 | Q17: =SUM(B17:O17) -> 350 | R17: 0 | S17: =P17+Q17 -> 354 | T17: 0
A18: 11 | B18: 352 | C18: 79 | D18: 249 | E18: 3 | F18: 0 | G18: 2 | H18: 2 | I18: 1 | J18: 1 | K18: 0 | L18: 0 | M18: 0 | N18: 0 | O18: 0 | P18: 3 | Q18: =SUM(B18:O18) -> 689 | R18: 0 | S18: =P18+Q18 -> 692 | T18: 0
A19: 12 | B19: 248 | C19: 60 | D19: 164 | E19: 4 | F19: 1 | G19: 1 | H19: 0 | I19: 0 | J19: 0 | K19: 0 | L19: 1 | M19: 2 | N19: 3 | O19: 2 | P19: 9 | Q19: =SUM(B19:O19) -> 486 | R19: 0 | S19: =P19+Q19 -> 495 | T19: 0
... A440: 433 | B440: 200 | C440: 9 | D440: 369 | E440: 4 | F440: 0 | G440: 0 | H440: 1 | I440: 0 | J440: 2 | K440: 0 | L440: 0 | M440: 1 | N440: 1 | O440: 0 | P440: 2 | Q440: =SUM(B440:O440) -> 587 | R440: 0 | S440: =P440+Q440 -> 589 | T440: 0
A441: Total | B441: =SUM(B8:B440) -> 114869 | C441: =SUM(C8:C440) -> 15994 | D441: =SUM(D8:D440) -> 79619 | E441: =SUM(E8:E440) -> 1468 | F441: =SUM(F8:F440) -> 172 | G441: =SUM(G8:G440) -> 157 | H441: =SUM(H8:H440) -> 175 | I441: =SUM(I8:I440) -> 350 | ... R441: =SUM(R8:R440) -> 0 | S441: =P441+Q441 -> 219668 | T441: =SUM(T8:T371) -> 0
A443: No. of votes recorded on postal ballot papers. (To be filled in the case of election from an Assembly Constituency)
B444: 399 | C444: 113 | D444: 859 | E444: 13 | F444: 0 | G444: 1 | H444: 0 | I444: 4 | J444: 7 | K444: 3 | L444: 2 | M444: 1 | N444: 0 | O444: 2 | P444: 2 | Q444: 0 | R444: 186 | S444: =Q444 -> 0
A445: Total votes polled
B446: =B441+B444 -> 115268 | C446: =C441+C444 -> 16107 | D446: =D441+D444 -> 80478 | E446: =E441+E444 -> 1481 | F446: =F441+F444 -> 172 | G446: =G441+G444 -> 158 | H446: =H441+H444 -> 175 | I446: =I441+I444 -> 354 | ... P446: =P441+P444 -> 1616 | Q446: =SUM(B446:P446) -> 221074 | R446: =R441+R444 -> 186 | S446: =+Q446+R446 -> 221260
A448: Place : Kushinagar | O448: Returning Officer.
A449: Date : 10-03-2022 | O449: 333-Kushinagar Assembly Constitency

Sheet ECI Format
A1: ='[1]ECI Format'!$A$1:$BA$1 -> No. And Name of Assembly Constituency : 333-KUSHINAGAR
A2: UTTAR PRADESH LAGISLATIVE ASSEMBLY GENERAL ELECTION 2022
A3: District-Kushinagar
A4: AC No. | B4: Polling Station | D4: Total No.of Electors | E4: Voters Turnout | I4: No.of voters Identified using EPIC | J4: No. of Ten-dered Voters | K4: Panchanand Pathak (P.N. Pathak) | N4: Mukeshwar Prasad Urf Pappu Madheshiya | Q4: Rajesh Pratap Rao Urf Banti Bhaiya | T4: Syamrati | W4: Dipu Urf Atul Kumar Pandey | Z4: Mukesh | AC4: Rajesh | AF4: Shrinarayan | AI4: Safi Ahmad | AL4: Ajaya Singh | AO4: Khushruddin Ansari | AR4: Dhawalesh | AU4: Parama | AX4: Sunil Kumar Dubey | BA4: Total Voter Secured
B5: No. | C5: Name | E5: Male | F5: Female | G5: Other | H5: Total | K5: S.No. | L5: Party Affiliation | M5: Votes Secured | N5: S.No. | O5: Party Affiliation | P5: Votes Secured | Q5: S.No. | R5: Party Affiliation | S5: Votes Secured | T5: S.No. | U5: Party Affiliation | V5: Votes Secured | W5: S.No. | X5: Party Affiliation | Y5: Votes Secured | Z5: S.No. | AA5: Party Affiliation | AB5: Votes Secured | AC5: S.No. | AD5: Party Affiliation | AE5: Votes Secured | AF5: S.No. | AG5: Party Affiliation | AH5: Votes Secured | AI5: S.No. | AJ5: Party Affiliation | AK5: Votes Secured | AL5: S.No. | AM5: Party Affiliation | AN5: Votes Secured | AO5: S.No. | AP5: Party Affiliation | AQ5: Votes Secured | AR5: S.No. | AS5: Party Affiliation | AT5: Votes Secured | AU5: S.No. | AV5: Party Affiliation | AW5: Votes Secured | AX5: S.No. | AY5: Party Affiliation | AZ5: Votes Secured
A6: 1 | B6: 2 | C6: 3 | D6: 4 | E6: 5 | F6: 6 | G6: 7 | H6: 8 | I6: 9 | J6: 10 | K6: 11 | L6: 12 | M6: 13 | N6: 14 | O6: 15 | P6: 16 | Q6: 17 | R6: 18 | S6: 19 | T6: 20 | U6: 21 | V6: 22 | W6: 23 | X6: 24 | Y6: 25 | Z6: 26 | AA6: 27 | AB6: 28 | AC6: 29 | AD6: 30 | AE6: 31 | AF6: 32 | AG6: 33 | AH6: 34 | AI6: 35 | AJ6: 36 | AK6: 37 | AL6: 38 | AM6: 39 | AN6: 40 | AO6: 41 | AP6: 42 | AQ6: 43 | AR6: 44 | AS6: 45 | AT6: 46 | AU6: 47 | AV6: 48 | AW6: 49 | AX6: 50 | AY6: 51 | AZ6: 52 | BA6: 53
A7: 333 | B7: 1 | C7: P.P. PURAINI ROOM NO.1 | D7: 1113 | E7: 332 | F7: 417 | G7: 0 | H7: =E7+F7+G7 -> 749 | I7: 349 | J7: 0 | K7: 1 | L7: Bharatiya Janata Party | M7: =+'Form20 '!B8 -> 410 | N7: 2 | O7: Bahujan Samaj Party | P7: =+'Form20 '!C8 -> 41 | Q7: 3 | R7: Samajwadi Party | S7: =+'Form20 '!D8 -> 241 | T7: 4 | U7: Indian National Congress | V7: =+'Form20 '!E8 -> 6 | W7: 5 | X7: Aam Aadmi Party | Y7: =+'Form20 '!F8 -> 1 | Z7: 6 | AA7: Bharatiya Swajivi Nagrik Party | AB7: =+'Form20 '!G8 -> 1 | AC7: 7 | AD7: Aam Janta Party (India) | AE7: =+'Form20 '!H8 -> 2 | AF7: 8 | AG7: Janata Dal (United) | AH7: =+'Form20 '!I8 -> 2 | AI7: 9 | AJ7: All India Majlis-E-Ittehadul Muslimeen | AK7: =+'Form20 '!J8 -> 3 | AL7: 10 | AM7: Independent | AN7: =+'Form20 '!K8 -> 1 | AO7: 11 | AP7: Independent | AQ7: =+'Form20 '!L8 -> 4 | AR7: 12 | AS7: Independent | AT7: =+'Form20 '!M8 -> 4 | AU7: 13 | AV7: Independent | AW7: =+'Form20 '!N8 -> 3 | AX7: 14 | AY7: Independent | AZ7: =+'Form20 '!O8 -> 6 | BA7: =AZ7+AW7+AT7+AQ7+AN7+AK7+AH7+AE7+AB7+Y7+V7+S7+P7+M7 -> 725
A8: 333 | B8: 2 | C8: P.P. PURAINI ROOM NO. 2 | D8: 1116 | E8: 336 | F8: 387 | G8: 0 | H8: =E8+F8+G8 -> 723 | I8: 28 | J8: 0 | K8: 1 | L8: Bharatiya Janata Party | M8: =+'Form20 '!B9 -> 386 | N8: 2 | O8: Bahujan Samaj Party | P8: =+'Form20 '!C9 -> 31 | Q8: 3 | R8: Samajwadi Party | S8: =+'Form20 '!D9 -> 285 | T8: 4 | U8: Indian National Congress | V8: =+'Form20 '!E9 -> 5 | W8: 5 | X8: Aam Aadmi Party | Y8: =+'Form20 '!F9 -> 1 | Z8: 6 | AA8: Bharatiya Swajivi Nagrik Party | AB8: =+'Form20 '!G9 -> 0 | AC8: 7 | AD8: Aam Janta Party (India) | AE8: =+'Form20 '!H9 -> 1 | AF8: 8 | AG8: Janata Dal (United) | AH8: =+'Form20 '!I9 -> 0 | AI8: 9 | AJ8: All India Majlis-E-Ittehadul Muslimeen | AK8: =+'Form20 '!J9 -> 1 | AL8: 10 | AM8: Independent | AN8: =+'Form20 '!K9 -> 2 | AO8: 11 | AP8: Independent | AQ8: =+'Form20 '!L9 -> 0 | AR8: 12 | AS8: Independent | AT8: =+'Form20 '!M9 -> 1 | AU8: 13 | AV8: Independent | AW8: =+'Form20 '!N9 -> 1 | AX8: 14 | AY8: Independent | AZ8: =+'Form20 '!O9 -> 2 | BA8: =AZ8+AW8+AT8+AQ8+AN8+AK8+AH8+AE8+AB8+Y8+V8+S8+P8+M8 -> 716
A9: 333 | B9: 3 | C9: P.P. PURAINI ROOM NO. 3 | D9: 1064 | E9: 242 | F9: 406 | G9: 0 | H9: =E9+F9+G9 -> 648 | I9: 46 | J9: 0 | K9: 1 | L9: Bharatiya Janata Party | M9: =+'Form20 '!B10 -> 340 | N9: 2 | O9: Bahujan Samaj Party | P9: =+'Form20 '!C10 -> 7 | Q9: 3 | R9: Samajwadi Party | S9: =+'Form20 '!D10 -> 269 | T9: 4 | U9: Indian National Congress | V9: =+'Form20 '!E10 -> 7 | W9: 5 | X9: Aam Aadmi Party | Y9: =+'Form20 '!F10 -> 0 | Z9: 6 | AA9: Bharatiya Swajivi Nagrik Party | AB9: =+'Form20 '!G10 -> 2 | AC9: 7 | AD9: Aam Janta Party (India) | AE9: =+'Form20 '!H10 -> 0 | AF9: 8 | AG9: Janata Dal (United) | AH9: =+'Form20 '!I10 -> 7 | AI9: 9 | AJ9: All India Majlis-E-Ittehadul Muslimeen | AK9: =+'Form20 '!J10 -> 10 | AL9: 10 | AM9: Independent | AN9: =+'Form20 '!K10 -> 0 | AO9: 11 | AP9: Independent | AQ9: =+'Form20 '!L10 -> 0 | AR9: 12 | AS9: Independent | AT9: =+'Form20 '!M10 -> 0 | AU9: 13 | AV9: Independent | AW9: =+'Form20 '!N10 -> 2 | AX9: 14 | AY9: Independent | AZ9: =+'Form20 '!O10 -> 2 | BA9: =AZ9+AW9+AT9+AQ9+AN9+AK9+AH9+AE9+AB9+Y9+V9+S9+P9+M9 -> 646
A10: 333 | B10: 4 | C10: P.P. PURAINI ROOM NO. 4 | D10: 950 | E10: 300 | F10: 338 | G10: 0 | H10: =E10+F10+G10 -> 638 | I10: 36 | J10: 0 | K10: 1 | L10: Bharatiya Janata Party | M10: =+'Form20 '!B11 -> 320 | N10: 2 | O10: Bahujan Samaj Party | P10: =+'Form20 '!C11 -> 5 | Q10: 3 | R10: Samajwadi Party | S10: =+'Form20 '!D11 -> 294 | T10: 4 | U10: Indian National Congress | V10: =+'Form20 '!E11 -> 1 | W10: 5 | X10: Aam Aadmi Party | Y10: =+'Form20 '!F11 -> 0 | Z10: 6 | AA10: Bharatiya Swajivi Nagrik Party | AB10: =+'Form20 '!G11 -> 1 | AC10: 7 | AD10: Aam Janta Party (India) | AE10: =+'Form20 '!H11 -> 1 | AF10: 8 | AG10: Janata Dal (United) | AH10: =+'Form20 '!I11 -> 1 | AI10: 9 | AJ10: All India Majlis-E-Ittehadul Muslimeen | AK10: =+'Form20 '!J11 -> 3 | AL10: 10 | AM10: Independent | AN10: =+'Form20 '!K11 -> 1 | AO10: 11 | AP10: Independent | AQ10: =+'Form20 '!L11 -> 0 | AR10: 12 | AS10: Independent | AT10: =+'Form20 '!M11 -> 2 | AU10: 13 | AV10: Independent | AW10: =+'Form20 '!N11 -> 0 | AX10: 14 | AY10: Independent | AZ10: =+'Form20 '!O11 -> 1 | BA10: =AZ10+AW10+AT10+AQ10+AN10+AK10+AH10+AE10+AB10+Y10+V10+S10+P10+M10 -> 630
A11: 333 | B11: 5 | C11: P.P. BADAHARA LAXMIPUR ROOM NO. 1 | D11: 1139 | E11: 293 | F11: 347 | G11: 0 | H11: =E11+F11+G11 -> 640 | I11: 48 | J11: 0 | K11: 1 | L11: Bharatiya Janata Party | M11: =+'Form20 '!B12 -> 355 | N11: 2 | O11: Bahujan Samaj Party | P11: =+'Form20 '!C12 -> 22 | Q11: 3 | R11: Samajwadi Party | S11: =+'Form20 '!D12 -> 223 | T11: 4 | U11: Indian National Congress | V11: =+'Form20 '!E12 -> 14 | W11: 5 | X11: Aam Aadmi Party | Y11: =+'Form20 '!F12 -> 2 | Z11: 6 | AA11: Bharatiya Swajivi Nagrik Party | AB11: =+'Form20 '!G12 -> 1 | AC11: 7 | AD11: Aam Janta Party (India) | AE11: =+'Form20 '!H12 -> 0 | AF11: 8 | AG11: Janata Dal (United) | AH11: =+'Form20 '!I12 -> 0 | AI11: 9 | AJ11: All India Majlis-E-Ittehadul Muslimeen | AK11: =+'Form20 '!J12 -> 2 | AL11: 10 | AM11: Independent | AN11: =+'Form20 '!K12 -> 2 | AO11: 11 | AP11: Independent | AQ11: =+'Form20 '!L12 -> 2 | AR11: 12 | AS11: Independent | AT11: =+'Form20 '!M12 -> 2 | AU11: 13 | AV11: Independent | AW11: =+'Form20 '!N12 -> 2 | AX11: 14 | AY11: Independent | AZ11: =+'Form20 '!O12 -> 3 | BA11: =AZ11+AW11+AT11+AQ11+AN11+AK11+AH11+AE11+AB11+Y11+V11+S11+P11+M11 -> 630
A12: 333 | B12: 6 | C12: P.P. BADAHARA LAXMIPUR ROOM NO. 2 | D12: 1074 | E12: 289 | F12: 316 | G12: 0 | H12: =E12+F12+G12 -> 605 | I12: 26 | J12: 0 | K12: 1 | L12: Bharatiya Janata Party | M12: =+'Form20 '!B13 -> 196 | N12: 2 | O12: Bahujan Samaj Party | P12: =+'Form20 '!C13 -> 136 | Q12: 3 | R12: Samajwadi Party | S12: =+'Form20 '!D13 -> 249 | T12: 4 | U12: Indian National Congress | V12: =+'Form20 '!E13 -> 1 | W12: 5 | X12: Aam Aadmi Party | Y12: =+'Form20 '!F13 -> 0 | Z12: 6 | AA12: Bharatiya Swajivi Nagrik Party | AB12: =+'Form20 '!G13 -> 0 | AC12: 7 | AD12: Aam Janta Party (India) | AE12: =+'Form20 '!H13 -> 1 | AF12: 8 | AG12: Janata Dal (United) | AH12: =+'Form20 '!I13 -> 3 | AI12: 9 | AJ12: All India Majlis-E-Ittehadul Muslimeen | AK12: =+'Form20 '!J13 -> 1 | AL12: 10 | AM12: Independent | AN12: =+'Form20 '!K13 -> 1 | AO12: 11 | AP12: Independent | AQ12: =+'Form20 '!L13 -> 5 | AR12: 12 | AS12: Independent | AT12: =+'Form20 '!M13 -> 1 | AU12: 13 | AV12: Independent | AW12: =+'Form20 '!N13 -> 2 | AX12: 14 | AY12: Independent | AZ12: =+'Form20 '!O13 -> 2 | BA12: =AZ12+AW12+AT12+AQ12+AN12+AK12+AH12+AE12+AB12+Y12+V12+S12+P12+M12 -> 598
A13: 333 | B13: 7 | C13: P.P. BADAHARA LAXMIPUR ROOM NO. 3 | D13: 1167 | E13: 339 | F13: 340 | G13: 0 | H13: =E13+F13+G13 -> 679 | I13: 18 | J13: 0 | K13: 1 | L13: Bharatiya Janata Party | M13: =+'Form20 '!B14 -> 436 | N13: 2 | O13: Bahujan Samaj Party | P13: =+'Form20 '!C14 -> 50 | Q13: 3 | R13: Samajwadi Party | S13: =+'Form20 '!D14 -> 169 | T13: 4 | U13: Indian National Congress | V13: =+'Form20 '!E14 -> 7 | W13: 5 | X13: Aam Aadmi Party | Y13: =+'Form20 '!F14 -> 0 | Z13: 6 | AA13: Bharatiya Swajivi Nagrik Party | AB13: =+'Form20 '!G14 -> 2 | AC13: 7 | AD13: Aam Janta Party (India) | AE13: =+'Form20 '!H14 -> 3 | AF13: 8 | AG13: Janata Dal (United) | AH13: =+'Form20 '!I14 -> 0 | AI13: 9 | AJ13: All India Majlis-E-Ittehadul Muslimeen | AK13: =+'Form20 '!J14 -> 0 | AL13: 10 | AM13: Independent | AN13: =+'Form20 '!K14 -> 0 | AO13: 11 | AP13: Independent | AQ13: =+'Form20 '!L14 -> 2 | AR13: 12 | AS13: Independent | AT13: =+'Form20 '!M14 -> 4 | AU13: 13 | AV13: Independent | AW13: =+'Form20 '!N14 -> 1 | AX13: 14 | AY13: Independent | AZ13: =+'Form20 '!O14 -> 2 | BA13: =AZ13+AW13+AT13+AQ13+AN13+AK13+AH13+AE13+AB13+Y13+V13+S13+P13+M13 -> 676
A14: 333 | B14: 8 | C14: P.P. KURMAUTA MANJHARIYA | D14: 963 | E14: 315 | F14: 253 | G14: 0 | H14: =E14+F14+G14 -> 568 | I14: 370 | J14: 0 | K14: 1 | L14: Bharatiya Janata Party | M14: =+'Form20 '!B15 -> 369 | N14: 2 | O14: Bahujan Samaj Party | P14: =+'Form20 '!C15 -> 20 | Q14: 3 | R14: Samajwadi Party | S14: =+'Form20 '!D15 -> 156 | T14: 4 | U14: Indian National Congress | V14: =+'Form20 '!E15 -> 3 | W14: 5 | X14: Aam Aadmi Party | Y14: =+'Form20 '!F15 -> 1 | Z14: 6 | AA14: Bharatiya Swajivi Nagrik Party | AB14: =+'Form20 '!G15 -> 1 | AC14: 7 | AD14: Aam Janta Party (India) | AE14: =+'Form20 '!H15 -> 1 | AF14: 8 | AG14: Janata Dal (United) | AH14: =+'Form20 '!I15 -> 1 | AI14: 9 | AJ14: All India Majlis-E-Ittehadul Muslimeen | AK14: =+'Form20 '!J15 -> 5 | AL14: 10 | AM14: Independent | AN14: =+'Form20 '!K15 -> 1 | AO14: 11 | AP14: Independent | AQ14: =+'Form20 '!L15 -> 1 | AR14: 12 | AS14: Independent | AT14: =+'Form20 '!M15 -> 1 | AU14: 13 | AV14: Independent | AW14: =+'Form20 '!N15 -> 2 | AX14: 14 | AY14: Independent | AZ14: =+'Form20 '!O15 -> 1 | BA14: =AZ14+AW14+AT14+AQ14+AN14+AK14+AH14+AE14+AB14+Y14+V14+S14+P14+M14 -> 563
A15: 333 | B15: 9 | C15: J.H.S. KURMAUTA ROOM NO. 1 | D15: 652 | E15: 176 | F15: 213 | G15: 0 | H15: =E15+F15+G15 -> 389 | I15: 46 | J15: 0 | K15: 1 | L15: Bharatiya Janata Party | M15: =+'Form20 '!B16 -> 211 | N15: 2 | O15: Bahujan Samaj Party | P15: =+'Form20 '!C16 -> 8 | Q15: 3 | R15: Samajwadi Party | S15: =+'Form20 '!D16 -> 163 | T15: 4 | U15: Indian National Congress | V15: =+'Form20 '!E16 -> 0 | W15: 5 | X15: Aam Aadmi Party | Y15: =+'Form20 '!F16 -> 0 | Z15: 6 | AA15: Bharatiya Swajivi Nagrik Party | AB15: =+'Form20 '!G16 -> 0 | AC15: 7 | AD15: Aam Janta Party (India) | AE15: =+'Form20 '!H16 -> 0 | AF15: 8 | AG15: Janata Dal (United) | AH15: =+'Form20 '!I16 -> 0 | AI15: 9 | AJ15: All India Majlis-E-Ittehadul Muslimeen | AK15: =+'Form20 '!J16 -> 0 | AL15: 10 | AM15: Independent | AN15: =+'Form20 '!K16 -> 1 | AO15: 11 | AP15: Independent | AQ15: =+'Form20 '!L16 -> 0 | AR15: 12 | AS15: Independent | AT15: =+'Form20 '!M16 -> 1 | AU15: 13 | AV15: Independent | AW15: =+'Form20 '!N16 -> 3 | AX15: 14 | AY15: Independent | AZ15: =+'Form20 '!O16 -> 0 | BA15: =AZ15+AW15+AT15+AQ15+AN15+AK15+AH15+AE15+AB15+Y15+V15+S15+P15+M15 -> 387
A16: 333 | B16: 10 | C16: J.H.S. KURMAUTA ROOM NO. 2 | D16: 591 | E16: 165 | F16: 189 | G16: 0 | H16: =E16+F16+G16 -> 354 | I16: 37 | J16: 0 | K16: 1 | L16: Bharatiya Janata Party | M16: =+'Form20 '!B17 -> 188 | N16: 2 | O16: Bahujan Samaj Party | P16: =+'Form20 '!C17 -> 49 | Q16: 3 | R16: Samajwadi Party | S16: =+'Form20 '!D17 -> 110 | T16: 4 | U16: Indian National Congress | V16: =+'Form20 '!E17 -> 0 | W16: 5 | X16: Aam Aadmi Party | Y16: =+'Form20 '!F17 -> 1 | Z16: 6 | AA16: Bharatiya Swajivi Nagrik Party | AB16: =+'Form20 '!G17 -> 0 | AC16: 7 | AD16: Aam Janta Party (India) | AE16: =+'Form20 '!H17 -> 0 | AF16: 8 | AG16: Janata Dal (United) | AH16: =+'Form20 '!I17 -> 0 | AI16: 9 | AJ16: All India Majlis-E-Ittehadul Muslimeen | AK16: =+'Form20 '!J17 -> 0 | AL16: 10 | AM16: Independent | AN16: =+'Form20 '!K17 -> 0 | AO16: 11 | AP16: Independent | AQ16: =+'Form20 '!L17 -> 0 | AR16: 12 | AS16: Independent | AT16: =+'Form20 '!M17 -> 0 | AU16: 13 | AV16: Independent | AW16: =+'Form20 '!N17 -> 1 | AX16: 14 | AY16: Independent | AZ16: =+'Form20 '!O17 -> 1 | BA16: =AZ16+AW16+AT16+AQ16+AN16+AK16+AH16+AE16+AB16+Y16+V16+S16+P16+M16 -> 350
A17: 333 | B17: 11 | C17: P.P. RAMNAGAR | D17: 1109 | E17: 370 | F17: 322 | G17: 0 | H17: =E17+F17+G17 -> 692 | I17: 23 | J17: 0 | K17: 1 | L17: Bharatiya Janata Party | M17: =+'Form20 '!B18 -> 352 | N17: 2 | O17: Bahujan Samaj Party | P17: =+'Form20 '!C18 -> 79 | Q17: 3 | R17: Samajwadi Party | S17: =+'Form20 '!D18 -> 249 | T17: 4 | U17: Indian National Congress | V17: =+'Form20 '!E18 -> 3 | W17: 5 | X17: Aam Aadmi Party | Y17: =+'Form20 '!F18 -> 0 | Z17: 6 | AA17: Bharatiya Swajivi Nagrik Party | AB17: =+'Form20 '!G18 -> 2 | AC17: 7 | AD17: Aam Janta Party (India) | AE17: =+'Form20 '!H18 -> 2 | AF17: 8 | AG17: Janata Dal (United) | AH17: =+'Form20 '!I18 -> 1 | AI17: 9 | AJ17: All India Majlis-E-Ittehadul Muslimeen | AK17: =+'Form20 '!J18 -> 1 | AL17: 10 | AM17: Independent | AN17: =+'Form20 '!K18 -> 0 | AO17: 11 | AP17: Independent | AQ17: =+'Form20 '!L18 -> 0 | AR17: 12 | AS17: Independent | AT17: =+'Form20 '!M18 -> 0 | AU17: 13 | AV17: Independent | AW17: =+'Form20 '!N18 -> 0 | AX17: 14 | AY17: Independent | AZ17: =+'Form20 '!O18 -> 0 | BA17: =AZ17+AW17+AT17+AQ17+AN17+AK17+AH17+AE17+AB17+Y17+V17+S17+P17+M17 -> 689
A18: 333 | B18: 12 | C18: P.P. SIDHAWE ROOM NO 1 | D18: 749 | E18: 198 | F18: 297 | G18: 0 | H18: =E18+F18+G18 -> 495 | I18: 18 | J18: 0 | K18: 1 | L18: Bharatiya Janata Party | M18: =+'Form20 '!B19 -> 248 | N18: 2 | O18: Bahujan Samaj Party | P18: =+'Form20 '!C19 -> 60 | Q18: 3 | R18: Samajwadi Party | S18: =+'Form20 '!D19 -> 164 | T18: 4 | U18: Indian National Congress | V18: =+'Form20 '!E19 -> 4 | W18: 5 | X18: Aam Aadmi Party | Y18: =+'Form20 '!F19 -> 1 | Z18: 6 | AA18: Bharatiya Swajivi Nagrik Party | AB18: =+'Form20 '!G19 -> 1 | AC18: 7 | AD18: Aam Janta Party (India) | AE18: =+'Form20 '!H19 -> 0 | AF18: 8 | AG18: Janata Dal (United) | AH18: =+'Form20 '!I19 -> 0 | AI18: 9 | AJ18: All India Majlis-E-Ittehadul Muslimeen | AK18: =+'Form20 '!J19 -> 0 | AL18: 10 | AM18: Independent | AN18: =+'Form20 '!K19 -> 0 | AO18: 11 | AP18: Independent | AQ18: =+'Form20 '!L19 -> 1 | AR18: 12 | AS18: Independent | AT18: =+'Form20 '!M19 -> 2 | AU18: 13 | AV18: Independent | AW18: =+'Form20 '!N19 -> 3 | AX18: 14 | AY18: Independent | AZ18: =+'Form20 '!O19 -> 2 | BA18: =AZ18+AW18+AT18+AQ18+AN18+AK18+AH18+AE18+AB18+Y18+V18+S18+P18+M18 -> 486
... A439: 333 | B439: 433 | C439: P.P. KUDWA URF DILIPNAGAR GURAMHIYA ROOM NO-3 | D439: 963 | E439: 269 | F439: 320 | G439: 0 | H439: =E439+F439+G439 -> 589 | I439: 100 | J439: 0 | K439: 1 | L439: Bharatiya Janata Party | M439: =+'Form20 '!B440 -> 200 | N439: 2 | O439: Bahujan Samaj Party | P439: =+'Form20 '!C440 -> 9 | Q439: 3 | R439: Samajwadi Party | S439: =+'Form20 '!D440 -> 369 | T439: 4 | U439: Indian National Congress | V439: =+'Form20 '!E440 -> 4 | W439: 5 | X439: Aam Aadmi Party | Y439: =+'Form20 '!F440 -> 0 | Z439: 6 | AA439: Bharatiya Swajivi Nagrik Party | AB439: =+'Form20 '!G440 -> 0 | AC439: 7 | AD439: Aam Janta Party (India) | AE439: =+'Form20 '!H440 -> 1 | AF439: 8 | AG439: Janata Dal (United) | AH439: =+'Form20 '!I440 -> 0 | AI439: 9 | AJ439: All India Majlis-E-Ittehadul Muslimeen | AK439: =+'Form20 '!J440 -> 2 | AL439: 10 | AM439: Independent | AN439: =+'Form20 '!K440 -> 0 | AO439: 11 | AP439: Independent | AQ439: =+'Form20 '!L440 -> 0 | AR439: 12 | AS439: Independent | AT439: =+'Form20 '!M440 -> 1 | AU439: 13 | AV439: Independent | AW439: =+'Form20 '!N440 -> 1 | AX439: 14 | AY439: Independent | AZ439: =+'Form20 '!O440 -> 0 | BA439: =AZ439+AW439+AT439+AQ439+AN439+AK439+AH439+AE439+AB439+Y439+V439+S439+P439+M439 -> 587
B440: Total | D440: =SUM(D7:D439) -> 372828 | E440: =SUM(E7:E439) -> 103038 | F440: =SUM(F7:F439) -> 116629 | G440: =SUM(G7:G439) -> 1 | H440: =SUM(H7:H439) -> 219668 | I440: =SUM(I7:I439) -> 38481 | J440: =SUM(J7:J323) -> 0 | M440: =SUM(M7:M439) -> 114869 | P440: =SUM(P7:P439) -> 15994 | S440: =SUM(S7:S439) -> 79619 | V440: =SUM(V7:V439) -> 1468 | Y440: =SUM(Y7:Y439) -> 172 | AB440: =SUM(AB7:AB439) -> 157 | AE440: =SUM(AE7:AE439) -> 175 | AH440: =SUM(AH7:AH439) -> 350 | AK440: =SUM(AK7:AK439) -> 2789 | AN440: =SUM(AN7:AN439) -> 251 | AQ440: =SUM(AQ7:AQ439) -> 381 | AT440: =SUM(AT7:AT439) -> 556 | AW440: =SUM(AW7:AW439) -> 692 | AZ440: =SUM(AZ7:AZ439) -> 581 | BA440: =SUM(BA7:BA439) -> 218054
AT443: Returning Officer.
AT444: 333-Kushinagar Assembly Constitency
