Workbook
Name _GoBack: Constiuence!#REF!

Sheet Booth detail
A1: erns; LFky la0 | B1: 1 | C1: 2 | D1: 3 | E1: 4 | F1: 5 | G1: 6 | H1: 7 | I1: 8 | J1: 9 | K1: 10 | L1: 11 | M1: 12 | N1: 13 | O1: 14 | P1: 15 | Q1: 16 | R1: 17 | S1: 18 | T1: 19 | U1: 20 | V1: 21 | W1: 22 | X1: 23 | Y1: 24 | Z1: 25 | AA1: 26 | AB1: 27 | AC1: 28 | AD1: 29 | AE1: 30 | AF1: 31 | AG1: 32 | AH1: 33 | AI1: 34 | AJ1: 35 | AK1: 36 | AL1: 37 | AM1: 38 | AN1: 39 | AO1: 40 | AP1: 41 | AQ1: 42 | AR1: 43 | AS1: 44 | AT1: 45 | AU1: 46 | AV1: 47 | AW1: 48 | AX1: 49 | AY1: 50 | AZ1: 51 | BA1: 52 | BB1: 53 | BC1: 54 | BD1: 55 | BE1: 56 | BF1: 57 | BG1: 58 | BH1: 59 | BI1: 60 | BJ1: 61 | BK1: 62 | BL1: 63 | BM1: 64 | BN1: 65 | BO1: 66 | BP1: 67 | BQ1: 68 | BR1: 69 | BS1: 70 | BT1: 71 | BU1: 72 | BV1: 73 | BW1: 74 | BX1: 75 | BY1: 76 | BZ1: 77 | CA1: 78 | CB1: 79 | CC1: 80 | CD1: 81 | CE1: 82 | CF1: 83 | CG1: 84 | CH1: 85 | CI1: 86 | CJ1: 87 | CK1: 88 | CL1: 89 | CM1: 90 | CN1: 91 | CO1: 92 | CP1: 93 | CQ1: 94 | CR1: 95 | CS1: 96 | CT1: 97 | CU1: 98 | CV1: 99 | CW1: 100 | CX1: 101 | CY1: 102 | CZ1: 103 | DA1: 104 | DB1: 105 | DC1: 106 | DD1: 107 | DE1: 108 | DF1: 109 | DG1: 110 | DH1: 111 | DI1: 112 | DJ1: 113 | DK1: 114 | DL1: 115 | DM1: 116 | DN1: 117 | DO1: 118 | DP1: 119 | DQ1: 120 | DR1: 121 | DS1: 122 | DT1: 123 | DU1: 124 | DV1: 125 | DW1: 126 | DX1: 127 | DY1: 128 | DZ1: 129 | EA1: 130 | EB1: 131 | EC1: 132 | ED1: 133 | EE1: 134 | EF1: 135 | EG1: 136 | EH1: 137 | EI1: 138 | EJ1: 139 | EK1: 140 | EL1: 141 | EM1: 142 | EN1: 143 | EO1: 144 | EP1: 145 | EQ1: 146 | ER1: 147 | ES1: 148 | ET1: 149 | EU1: 150 | EV1: 151 | EW1: 152 | EX1: 153 | EY1: 154 | EZ1: 155 | FA1: 156 | FB1: 157 | FC1: 158 | FD1: 159 | FE1: 160 | FF1: 161 | FG1: 162 | FH1: 163 | FI1: 164 | FJ1: 165 | FK1: 166 | FL1: 167 | FM1: 168 | FN1: 169 | FO1: 170 | FP1: 171 | FQ1: 172 | FR1: 173 | FS1: 174 | FT1: 175 | FU1: 176 | FV1: 177 | FW1: 178 | FX1: 179 | FY1: 180 | FZ1: 181 | GA1: 182 | GB1: 183 | GC1: 184 | GD1: 185 | GE1: 186 | GF1: 187 | GG1: 188 | GH1: 189 | GI1: 190 | GJ1: 191 | GK1: 192 | GL1: 193 | GM1: 194 | GN1: 195 | GO1: 196 | GP1: 197 | GQ1: 198 | GR1: 199 | GS1: 200 | GT1: 201 | GU1: 202 | GV1: 203 | GW1: 204 | GX1: 205 | GY1: 206 | GZ1: 207 | HA1: 208 | HB1: 209 | HC1: 210 | HD1: 211 | HE1: 212 | HF1: 213 | HG1: 214 | HH1: 215 | HI1: 216 | HJ1: 217 | HK1: 218 | HL1: 219 | HM1: 220 | HN1: 221 | HO1: 222 | HP1: 223 | HQ1: 224 | HR1: 225 | HS1: 226 | HT1: 227 | HU1: 228 | HV1: 229 | HW1: 230 | HX1: 231 | HY1: 232 | HZ1: 233 | IA1: 234 | IB1: 235 | IC1: 236 | ID1: 237 | IE1: 238 | IF1: 239 | IG1: 240 | IH1: 241 | II1: 242 | IJ1: 243 | IK1: 244 | IL1: 245 | IM1: 246 | IN1: 247 | IO1: 248 | IP1: 249 | IQ1: 250 | IR1: 251 | IS1: 252 | IT1: 253 | IU1: 254 | IV1: 255 | IW1: 256 | IX1: 257 | IY1: 258 | IZ1: 259 | JA1: 260 | JB1: 261 | JC1: 262 | JD1: 263 | JE1: 264 | JF1: 265 | JG1: 266 | JH1: 267 | JI1: 268 | JJ1: 269 | JK1: 270 | JL1: 271 | JM1: 272 | JN1: 273 | JO1: 274 | JP1: 275 | JQ1: 276 | JR1: 277 | JS1: 278 | JT1: 279 | JU1: 280 | JV1: 281 | JW1: 282 | JX1: 283 | JY1: 284 | JZ1: 285 | KA1: 286 | KB1: 287 | KC1: 288 | KD1: 289 | KE1: 290 | KF1: 291 | KG1: 292 | KH1: 293 | KI1: 294 | KJ1: 295 | KK1: 296 | KL1: 297 | KM1: 298 | KN1: 299 | KO1: 300 | KP1: 301 | KQ1: 302 | KR1: 303 | KS1: 304 | KT1: 305 | KU1: 306 | KV1: 307 | KW1: 308 | KX1: 309 | KY1: 310 | KZ1: 311 | LA1: 312 | LB1: 313 | LC1: 314 | LD1: 315 | LE1: 316 | LF1: 317 | LG1: 318 | LH1: 319 | LI1: 320 | LJ1: 321 | LK1: 322 | LL1: 323 | LM1: 324 | LN1: 325 | LO1: 326 | LP1: 327 | LQ1: 328 | LR1: 329 | LS1: 330 | LT1: 331 | LU1: 332 | LV1: 333 | LW1: 334 | LX1: 335 | LY1: 336 | LZ1: 337 | MA1: 338 | MB1: 339 | MC1: 340 | MD1: 341 | ME1: 342 | MF1: 343 | MG1: 344 | MH1: 345 | MI1: 346 | MJ1: 347 | MK1: 348 | ML1: 349 | MM1: 350 | MN1: 351 | MO1: 352 | MP1: 353 | MQ1: 354 | MR1: 355 | MS1: 356 | MT1: 357 | MU1: 358 | MV1: 359 | MW1: 360 | MX1: 361 | MY1: 362 | MZ1: 363 | NA1: 364 | NB1: 365 | NC1: 366 | ND1: 367 | NE1: 368 | NF1: 369 | NG1: 370 | NH1: 371 | NI1: 372 | NJ1: 373 | NK1: 374 | NL1: 375 | NM1: 376 | NN1: 377 | NO1: 378 | NP1: 379 | NQ1: 380 | NR1: 381 | NS1: 382 | NT1: 383 | NU1: 384 | NV1: 385 | NW1: 386 | NX1: 387 | NY1: 388 | NZ1: 389 | OA1: 390 | OB1: 391 | OC1: 392 | OD1: 393 | OE1: 394 | OF1: 395 | OG1: 396 | OH1: 397 | OI1: 398 | OJ1: 399 | OK1: 400 | OL1: 401 | OM1: 402 | ON1: 403 | OO1: 404 | OP1: 405 | OQ1: 406 | OR1: 407 | OS1: 408 | OT1: 409 | OU1: 410 | OV1: 411 | OW1: 412 | OX1: 413 | OY1: 414 | OZ1: 415 | PA1: 416 | PB1: 417 | PC1: 418 | PD1: 419 | PE1: 420 | PF1: 421 | PG1: 422 | PH1: 423 | PI1: 424 | PJ1: 425 | PK1: 426 | PL1: 427 | PM1: 428 | PN1: 429 | PO1: 430 | PP1: 431 | PQ1: 432 | PR1: 433 | PS1: 434 | PT1: 435 | PU1: 436 | PV1: 437 | PW1: 438 | PX1: 439 | PY1: 440 | PZ1: 441 | QA1: 442 | QB1: 443 | QC1: 444 | QD1: 445 | QE1: 446 | QF1: 447 | QG1: 448 | QH1: 449 | QI1: 450 | QJ1: 451 | QK1: 452 | QL1: 453 | QM1: 454 | QN1: 455 | QO1: 456 | QP1: 457 | QQ1: 458 | QR1: 459 | QS1: 460 | QT1: 461 | QU1: 462 | QV1: 463 | QW1: 464 | QX1: 465 | QY1: 466 | QZ1: 467 | RA1: 468 | RB1: 469 | RC1: 470 | RD1: 471 | RE1: 472
A2: daVªksy ;wfuV dk dzekad | B2: ECUEC64547 | C2: ECUEC57499 | D2: ECUEC53812 | E2: ECUEC50315 | F2: ECUEC29676 | G2: ECUEC57702 | H2: ECUEC64518 | I2: ECUEC64882 | J2: ECUEC51429 | K2: ECUEC64809 | L2: ECUEC54951 | M2: ECUEC57760 | N2: ECUEC47766 | O2: ECUEC50174 | P2: ECUED29544 | Q2: ECUEC64240 | R2: ECUEC52847 | S2: ECUEC57886 | T2: ECUEC51183 | U2: ECUEC64330 | V2: ECUEC57577 | W2: ECUEC64629 | X2: ECUEC64669 | Y2: ECUEC67556 | Z2: ECUEC51902 | AA2: ECUEC64790 | AB2: ECUEC60441 | AC2: ECUEC67625 | AD2: ECUEC64718 | AE2: ECUEC57643 | AF2: ECUEC57935 | AG2: ECUEC67180 | AH2: ECUEC57289 | AI2: ECUEC54284 | AJ2: ECUED21486 | AK2: ECUEC67774 | AL2: ECUEC48866 | AM2: ECUEC51355 | AN2: ECUEC57759 | AO2: ECUEC64570 | AP2: ECUEC51140 | AQ2: ECUEC57058 | AR2: ECUEC57429 | AS2: ECUEC64461 | AT2: ECUEC64242 | AU2: ECUEC57867 | AV2: ECUEC47938 | AW2: ECUEC53960 | AX2: ECUEC51884 | AY2: ECUEC50064 | AZ2: ECUEC57178 | BA2: ECUED14258 | BB2: ECUEC98388 | BC2: ECUED21809 | BD2: ECUEC57567 | BE2: ECUEC57297 | BF2: ECUEC50673 | BG2: ECUEC99007 | BH2: ECUEC55794 | BI2: ECUEC64839 | BJ2: ECUEC50624 | BK2: ECUEC60741 | BL2: ECUEC48655 | BM2: ECUEC54259 | BN2: ECUEC64961 | BO2: ECUEC64716 | BP2: ECUED22273 | BQ2: ECUEC64702 | BR2: ECUEC50237 | BS2: ECUEC67331 | BT2: ECUEC64355 | BU2: ECUEC50447 | BV2: ECUED23454 | BW2: ECUEC57225 | BX2: ECUEC64757 | BY2: ECUEC63789 | BZ2: ECUEC67408 | CA2: ECUED29149 | CB2: ECUEC51904 | CC2: ECUEC60105 | CD2: ECUEC57485 / ECUEC63670 | CE2: ECUEC52549 | CF2: ECUEC67909 | CG2: ECUEC64732 | CH2: ECUEC64252 | CI2: ECUEC67125 | CJ2: ECUEC57795 | CK2: ECUEC47827 | CL2: ECUEC50087 | CM2: ECUEC67504 | CN2: ECUEC60070 | CO2: ECUEC57938 | CP2: ECUEC57505 | CQ2: ECUEC64592 | CR2: ECUEC64624 | CS2: ECUEC67463 | CT2: ECUEC50246 | CU2: ECUEC64335 | CV2: ECUEC50800 | CW2: ECUEC64174 | CX2: ECUEC64625 | CY2: ECUEC54532 | CZ2: ECUEC51602 | DA2: ECUEC64742 | DB2: ECUEC64386 | DC2: ECUEC50223 | DD2: ECUEC64230 | DE2: ECUEC57883 | DF2: ECUED12254 | DG2: ECUEC51702 | DH2: ECUEC50429 | DI2: ECUEC64957 | DJ2: ECUEC57163 | DK2: ECUEC67502 | DL2: ECUEC63888 | DM2: ECUED02101 | DN2: ECUEC67456 | DO2: ECUED24138 | DP2: ECUEC57426 | DQ2: ECUEC57993 | DR2: ECUEC52991 | DS2: ECUEC63859 | DT2: ECUEC67668 | DU2: ECUEC67678 | DV2: ECUEC50170 | DW2: ECUEC54579 | DX2: ECUEC52431 | DY2: ECUEC57502 | DZ2: ECUEC51550 | EA2: ECUEC57698 | EB2: ECUEC60514 | EC2: ECUED21253 | ED2: ECUEC60524 | EE2: ECUEC67407 | EF2: ECUEC60062 | EG2: ECUEC57652 | EH2: ECUED25812 | EI2: ECUEC47988 | EJ2: ECUEC57590 | EK2: ECUED23799 | EL2: ECUEC47912 | EM2: ECUEC50598 | EN2: ECUEC57424 | EO2: ECUEC57739 | EP2: ECUEC64634 | EQ2: ECUEC64357 | ER2: ECUEC64070 | ES2: ECUEC50122 | ET2: ECUEC53760 | EU2: ECUEC57820 | EV2: ECUED21469 | EW2: ECUEC54571 | EX2: ECUEC50155 | EY2: ECUEC63814 | EZ2: ECUEC54366 | FA2: ECUEC57675 | FB2: ECUEC50225 | FC2: ECUEC47949 | FD2: ECUED11571 | FE2: ECUEC60410 | FF2: ECUEC50691 | FG2: ECUEC50481 | FH2: ECUED21424 | FI2: ECUEC51559 | FJ2: ECUEC57450 | FK2: ECUEC59989 | FL2: ECUEC64692 | FM2: ECUEC59952 | FN2: ECUEC63064 | FO2: ECUEC67759 | FP2: ECUED14045 | FQ2: ECUED24195 | FR2: ECUEC50541 | FS2: ECUEC57578 | FT2: ECUEC57839 | FU2: ECUEC60568 | FV2: ECUEC64566 | FW2: ECUEC57483 | FX2: ECUEC64546 | FY2: ECUEC55334 | FZ2: ECUEC53874 | GA2: ECUEC47914 | GB2: ECUEC60157 | GC2: ECUEC52363 | GD2: ECUEC63596 | GE2: ECUEC51278 | GF2: ECUEC53730 | GG2: ECUEC57895 | GH2: ECUEC54526 | GI2: ECUEC64759 | GJ2: ECUEC57438 | GK2: ECUEC54425 | GL2: ECUEC48582 | GM2: ECUEC47873 | GN2: ECUEC64236 | GO2: ECUEC50613 | GP2: ECUEC54414 | GQ2: ECUEC55593 | GR2: ECUEC54765 | GS2: ECUEC57525 | GT2: ECUEC47872 | GU2: ECUEC48978 | GV2: ECUEC97810 | GW2: ECUEC57932 | GX2: ECUEC47418 | GY2: ECUEC51128 | GZ2: ECUEC67748 | HA2: ECUEC64854 | HB2: ECUED12136 | HC2: ECUEC57944 | HD2: ECUEC51620 | HE2: ECUED12152 | HF2: ECUEC67949 | HG2: ECUEC64903 | HH2: ECUEC60614 | HI2: ECUED25753 | HJ2: ECUEC64632 | HK2: ECUEC60494 | HL2: ECUEC50422 | HM2: ECUEC64964 | HN2: ECUEC67799 | HO2: ECUEC51379 | HP2: ECUEC64980 | HQ2: ECUEC48878 | HR2: ECUEC64930 | HS2: ECUEC57696 | HT2: ECUEC50396 | HU2: ECUED24545 | HV2: ECUEC98811 | HW2: ECUEC55905 | HX2: ECUED23064 | HY2: ECUEC67998 | HZ2: ECUEC60802 | IA2: ECUEC64474 | IB2: ECUEC67794 | IC2: ECUEC67480 | ID2: ECUED23861 | IE2: ECUED24516 | IF2: ECUEC64921 | IG2: ECUEC55735 | IH2: ECUEC51209 | II2: ECUED11340 | IJ2: ECUEC57677 | IK2: ECUEC64359 | IL2: ECUEC65059 | IM2: ECUEC47740 | IN2: ECUEC52588 | IO2: ECUEC50220 | IP2: ECUEC57713 | IQ2: ECUEC57831 | IR2: ECUED00162 | IS2: ECUEC50811 | IT2: ECUEC50097 | IU2: ECUED29579 | IV2: ECUEC67721 | IW2: ECUEC67421 | IX2: ECUEC60721 | IY2: ECUEC57492 | IZ2: ECUEC51172 | JA2: ECUEC57477 | JB2: ECUED29317 | JC2: ECUEC67413 | JD2: ECUEC54603 | JE2: ECUEC50943 | JF2: ECUEC64682 | JG2: ECUEC64193 | JH2: ECUEC47732 | JI2: ECUEC64545 | JJ2: ECUEC60295 | JK2: ECUEC50450 | JL2: ECUEC63782 | JM2: ECUEC60520 | JN2: ECUEC60347 | JO2: ECUEC53986 | JP2: ECUED29239 | JQ2: ECUEC47909 | JR2: ECUED29891 | JS2: ECUED21446 | JT2: ECUEC57122 | JU2: ECUEC47962 | JV2: ECUEC51319 | JW2: ECUEC51268 | JX2: ECUED23812 | JY2: ECUEC51177 | JZ2: ECUED29285 | KA2: ECUEC51296 | KB2: ECUEC67335 | KC2: ECUEC50126 | KD2: ECUEC52620 | KE2: ECUEC50745 | KF2: ECUEC50178 | KG2: ECUEC67981 | KH2: ECUEC48796 | KI2: ECUEC57308 | KJ2: ECUEC67959 | KK2: ECUEC52485 | KL2: ECUEC57980 | KM2: ECUEC57741 | KN2: ECUEC67245 | KO2: ECUEC53767 | KP2: ECUEC64418 | KQ2: ECUEC63590 | KR2: ECUEC60594 | KS2: ECUEC47807 | KT2: ECUEC52759 | KU2: ECUEC53030 | KV2: ECUEC57548 | KW2: ECUEC67570 | KX2: ECUED23406 | KY2: ECUEC50389 | KZ2: ECUED29938 | LA2: ECUEC67080 | LB2: ECUEC57948 | LC2: ECUEC60219 | LD2: ECUEC59978 | LE2: ECUEC57229 | LF2: ECUEC67321 | LG2: ECUEC67420 | LH2: ECUEC67662 | LI2: ECUED21857 | LJ2: ECUEC63674 | LK2: ECUEC48411 | LL2: ECUEC57211 | LM2: ECUEC50095 | LN2: ECUEC67425 | LO2: ECUED25095 | LP2: ECUED14315 | LQ2: ECUEC54024 | LR2: ECUED12259 | LS2: ECUEC57415 | LT2: ECUEC50653 | LU2: ECUEC64929 | LV2: ECUEC50532 | LW2: ECUEC67617 | LX2: ECUEC50648 | LY2: ECUEC51527 | LZ2: ECUED14247 | MA2: ECUED24989 | MB2: ECUEC47893 | MC2: ECUEC57922 | MD2: ECUEC67343 | ME2: ECUEC57766 | MF2: ECUEC64373 | MG2: ECUEC47955 | MH2: ECUEC63179 | MI2: ECUEC50102 | MJ2: ECUEC64794 | MK2: ECUEC67535 | ML2: ECUEC63678 | MM2: ECUEC60935 | MN2: ECUEC98675 | MO2: ECUED25020 | MP2: ECUEC54150 | MQ2: ECUEC64710 | MR2: ECUEC64688 | MS2: ECUED25211 | MT2: ECUEC57227 | MU2: ECUEC67560 | MV2: ECUED22276 | MW2: ECUEC64130 | MX2: ECUEC64605 | MY2: ECUEC55762 | MZ2: ECUEC64148 | NA2: ECUEC67055 | NB2: ECUEC57563 | NC2: ECUEC52102 | ND2: ECUEC63623 | NE2: ECUEC67765 | NF2: ECUEC50403 | NG2: ECUEC53743 | NH2: ECUEC64939 | NI2: ECUEC64382 | NJ2: ECUEC50604 | NK2: ECUED25639 | NL2: ECUED29128 | NM2: ECUEC51505 | NN2: ECUEC67087/ ECUED11300 | NO2: ECUEC64835 | NP2: ECUED07082 | NQ2: ECUEC57218 | NR2: ECUEC50427 | NS2: ECUED24881 | NT2: ECUED23652 | NU2: ECUEC64920 | NV2: ECUEC67567 | NW2: ECUEC52557 | NX2: ECUEC51064 | NY2: ECUEC60119 | NZ2: ECUEC57873 | OA2: ECUED25082 | OB2: ECUEC64714 | OC2: ECUEC64982 | OD2: ECUEC64918 | OE2: ECUEC60670 | OF2: ECUEC54129 | OG2: ECUEC53920 | OH2: ECUEC67991 | OI2: ECUED24951 | OJ2: ECUED22341 | OK2: ECUEC57188 | OL2: ECUEC64975 | OM2: ECUEC57890 | ON2: ECUEC50995 | OO2: ECUEC64841 | OP2: ECUEC64959 | OQ2: ECUEC67605 | OR2: ECUEC54320 | OS2: ECUEC57854 | OT2: ECUEC47765 | OU2: ECUEC54084 | OV2: ECUEC51365 | OW2: ECUEC67677 | OX2: ECUEC60730 | OY2: ECUEC57726 | OZ2: ECUED24121 | PA2: ECUEC50066 | PB2: ECUEC50830 | PC2: ECUEC51470 | PD2: ECUEC57513 | PE2: ECUEC98442 | PF2: ECUEC60554 | PG2: ECUEC57861 | PH2: ECUEC60579/ ECUEC50182 | PI2: ECUEC57413 | PJ2: ECUEC60978 | PK2: ECUEC64211 | PL2: ECUEC57673 | PM2: ECUEC51828 | PN2: ECUED15456 | PO2: ECUED00327 | PP2: ECUEC64621 | PQ2: ECUED24977 | PR2: ECUEC64559 | PS2: ECUEC50731 | PT2: ECUEC55092 | PU2: ECUEC67615 | PV2: ECUEC60321 | PW2: ECUEC51926 | PX2: ECUEC60411 | PY2: ECUED29348 | PZ2: ECUEC51109 | QA2: ECUEC51218 | QB2: ECUEC64764 | QC2: ECUEC47826 | QD2: ECUEC60232 | QE2: ECUEC64363 | QF2: ECUEC60434 | QG2: ECUED21381 | QH2: ECUEC47889 | QI2: ECUEC50338 | QJ2: ECUEC62436 | QK2: ECUED23646 | QL2: ECUEC57796 | QM2: ECUED21633 | QN2: ECUEC47381 | QO2: ECUEC57549 | QP2: ECUED24410 | QQ2: ECUEC50997 | QR2: ECUEC51091 | QS2: ECUEC64901 | QT2: ECUED25149 | QU2: ECUEC57961 | QV2: ECUEC50136 | QW2: ECUEC52283 | QX2: ECUEC60250 | QY2: ECUEC52333 | QZ2: ECUEC57779 | RA2: ECUEC54014 | RB2: ECUEC57638 | RC2: ECUEC50559 | RD2: ECUEC57405 | RE2: ECUEC67305
A3: dqy iMs er | B3: - | C3: - | D3: - | E3: - | F3: - | G3: - | H3: - | I3: - | J3: - | K3: - | L3: - | M3: - | N3: - | O3: - | P3: - | Q3: - | R3: - | S3: - | T3: - | U3: - | V3: - | W3: - | X3: - | Y3: - | Z3: - | AA3: - | AB3: - | AC3: - | AD3: - | AE3: - | AF3: - | AG3: - | AH3: - | AI3: - | AJ3: - | AK3: - | AL3: - | AM3: - | AN3: - | AO3: - | AP3: - | AQ3: - | AR3: - | AS3: - | AT3: - | AU3: - | AV3: - | AW3: - | AX3: - | AY3: - | AZ3: - | BA3: - | BB3: - | BC3: - | BD3: - | BE3: - | BF3: - | BG3: - | BH3: - | BI3: - | BJ3: - | BK3: - | BL3: - | BM3: - | BN3: - | BO3: - | BP3: - | BQ3: - | BR3: - | BS3: - | BT3: - | BU3: - | BV3: - | BW3: - | BX3: - | BY3: - | BZ3: - | CA3: - | CB3: - | CC3: - | CD3: - | CE3: - | CF3: - | CG3: - | CH3: - | CI3: - | CJ3: - | CK3: - | CL3: - | CM3: - | CN3: - | CO3: - | CP3: - | CQ3: - | CR3: - | CS3: - | CT3: - | CU3: - | CV3: - | CW3: - | CX3: - | CY3: - | CZ3: - | DA3: - | DB3: - | DC3: - | DD3: - | DE3: - | DF3: - | DG3: - | DH3: - | DI3: - | DJ3: - | DK3: - | DL3: - | DM3: - | DN3: - | DO3: - | DP3: - | DQ3: - | DR3: - | DS3: - | DT3: - | DU3: - | DV3: - | DW3: - | DX3: - | DY3: - | DZ3: - | EA3: - | EB3: - | EC3: - | ED3: - | EE3: - | EF3: - | EG3: - | EH3: - | EI3: - | EJ3: - | EK3: - | EL3: - | EM3: - | EN3: - | EO3: - | EP3: - | EQ3: - | ER3: - | ES3: - | ET3: - | EU3: - | EV3: - | EW3: - | EX3: - | EY3: - | EZ3: - | FA3: - | FB3: - | FC3: - | FD3: - | FE3: - | FF3: - | FG3: - | FH3: - | FI3: - | FJ3: - | FK3: - | FL3: - | FM3: - | FN3: - | FO3: - | FP3: - | FQ3: - | FR3: - | FS3: - | FT3: - | FU3: - | FV3: - | FW3: - | FX3: - | FY3: - | FZ3: - | GA3: - | GB3: - | GC3: - | GD3: - | GE3: - | GF3: - | GG3: - | GH3: - | GI3: - | GJ3: - | GK3: - | GL3: - | GM3: - | GN3: - | GO3: - | GP3: - | GQ3: - | GR3: - | GS3: - | GT3: - | GU3: - | GV3: - | GW3: - | GX3: - | GY3: - | GZ3: - | HA3: - | HB3: - | HC3: - | HD3: - | HE3: - | HF3: - | HG3: - | HH3: - | HI3: - | HJ3: - | HK3: - | HL3: - | HM3: - | HN3: - | HO3: - | HP3: - | HQ3: - | HR3: - | HS3: - | HT3: - | HU3: - | HV3: - | HW3: - | HX3: - | HY3: - | HZ3: - | IA3: - | IB3: - | IC3: - | ID3: - | IE3: - | IF3: - | IG3: - | IH3: - | II3: - | IJ3: - | IK3: - | IL3: - | IM3: - | IN3: - | IO3: - | IP3: - | IQ3: - | IR3: - | IS3: - | IT3: - | IU3: - | IV3: - | IW3: - | IX3: - | IY3: - | IZ3: - | JA3: - | JB3: - | JC3: - | JD3: - | JE3: - | JF3: - | JG3: - | JH3: - | JI3: - | JJ3: - | JK3: - | JL3: - | JM3: - | JN3: - | JO3: - | JP3: - | JQ3: - | JR3: - | JS3: - | JT3: - | JU3: - | JV3: - | JW3: - | JX3: - | JY3: - | JZ3: - | KA3: - | KB3: - | KC3: - | KD3: - | KE3: - | KF3: - | KG3: - | KH3: - | KI3: - | KJ3: - | KK3: - | KL3: - | KM3: - | KN3: - | KO3: - | KP3: - | KQ3: - | KR3: - | KS3: - | KT3: - | KU3: - | KV3: - | KW3: - | KX3: - | KY3: - | KZ3: - | LA3: - | LB3: - | LC3: - | LD3: - | LE3: - | LF3: - | LG3: - | LH3: - | LI3: - | LJ3: - | LK3: - | LL3: - | LM3: - | LN3: - | LO3: - | LP3: - | LQ3: - | LR3: - | LS3: - | LT3: - | LU3: - | LV3: - | LW3: - | LX3: - | LY3: - | LZ3: - | MA3: - | MB3: - | MC3: - | MD3: - | ME3: - | MF3: - | MG3: - | MH3: - | MI3: - | MJ3: - | MK3: - | ML3: - | MM3: - | MN3: - | MO3: - | MP3: - | MQ3: - | MR3: - | MS3: - | MT3: - | MU3: - | MV3: - | MW3: - | MX3: - | MY3: - | MZ3: - | NA3: - | NB3: - | NC3: - | ND3: - | NE3: - | NF3: - | NG3: - | NH3: - | NI3: - | NJ3: - | NK3: - | NL3: - | NM3: - | NN3: - | NO3: - | NP3: - | NQ3: - | NR3: - | NS3: - | NT3: - | NU3: - | NV3: - | NW3: - | NX3: - | NY3: - | NZ3: - | OA3: - | OB3: - | OC3: - | OD3: - | OE3: - | OF3: - | OG3: - | OH3: - | OI3: - | OJ3: - | OK3: - | OL3: - | OM3: - | ON3: - | OO3: - | OP3: - | OQ3: - | OR3: - | OS3: - | OT3: - | OU3: - | OV3: - | OW3: - | OX3: - | OY3: - | OZ3: - | PA3: - | PB3: - | PC3: - | PD3: - | PE3: - | PF3: - | PG3: - | PH3: - | PI3: - | PJ3: - | PK3: - | PL3: - | PM3: - | PN3: - | PO3: - | PP3: - | PQ3: - | PR3: - | PS3: - | PT3: - | PU3: - | PV3: - | PW3: - | PX3: - | PY3: - | PZ3: - | QA3: - | QB3: - | QC3: - | QD3: - | QE3: - | QF3: - | QG3: - | QH3: - | QI3: - | QJ3: - | QK3: - | QL3: - | QM3: - | QN3: - | QO3: - | QP3: - | QQ3: - | QR3: - | QS3: - | QT3: - | QU3: - | QV3: - | QW3: - | QX3: - | QY3: - | QZ3: - | RA3: - | RB3: - | RC3: - | RD3: - | RE3: -

Sheet Candidate List
A1: SI | B1: Name of Candidate
A2: 1 | B2: Manveer Singh
A3: 2 | B3: Rahul Yadav
A4: 3 | B4: Lakshmi Raj
A5: 4 | B5: Saleem Akhtar Khan
A6: 5 | B6: Ajay Kumar
A7: 6 | B7: Ajay Kumar Sharma
A8: 7 | B8: Amit Singh Tomar
A9: 8 | B9: Darshan Sharma
A10: 9 | B10: Dilshad Ahmad
A11: 10 | B11: Raju Thakur
A12: 11 | B12: Bablu
A13: 12 | B13: NOTA

Sheet Constiuence
A1: Annexure for tabulating round-wise figures (Refer Para 27)
A2: Number & Name of Constituency - 64-Sikandrabad | K2: Round No.1 | P2: Date | R2: 44630
A3: Table No. | C3: 1 | D3: 2 | E3: 3 | F3: 4 | G3: 5 | H3: 6 | I3: 7 | J3: 8 | K3: 9 | L3: 10 | M3: 11 | N3: 12 | O3: 13 | P3: 14 | Q3: Total | R3: Brought from Previous Round | S3: Cummulative Total
A4: Polling Booth No. | C4: ='Booth detail'!B1 -> 1 | D4: ='Booth detail'!C1 -> 2 | E4: ='Booth detail'!D1 -> 3 | F4: ='Booth detail'!E1 -> 4 | G4: ='Booth detail'!F1 -> 5 | H4: ='Booth detail'!G1 -> 6 | I4: ='Booth detail'!H1 -> 7 | J4: ='Booth detail'!I1 -> 8 | ... P4: ='Booth detail'!O1 -> 14
A5: Control Unit No. | C5: ='Booth detail'!B2 -> ECUEC64547 | D5: ='Booth detail'!C2 -> ECUEC57499 | E5: ='Booth detail'!D2 -> ECUEC53812 | F5: ='Booth detail'!E2 -> ECUEC50315 | G5: ='Booth detail'!F2 -> ECUEC29676 | H5: ='Booth detail'!G2 -> ECUEC57702 | I5: ='Booth detail'!H2 -> ECUEC64518 | J5: ='Booth detail'!I2 -> ECUEC64882 | ... P5: ='Booth detail'!O2 -> ECUEC50174
A6: Number of Electors assigned to the polling Station | C6: ='Booth detail'!B3 -> - | D6: ='Booth detail'!C3 -> - | E6: ='Booth detail'!D3 -> - | F6: ='Booth detail'!E3 -> - | G6: ='Booth detail'!F3 -> - | H6: ='Booth detail'!G3 -> - | I6: ='Booth detail'!H3 -> - | J6: ='Booth detail'!I3 -> - | ... P6: ='Booth detail'!O3 -> -
A7: SI | B7: Name of Candidate | C7: - | D7: - | E7: - | F7: - | G7: - | H7: - | I7: - | J7: - | K7: - | L7: - | M7: - | N7: - | O7: - | P7: -
A8: ='Candidate List'!A2 -> 1 | B8: ='Candidate List'!B2 -> Manveer Singh | C8: 2 | D8: 48 | E8: 89 | F8: 94 | G8: 31 | H8: 30 | I8: 115 | J8: 38 | K8: 12 | L8: 65 | M8: 151 | N8: 29 | O8: 16 | P8: 40 | Q8: =SUM(C8:P8) -> 760 | R8: 0 | S8: =Q8+R8 -> 760
A9: ='Candidate List'!A3 -> 2 | B9: ='Candidate List'!B3 -> Rahul Yadav | C9: 599 | D9: 440 | E9: 15 | F9: 275 | G9: 306 | H9: 7 | I9: 16 | J9: 45 | K9: 46 | L9: 85 | M9: 48 | N9: 79 | O9: 110 | P9: 103 | Q9: =SUM(C9:P9) -> 2174 | R9: 0 | S9: =Q9+R9 -> 2174
A10: ='Candidate List'!A4 -> 3 | B10: ='Candidate List'!B4 -> Lakshmi Raj | C10: 18 | D10: 42 | E10: 161 | F10: 34 | G10: 43 | H10: 342 | I10: 226 | J10: 254 | K10: 385 | L10: 210 | M10: 197 | N10: 282 | O10: 421 | P10: 282 | Q10: =SUM(C10:P10) -> 2897 | R10: 0 | S10: =Q10+R10 -> 2897
A11: ='Candidate List'!A5 -> 4 | B11: ='Candidate List'!B5 -> Saleem Akhtar Khan | C11: 3 | D11: 3 | E11: 1 | F11: 3 | G11: 3 | H11: 5 | I11: 3 | J11: 5 | K11: 2 | L11: 4 | M11: 3 | N11: 3 | O11: 0 | P11: 8 | Q11: =SUM(C11:P11) -> 46 | R11: 0 | S11: =Q11+R11 -> 46
A12: ='Candidate List'!A6 -> 5 | B12: ='Candidate List'!B6 -> Ajay Kumar | C12: 0 | D12: 1 | E12: 0 | F12: 2 | G12: 0 | H12: 7 | I12: 1 | J12: 2 | K12: 1 | L12: 1 | M12: 1 | N12: 1 | O12: 0 | P12: 12 | Q12: =SUM(C12:P12) -> 29 | R12: 0 | S12: =Q12+R12 -> 29
A13: ='Candidate List'!A7 -> 6 | B13: ='Candidate List'!B7 -> Ajay Kumar Sharma | C13: 0 | D13: 0 | E13: 0 | F13: 1 | G13: 0 | H13: 1 | I13: 2 | J13: 0 | K13: 0 | L13: 0 | M13: 0 | N13: 0 | O13: 0 | P13: 1 | Q13: =SUM(C13:P13) -> 5 | R13: 0 | S13: =Q13+R13 -> 5
A14: ='Candidate List'!A8 -> 7 | B14: ='Candidate List'!B8 -> Amit Singh Tomar | C14: 0 | D14: 1 | E14: 0 | F14: 1 | G14: 1 | H14: 1 | I14: 0 | J14: 0 | K14: 0 | L14: 0 | M14: 0 | N14: 0 | O14: 1 | P14: 0 | Q14: =SUM(C14:P14) -> 5 | R14: 0 | S14: =Q14+R14 -> 5
A15: ='Candidate List'!A9 -> 8 | B15: ='Candidate List'!B9 -> Darshan Sharma | C15: 0 | D15: 1 | E15: 0 | F15: 0 | G15: 2 | H15: 1 | I15: 5 | J15: 1 | K15: 1 | L15: 0 | M15: 0 | N15: 0 | O15: 1 | P15: 0 | Q15: =SUM(C15:P15) -> 12 | R15: 0 | S15: =Q15+R15 -> 12
A16: ='Candidate List'!A10 -> 9 | B16: ='Candidate List'!B10 -> Dilshad Ahmad | C16: 6 | D16: 5 | E16: 0 | F16: 56 | G16: 48 | H16: 0 | I16: 1 | J16: 0 | K16: 0 | L16: 2 | M16: 0 | N16: 0 | O16: 0 | P16: 0 | Q16: =SUM(C16:P16) -> 118 | R16: 0 | S16: =Q16+R16 -> 118
A17: ='Candidate List'!A11 -> 10 | B17: ='Candidate List'!B11 -> Raju Thakur | C17: 2 | D17: 2 | E17: 2 | F17: 5 | G17: 2 | H17: 2 | I17: 2 | J17: 1 | K17: 3 | L17: 1 | M17: 1 | N17: 3 | O17: 2 | P17: 2 | Q17: =SUM(C17:P17) -> 30 | R17: 0 | S17: =Q17+R17 -> 30
A18: ='Candidate List'!A12 -> 11 | B18: ='Candidate List'!B12 -> Bablu | C18: 0 | D18: 3 | E18: 0 | F18: 0 | G18: 1 | H18: 1 | I18: 1 | J18: 1 | K18: 2 | L18: 0 | M18: 0 | N18: 1 | O18: 1 | P18: 0 | Q18: =SUM(C18:P18) -> 11 | R18: 0 | S18: =Q18+R18 -> 11
A19: ='Candidate List'!A13 -> 12 | B19: ='Candidate List'!B13 -> NOTA | C19: 2 | D19: 1 | E19: 0 | F19: 3 | G19: 4 | H19: 2 | I19: 0 | J19: 8 | K19: 1 | L19: 0 | M19: 4 | N19: 0 | O19: 1 | P19: 1 | Q19: =SUM(C19:P19) -> 27 | R19: 0 | S19: =Q19+R19 -> 27
A20: Rejected Votes | C20: 0 | D20: 0 | E20: 0 | F20: 0 | G20: 0 | H20: 0 | I20: 0 | J20: 0 | K20: 0 | L20: 0 | M20: 0 | N20: 0 | O20: 0 | P20: 0 | Q20: =SUM(C20:P20) -> 0 | R20: 0 | S20: =Q20+R20 -> 0
A21: Total Votes | C21: =SUM(C8:C20) -> 632 | D21: =SUM(D8:D20) -> 547 | E21: =SUM(E8:E20) -> 268 | F21: =SUM(F8:F20) -> 474 | G21: =SUM(G8:G20) -> 441 | H21: =SUM(H8:H20) -> 399 | I21: =SUM(I8:I20) -> 372 | J21: =SUM(J8:J20) -> 355 | ... P21: =SUM(P8:P20) -> 449 | Q21: =SUM(C21:P21) -> 6114 | R21: 0 | S21: =Q21+R21 -> 6114
C23: Initial of RO | D23: Initial of RO | E23: Initial of RO | F23: Initial of RO | G23: Initial of RO | H23: Initial of RO | I23: Initial of RO | J23: Initial of RO | K23: Initial of RO | L23: Initial of RO | M23: Initial of RO | N23: Initial of RO | O23: Initial of RO | P23: Initial of RO | Q23: Initial of RO | R23: Initial of RO | S23: Initial of RO
C25: Initial of observer | D25: Initial of observer | E25: Initial of observer | F25: Initial of observer | G25: Initial of observer | H25: Initial of observer | I25: Initial of observer | J25: Initial of observer | K25: Initial of observer | L25: Initial of observer | M25: Initial of observer | N25: Initial of observer | O25: Initial of observer | P25: Initial of observer | Q25: Initial of observer | R25: Initial of observer | S25: Initial of observer
A27: Important :- | C27: 1. All overwritings/cuttings should be certified by observer.
C28: 2. Polling station number whose votes are counted should be indicated below the table number.
C29: 3. The EVM (CU) no. used in the polling station will be specifically verified and tick marked by the form Part II of 17C
C30: 4. A copy of this is to be kept by observer in a separate folder for cross checking later.
A33: Annexure for tabulating round-wise figures (Refer Para 27)
A34: Number & Name of Constituency - 64-Sikandrabad | K34: Round No.2 | P34: Date | R34: 44630
A35: Table No. | C35: 1 | D35: 2 | E35: 3 | F35: 4 | G35: 5 | H35: 6 | I35: 7 | J35: 8 | K35: 9 | L35: 10 | M35: 11 | N35: 12 | O35: 13 | P35: 14 | Q35: Total | R35: Brought from Previous Round | S35: Cummulative Total
A36: Polling Booth No. | C36: ='Booth detail'!P1 -> 15 | D36: ='Booth detail'!Q1 -> 16 | E36: ='Booth detail'!R1 -> 17 | F36: ='Booth detail'!S1 -> 18 | G36: ='Booth detail'!T1 -> 19 | H36: ='Booth detail'!U1 -> 20 | I36: ='Booth detail'!V1 -> 21 | J36: ='Booth detail'!W1 -> 22 | ... P36: ='Booth detail'!AC1 -> 28
A37: Control Unit No. | C37: ='Booth detail'!P2 -> ECUED29544 | D37: ='Booth detail'!Q2 -> ECUEC64240 | E37: ='Booth detail'!R2 -> ECUEC52847 | F37: ='Booth detail'!S2 -> ECUEC57886 | G37: ='Booth detail'!T2 -> ECUEC51183 | H37: ='Booth detail'!U2 -> ECUEC64330 | I37: ='Booth detail'!V2 -> ECUEC57577 | J37: ='Booth detail'!W2 -> ECUEC64629 | ... P37: ='Booth detail'!AC2 -> ECUEC67625
A38: Number of Electors assigned to the polling Station | C38: ='Booth detail'!P3 -> - | D38: ='Booth detail'!Q3 -> - | E38: ='Booth detail'!R3 -> - | F38: ='Booth detail'!S3 -> - | G38: ='Booth detail'!T3 -> - | H38: ='Booth detail'!U3 -> - | I38: ='Booth detail'!V3 -> - | J38: ='Booth detail'!W3 -> - | ... P38: ='Booth detail'!AC3 -> -
A39: SI | B39: Name of Candidate | C39: - | D39: - | E39: - | F39: - | G39: - | H39: - | I39: - | J39: - | K39: - | L39: - | M39: - | N39: - | O39: - | P39: -
A40: 1 | B40: ='Candidate List'!B2 -> Manveer Singh | C40: 120 | D40: 81 | E40: 1 | F40: 3 | G40: 113 | H40: 4 | I40: 29 | J40: 255 | K40: 58 | L40: 134 | M40: 3 | N40: 303 | O40: 12 | P40: 16 | Q40: =SUM(C40:P40) -> 1132 | R40: =S8 -> 760 | S40: =Q40+R40 -> 1892
A41: 2 | B41: ='Candidate List'!B3 -> Rahul Yadav | C41: 241 | D41: 200 | E41: 380 | F41: 470 | G41: 212 | H41: 96 | I41: 258 | J41: 120 | K41: 29 | L41: 182 | M41: 384 | N41: 100 | O41: 122 | P41: 105 | Q41: =SUM(C41:P41) -> 2899 | R41: =S9 -> 2174 | S41: =Q41+R41 -> 5073
A42: 3 | B42: ='Candidate List'!B4 -> Lakshmi Raj | C42: 84 | D42: 55 | E42: 45 | F42: 8 | G42: 75 | H42: 398 | I42: 262 | J42: 210 | K42: 336 | L42: 150 | M42: 37 | N42: 147 | O42: 326 | P42: 514 | Q42: =SUM(C42:P42) -> 2647 | R42: =S10 -> 2897 | S42: =Q42+R42 -> 5544
A43: 4 | B43: ='Candidate List'!B5 -> Saleem Akhtar Khan | C43: 4 | D43: 1 | E43: 37 | F43: 31 | G43: 13 | H43: 5 | I43: 6 | J43: 1 | K43: 3 | L43: 10 | M43: 9 | N43: 1 | O43: 3 | P43: 8 | Q43: =SUM(C43:P43) -> 132 | R43: =S11 -> 46 | S43: =Q43+R43 -> 178
A44: 5 | B44: ='Candidate List'!B6 -> Ajay Kumar | C44: 1 | D44: 0 | E44: 1 | F44: 0 | G44: 1 | H44: 0 | I44: 0 | J44: 0 | K44: 0 | L44: 1 | M44: 0 | N44: 1 | O44: 0 | P44: 0 | Q44: =SUM(C44:P44) -> 5 | R44: =S12 -> 29 | S44: =Q44+R44 -> 34
A45: 6 | B45: ='Candidate List'!B7 -> Ajay Kumar Sharma | C45: 0 | D45: 0 | E45: 0 | F45: 0 | G45: 0 | H45: 0 | I45: 0 | J45: 0 | K45: 1 | L45: 0 | M45: 0 | N45: 0 | O45: 0 | P45: 0 | Q45: =SUM(C45:P45) -> 1 | R45: =S13 -> 5 | S45: =Q45+R45 -> 6
A46: 7 | B46: ='Candidate List'!B8 -> Amit Singh Tomar | C46: 0 | D46: 0 | E46: 0 | F46: 0 | G46: 0 | H46: 0 | I46: 0 | J46: 0 | K46: 0 | L46: 3 | M46: 0 | N46: 2 | O46: 0 | P46: 0 | Q46: =SUM(C46:P46) -> 5 | R46: =S14 -> 5 | S46: =Q46+R46 -> 10
A47: 8 | B47: ='Candidate List'!B9 -> Darshan Sharma | C47: 0 | D47: 1 | E47: 0 | F47: 0 | G47: 0 | H47: 1 | I47: 0 | J47: 0 | K47: 1 | L47: 1 | M47: 0 | N47: 3 | O47: 3 | P47: 0 | Q47: =SUM(C47:P47) -> 10 | R47: =S15 -> 12 | S47: =Q47+R47 -> 22
A48: 9 | B48: ='Candidate List'!B10 -> Dilshad Ahmad | C48: 7 | D48: 0 | E48: 0 | F48: 4 | G48: 5 | H48: 0 | I48: 2 | J48: 0 | K48: 0 | L48: 11 | M48: 6 | N48: 0 | O48: 3 | P48: 0 | Q48: =SUM(C48:P48) -> 38 | R48: =S16 -> 118 | S48: =Q48+R48 -> 156
A49: 10 | B49: ='Candidate List'!B11 -> Raju Thakur | C49: 1 | D49: 1 | E49: 3 | F49: 0 | G49: 1 | H49: 0 | I49: 2 | J49: 2 | K49: 2 | L49: 5 | M49: 1 | N49: 0 | O49: 8 | P49: 2 | Q49: =SUM(C49:P49) -> 28 | R49: =S17 -> 30 | S49: =Q49+R49 -> 58
A50: 11 | B50: ='Candidate List'!B12 -> Bablu | C50: 1 | D50: 1 | E50: 4 | F50: 1 | G50: 1 | H50: 0 | I50: 0 | J50: 1 | K50: 1 | L50: 1 | M50: 0 | N50: 1 | O50: 0 | P50: 0 | Q50: =SUM(C50:P50) -> 12 | R50: =S18 -> 11 | S50: =Q50+R50 -> 23
A51: 12 | B51: ='Candidate List'!B13 -> NOTA | C51: 0 | D51: 4 | E51: 2 | F51: 1 | G51: 3 | H51: 1 | I51: 2 | J51: 0 | K51: 2 | L51: 6 | M51: 0 | N51: 5 | O51: 1 | P51: 3 | Q51: =SUM(C51:P51) -> 30 | R51: =S19 -> 27 | S51: =Q51+R51 -> 57
A52: Rejected Votes | C52: 0 | D52: 0 | E52: 0 | F52: 0 | G52: 0 | H52: 0 | I52: 0 | J52: 0 | K52: 0 | L52: 0 | M52: 0 | N52: 0 | O52: 0 | P52: 0 | Q52: =SUM(C52:P52) -> 0 | R52: =S20 -> 0 | S52: =Q52+R52 -> 0
A53: Total Votes | C53: =SUM(C40:C52) -> 459 | D53: =SUM(D40:D52) -> 344 | E53: =SUM(E40:E52) -> 473 | F53: =SUM(F40:F52) -> 518 | G53: =SUM(G40:G52) -> 424 | H53: =SUM(H40:H52) -> 505 | I53: =SUM(I40:I52) -> 561 | J53: =SUM(J40:J52) -> 589 | ... P53: =SUM(P40:P52) -> 648 | Q53: =SUM(C53:P53) -> 6939 | R53: =S21 -> 6114 | S53: =Q53+R53 -> 13053
C55: Initial of RO | D55: Initial of RO | E55: Initial of RO | F55: Initial of RO | G55: Initial of RO | H55: Initial of RO | I55: Initial of RO | J55: Initial of RO | K55: Initial of RO | L55: Initial of RO | M55: Initial of RO | N55: Initial of RO | O55: Initial of RO | P55: Initial of RO | Q55: Initial of RO | R55: Initial of RO | S55: Initial of RO
C57: Initial of observer | D57: Initial of observer | E57: Initial of observer | F57: Initial of observer | G57: Initial of observer | H57: Initial of observer | I57: Initial of observer | J57: Initial of observer | K57: Initial of observer | L57: Initial of observer | M57: Initial of observer | N57: Initial of observer | O57: Initial of observer | P57: Initial of observer | Q57: Initial of observer | R57: Initial of observer | S57: Initial of observer
A59: Important :- | C59: 1. All overwritings/cuttings should be certified by observer.
C60: 2. Polling station number whose votes are counted should be indicated below the table number.
C61: 3. The EVM (CU) no. used in the polling station will be specifically verified and tick marked by the form Part II of 17C
C62: 4. A copy of this is to be kept by observer in a separate folder for cross checking later.
A66: Annexure for tabulating round-wise figures (Refer Para 27)
A67: Number & Name of Constituency - 64-Sikandrabad | K67: Round No.3 | P67: Date | R67: 44630
A68: Table No. | C68: 1 | D68: 2 | E68: 3 | F68: 4 | G68: 5 | H68: 6 | I68: 7 | J68: 8 | K68: 9 | L68: 10 | M68: 11 | N68: 12 | O68: 13 | P68: 14 | Q68: Total | R68: Brought from Previous Round | S68: Cummulative Total
A69: Polling Booth No. | C69: ='Booth detail'!AD1 -> 29 | D69: ='Booth detail'!AE1 -> 30 | E69: ='Booth detail'!AF1 -> 31 | F69: ='Booth detail'!AG1 -> 32 | G69: ='Booth detail'!AH1 -> 33 | H69: ='Booth detail'!AI1 -> 34 | I69: ='Booth detail'!AJ1 -> 35 | J69: ='Booth detail'!AK1 -> 36 | ... P69: ='Booth detail'!AQ1 -> 42
A70: Control Unit No. | C70: ='Booth detail'!AD2 -> ECUEC64718 | D70: ='Booth detail'!AE2 -> ECUEC57643 | E70: ='Booth detail'!AF2 -> ECUEC57935 | F70: ='Booth detail'!AG2 -> ECUEC67180 | G70: ='Booth detail'!AH2 -> ECUEC57289 | H70: ='Booth detail'!AI2 -> ECUEC54284 | I70: ='Booth detail'!AJ2 -> ECUED21486 | J70: ='Booth detail'!AK2 -> ECUEC67774 | ... P70: ='Booth detail'!AQ2 -> ECUEC57058
A71: Number of Electors assigned to the polling Station | C71: ='Booth detail'!AD3 -> - | D71: ='Booth detail'!AE3 -> - | E71: ='Booth detail'!AF3 -> - | F71: ='Booth detail'!AG3 -> - | G71: ='Booth detail'!AH3 -> - | H71: ='Booth detail'!AI3 -> - | I71: ='Booth detail'!AJ3 -> - | J71: ='Booth detail'!AK3 -> - | ... P71: ='Booth detail'!AQ3 -> -
A72: SI | B72: Name of Candidate | C72: - | D72: - | E72: - | F72: - | G72: - | H72: - | I72: - | J72: - | K72: - | L72: - | M72: - | N72: - | O72: - | P72: -
A73: 1 | B73: ='Candidate List'!B2 -> Manveer Singh | C73: 9 | D73: 125 | E73: 41 | F73: 4 | G73: 5 | H73: 65 | I73: 5 | J73: 4 | K73: 2 | L73: 59 | M73: 51 | N73: 74 | O73: 227 | P73: 168 | Q73: =SUM(C73:P73) -> 839 | R73: =S40 -> 1892 | S73: =Q73+R73 -> 2731
A74: 2 | B74: ='Candidate List'!B3 -> Rahul Yadav | C74: 122 | D74: 44 | E74: 77 | F74: 634 | G74: 397 | H74: 461 | I74: 546 | J74: 438 | K74: 620 | L74: 300 | M74: 180 | N74: 168 | O74: 175 | P74: 71 | Q74: =SUM(C74:P74) -> 4233 | R74: =S41 -> 5073 | S74: =Q74+R74 -> 9306
A75: 3 | B75: ='Candidate List'!B4 -> Lakshmi Raj | C75: 538 | D75: 289 | E75: 392 | F75: 15 | G75: 12 | H75: 30 | I75: 51 | J75: 69 | K75: 48 | L75: 299 | M75: 325 | N75: 484 | O75: 261 | P75: 411 | Q75: =SUM(C75:P75) -> 3224 | R75: =S42 -> 5544 | S75: =Q75+R75 -> 8768
A76: 4 | B76: ='Candidate List'!B5 -> Saleem Akhtar Khan | C76: 4 | D76: 5 | E76: 3 | F76: 10 | G76: 78 | H76: 39 | I76: 28 | J76: 14 | K76: 17 | L76: 1 | M76: 6 | N76: 5 | O76: 3 | P76: 9 | Q76: =SUM(C76:P76) -> 222 | R76: =S43 -> 178 | S76: =Q76+R76 -> 400
A77: 5 | B77: ='Candidate List'!B6 -> Ajay Kumar | C77: 0 | D77: 1 | E77: 0 | F77: 0 | G77: 1 | H77: 1 | I77: 1 | J77: 0 | K77: 1 | L77: 1 | M77: 1 | N77: 1 | O77: 1 | P77: 5 | Q77: =SUM(C77:P77) -> 14 | R77: =S44 -> 34 | S77: =Q77+R77 -> 48
A78: 6 | B78: ='Candidate List'!B7 -> Ajay Kumar Sharma | C78: 0 | D78: 1 | E78: 0 | F78: 0 | G78: 0 | H78: 0 | I78: 0 | J78: 0 | K78: 0 | L78: 0 | M78: 0 | N78: 0 | O78: 0 | P78: 0 | Q78: =SUM(C78:P78) -> 1 | R78: =S45 -> 6 | S78: =Q78+R78 -> 7
A79: 7 | B79: ='Candidate List'!B8 -> Amit Singh Tomar | C79: 0 | D79: 1 | E79: 0 | F79: 0 | G79: 1 | H79: 0 | I79: 0 | J79: 0 | K79: 0 | L79: 1 | M79: 2 | N79: 3 | O79: 1 | P79: 1 | Q79: =SUM(C79:P79) -> 10 | R79: =S46 -> 10 | S79: =Q79+R79 -> 20
A80: 8 | B80: ='Candidate List'!B9 -> Darshan Sharma | C80: 0 | D80: 0 | E80: 1 | F80: 0 | G80: 0 | H80: 7 | I80: 0 | J80: 0 | K80: 0 | L80: 3 | M80: 0 | N80: 3 | O80: 2 | P80: 0 | Q80: =SUM(C80:P80) -> 16 | R80: =S47 -> 22 | S80: =Q80+R80 -> 38
A81: 9 | B81: ='Candidate List'!B10 -> Dilshad Ahmad | C81: 0 | D81: 2 | E81: 0 | F81: 1 | G81: 16 | H81: 11 | I81: 24 | J81: 23 | K81: 26 | L81: 0 | M81: 1 | N81: 1 | O81: 1 | P81: 0 | Q81: =SUM(C81:P81) -> 106 | R81: =S48 -> 156 | S81: =Q81+R81 -> 262
A82: 10 | B82: ='Candidate List'!B11 -> Raju Thakur | C82: 3 | D82: 1 | E82: 2 | F82: 2 | G82: 7 | H82: 4 | I82: 7 | J82: 1 | K82: 3 | L82: 4 | M82: 1 | N82: 4 | O82: 5 | P82: 1 | Q82: =SUM(C82:P82) -> 45 | R82: =S49 -> 58 | S82: =Q82+R82 -> 103
A83: 11 | B83: ='Candidate List'!B12 -> Bablu | C83: 0 | D83: 1 | E83: 0 | F83: 4 | G83: 1 | H83: 1 | I83: 3 | J83: 1 | K83: 1 | L83: 0 | M83: 1 | N83: 1 | O83: 3 | P83: 1 | Q83: =SUM(C83:P83) -> 18 | R83: =S50 -> 23 | S83: =Q83+R83 -> 41
A84: 12 | B84: ='Candidate List'!B13 -> NOTA | C84: 1 | D84: 8 | E84: 0 | F84: 1 | G84: 5 | H84: 3 | I84: 4 | J84: 0 | K84: 2 | L84: 0 | M84: 7 | N84: 1 | O84: 6 | P84: 1 | Q84: =SUM(C84:P84) -> 39 | R84: =S51 -> 57 | S84: =Q84+R84 -> 96
A85: Rejected Votes | C85: 0 | D85: 0 | E85: 0 | F85: 0 | G85: 0 | H85: 0 | I85: 0 | J85: 0 | K85: 0 | L85: 0 | M85: 0 | N85: 0 | O85: 0 | P85: 0 | Q85: =SUM(C85:P85) -> 0 | R85: =S52 -> 0 | S85: =Q85+R85 -> 0
A86: Total Votes | C86: =SUM(C73:C85) -> 677 | D86: =SUM(D73:D85) -> 478 | E86: =SUM(E73:E85) -> 516 | F86: =SUM(F73:F85) -> 671 | G86: =SUM(G73:G85) -> 523 | H86: =SUM(H73:H85) -> 622 | I86: =SUM(I73:I85) -> 669 | J86: =SUM(J73:J85) -> 550 | ... P86: =SUM(P73:P85) -> 668 | Q86: =SUM(C86:P86) -> 8767 | R86: =S53 -> 13053 | S86: =Q86+R86 -> 21820
C88: Initial of RO | D88: Initial of RO | E88: Initial of RO | F88: Initial of RO | G88: Initial of RO | H88: Initial of RO | I88: Initial of RO | J88: Initial of RO | K88: Initial of RO | L88: Initial of RO | M88: Initial of RO | N88: Initial of RO | O88: Initial of RO | P88: Initial of RO | Q88: Initial of RO | R88: Initial of RO | S88: Initial of RO
C90: Initial of observer | D90: Initial of observer | E90: Initial of observer | F90: Initial of observer | G90: Initial of observer | H90: Initial of observer | I90: Initial of observer | J90: Initial of observer | K90: Initial of observer | L90: Initial of observer | M90: Initial of observer | N90: Initial of observer | O90: Initial of observer | P90: Initial of observer | Q90: Initial of observer | R90: Initial of observer | S90: Initial of observer
A92: Important :- | C92: 1. All overwritings/cuttings should be certified by observer.
C93: 2. Polling station number whose votes are counted should be indicated below the table number.
C94: 3. The EVM (CU) no. used in the polling station will be specifically verified and tick marked by the form Part II of 17C
C95: 4. A copy of this is to be kept by observer in a separate folder for cross checking later.
A99: Annexure for tabulating round-wise figures (Refer Para 27)
A100: Number & Name of Constituency - 64-Sikandrabad | K100: Round No.4 | P100: Date | R100: 44630
A101: Table No. | C101: 1 | D101: 2 | E101: 3 | F101: 4 | G101: 5 | H101: 6 | I101: 7 | J101: 8 | K101: 9 | L101: 10 | M101: 11 | N101: 12 | O101: 13 | P101: 14 | Q101: Total | R101: Brought from Previous Round | S101: Cummulative Total
A102: Polling Booth No. | C102: ='Booth detail'!AR1 -> 43 | D102: ='Booth detail'!AS1 -> 44 | E102: ='Booth detail'!AT1 -> 45 | F102: ='Booth detail'!AU1 -> 46 | G102: ='Booth detail'!AV1 -> 47 | H102: ='Booth detail'!AW1 -> 48 | I102: ='Booth detail'!AX1 -> 49 | J102: ='Booth detail'!AY1 -> 50 | ... P102: ='Booth detail'!BE1 -> 56
A103: Control Unit No. | C103: ='Booth detail'!AR2 -> ECUEC57429 | D103: ='Booth detail'!AS2 -> ECUEC64461 | E103: ='Booth detail'!AT2 -> ECUEC64242 | F103: ='Booth detail'!AU2 -> ECUEC57867 | G103: ='Booth detail'!AV2 -> ECUEC47938 | H103: ='Booth detail'!AW2 -> ECUEC53960 | I103: ='Booth detail'!AX2 -> ECUEC51884 | J103: ='Booth detail'!AY2 -> ECUEC50064 | ... P103: ='Booth detail'!BE2 -> ECUEC57297
A104: Number of Electors assigned to the polling Station | C104: ='Booth detail'!AR3 -> - | D104: ='Booth detail'!AS3 -> - | E104: ='Booth detail'!AT3 -> - | F104: ='Booth detail'!AU3 -> - | G104: ='Booth detail'!AV3 -> - | H104: ='Booth detail'!AW3 -> - | I104: ='Booth detail'!AX3 -> - | J104: ='Booth detail'!AY3 -> - | ... P104: ='Booth detail'!BE3 -> -
A105: SI | B105: Name of Candidate | C105: - | D105: - | E105: - | F105: - | G105: - | H105: - | I105: - | J105: - | K105: - | L105: - | M105: - | N105: - | O105: - | P105: -
A106: 1 | B106: ='Candidate List'!B2 -> Manveer Singh | C106: 0 | D106: 13 | E106: 23 | F106: 59 | G106: 86 | H106: 4 | I106: 97 | J106: 1 | K106: 86 | L106: 3 | M106: 4 | N106: 14 | O106: 3 | P106: 1 | Q106: =SUM(C106:P106) -> 394 | R106: =S73 -> 2731 | S106: =Q106+R106 -> 3125
A107: 2 | B107: ='Candidate List'!B3 -> Rahul Yadav | C107: 46 | D107: 45 | E107: 315 | F107: 371 | G107: 287 | H107: 327 | I107: 304 | J107: 432 | K107: 360 | L107: 555 | M107: 485 | N107: 355 | O107: 306 | P107: 350 | Q107: =SUM(C107:P107) -> 4538 | R107: =S74 -> 9306 | S107: =Q107+R107 -> 13844
A108: 3 | B108: ='Candidate List'!B4 -> Lakshmi Raj | C108: 284 | D108: 364 | E108: 131 | F108: 74 | G108: 133 | H108: 154 | I108: 61 | J108: 145 | K108: 124 | L108: 20 | M108: 13 | N108: 11 | O108: 46 | P108: 45 | Q108: =SUM(C108:P108) -> 1605 | R108: =S75 -> 8768 | S108: =Q108+R108 -> 10373
A109: 4 | B109: ='Candidate List'!B5 -> Saleem Akhtar Khan | C109: 3 | D109: 5 | E109: 0 | F109: 2 | G109: 1 | H109: 1 | I109: 1 | J109: 1 | K109: 3 | L109: 0 | M109: 14 | N109: 1 | O109: 0 | P109: 2 | Q109: =SUM(C109:P109) -> 34 | R109: =S76 -> 400 | S109: =Q109+R109 -> 434
A110: 5 | B110: ='Candidate List'!B6 -> Ajay Kumar | C110: 0 | D110: 2 | E110: 0 | F110: 0 | G110: 0 | H110: 1 | I110: 0 | J110: 0 | K110: 0 | L110: 0 | M110: 1 | N110: 0 | O110: 0 | P110: 0 | Q110: =SUM(C110:P110) -> 4 | R110: =S77 -> 48 | S110: =Q110+R110 -> 52
A111: 6 | B111: ='Candidate List'!B7 -> Ajay Kumar Sharma | C111: 0 | D111: 0 | E111: 0 | F111: 0 | G111: 0 | H111: 0 | I111: 0 | J111: 0 | K111: 0 | L111: 0 | M111: 0 | N111: 0 | O111: 0 | P111: 0 | Q111: =SUM(C111:P111) -> 0 | R111: =S78 -> 7 | S111: =Q111+R111 -> 7
A112: 7 | B112: ='Candidate List'!B8 -> Amit Singh Tomar | C112: 0 | D112: 0 | E112: 0 | F112: 0 | G112: 0 | H112: 0 | I112: 0 | J112: 0 | K112: 0 | L112: 0 | M112: 0 | N112: 0 | O112: 0 | P112: 0 | Q112: =SUM(C112:P112) -> 0 | R112: =S79 -> 20 | S112: =Q112+R112 -> 20
A113: 8 | B113: ='Candidate List'!B9 -> Darshan Sharma | C113: 0 | D113: 1 | E113: 1 | F113: 0 | G113: 0 | H113: 2 | I113: 0 | J113: 0 | K113: 0 | L113: 0 | M113: 3 | N113: 0 | O113: 0 | P113: 0 | Q113: =SUM(C113:P113) -> 7 | R113: =S80 -> 38 | S113: =Q113+R113 -> 45
A114: 9 | B114: ='Candidate List'!B10 -> Dilshad Ahmad | C114: 0 | D114: 0 | E114: 0 | F114: 2 | G114: 0 | H114: 1 | I114: 1 | J114: 1 | K114: 0 | L114: 8 | M114: 8 | N114: 5 | O114: 1 | P114: 17 | Q114: =SUM(C114:P114) -> 44 | R114: =S81 -> 262 | S114: =Q114+R114 -> 306
A115: 10 | B115: ='Candidate List'!B11 -> Raju Thakur | C115: 1 | D115: 2 | E115: 4 | F115: 2 | G115: 3 | H115: 2 | I115: 0 | J115: 2 | K115: 2 | L115: 3 | M115: 1 | N115: 3 | O115: 1 | P115: 1 | Q115: =SUM(C115:P115) -> 27 | R115: =S82 -> 103 | S115: =Q115+R115 -> 130
A116: 11 | B116: ='Candidate List'!B12 -> Bablu | C116: 0 | D116: 1 | E116: 0 | F116: 1 | G116: 0 | H116: 0 | I116: 0 | J116: 2 | K116: 0 | L116: 0 | M116: 0 | N116: 2 | O116: 0 | P116: 3 | Q116: =SUM(C116:P116) -> 9 | R116: =S83 -> 41 | S116: =Q116+R116 -> 50
A117: 12 | B117: ='Candidate List'!B13 -> NOTA | C117: 0 | D117: 2 | E117: 1 | F117: 0 | G117: 0 | H117: 0 | I117: 3 | J117: 0 | K117: 2 | L117: 4 | M117: 1 | N117: 0 | O117: 5 | P117: 1 | Q117: =SUM(C117:P117) -> 19 | R117: =S84 -> 96 | S117: =Q117+R117 -> 115
...

Sheet Total Round
A1: izk:Ik & 20
A2: vfUre ifj.kke&Ik=
A3: fu;e 56 lh ¼2½ lh
A4: fo/kku lHkk fuokZpu {ks= dk lkekU; fuokZpu&2022
A5: Hkkx&1
A6: fo/kku lHkk [k.M dk uke &64 fldUnjkckn | H6: fo/kkulHkk fuokZpu {ks= esa dqy ernkrkvksa dh la[;k- 397807
A7: dz0la0 | B7: jkm.M la[;k | C7: euohj flag | D7: jkgqy ;kno | E7: y{eh jkt | F7: lyhe v[krj [kka | G7: vt; dqekj | H7: vt; dqekj 'kekZZ | I7: vfer flag rksej | J7: n'kZu 'kekZ | K7: fny'kkn vgen | L7: jktw Bkdqj | M7: ccyw | N7: oS/k erksa dh dqy la[;k | O7: (Rejected) izfr{ksfir erksa dh la[;k | P7: uksVk fodYi ds fy;s er | Q7: dqy ;ksx | R7: ¼VsaMj½ fufonRr erksa dh la[;k
C8: 1 | D8: 2 | E8: 3 | F8: 4 | G8: 5 | H8: 6 | I8: 7 | J8: 8 | K8: 9 | L8: 10 | M8: 11
A9: 1 | B9: Round-1 | C9: =Constiuence!Q8 -> 760 | D9: =Constiuence!Q9 -> 2174 | E9: =Constiuence!Q10 -> 2897 | F9: =Constiuence!Q11 -> 46 | G9: =Constiuence!Q12 -> 29 | H9: =Constiuence!Q13 -> 5 | I9: =Constiuence!Q14 -> 5 | J9: =Constiuence!Q15 -> 12 | K9: =Constiuence!Q16 -> 118 | L9: =Constiuence!Q17 -> 30 | M9: =Constiuence!Q18 -> 11 | N9: =SUM(C9:M9) -> 6087 | O9: 0 | P9: 27 | Q9: =N9+P9+O9 -> 6114 | R9: 0
A10: 2 | B10: Round-2 | C10: =Constiuence!Q40 -> 1132 | D10: =Constiuence!Q41 -> 2899 | E10: =Constiuence!Q42 -> 2647 | F10: =Constiuence!Q43 -> 132 | G10: =Constiuence!Q44 -> 5 | H10: =Constiuence!Q45 -> 1 | I10: =Constiuence!Q46 -> 5 | J10: =Constiuence!Q47 -> 10 | K10: =Constiuence!Q48 -> 38 | L10: =Constiuence!Q49 -> 28 | M10: =Constiuence!Q50 -> 12 | N10: =SUM(C10:M10) -> 6909 | O10: 0 | P10: 30 | Q10: =N10+P10+O10 -> 6939 | R10: 0
A11: 3 | B11: Round-3 | C11: =Constiuence!Q73 -> 839 | D11: =Constiuence!Q74 -> 4233 | E11: =Constiuence!Q75 -> 3224 | F11: =Constiuence!Q76 -> 222 | G11: =Constiuence!Q77 -> 14 | H11: =Constiuence!Q78 -> 1 | I11: =Constiuence!Q79 -> 10 | J11: =Constiuence!Q80 -> 16 | K11: =Constiuence!Q81 -> 106 | L11: =Constiuence!Q82 -> 45 | M11: =Constiuence!Q83 -> 18 | N11: =SUM(C11:M11) -> 8728 | O11: 0 | P11: 39 | Q11: =N11+P11+O11 -> 8767 | R11: 0
A12: 4 | B12: Round-4 | C12: =Constiuence!Q106 -> 394 | D12: =Constiuence!Q107 -> 4538 | E12: =Constiuence!Q108 -> 1605 | F12: =Constiuence!Q109 -> 34 | G12: =Constiuence!Q110 -> 4 | H12: =Constiuence!Q111 -> 0 | I12: =Constiuence!Q112 -> 0 | J12: =Constiuence!Q113 -> 7 | K12: =Constiuence!Q114 -> 44 | L12: =Constiuence!Q115 -> 27 | M12: =Constiuence!Q116 -> 9 | N12: =SUM(C12:M12) -> 6662 | O12: 0 | P12: 19 | Q12: =N12+P12+O12 -> 6681 | R12: 0
A13: 5 | B13: Round-5 | C13: =Constiuence!Q139 -> 151 | D13: =Constiuence!Q140 -> 4149 | E13: =Constiuence!Q141 -> 3664 | F13: =Constiuence!Q142 -> 34 | G13: =Constiuence!Q143 -> 6 | H13: =Constiuence!Q144 -> 1 | I13: =Constiuence!Q145 -> 4 | J13: =Constiuence!Q146 -> 6 | K13: =Constiuence!Q147 -> 43 | L13: =Constiuence!Q148 -> 23 | M13: =Constiuence!Q149 -> 24 | N13: =SUM(C13:M13) -> 8105 | O13: 0 | P13: 35 | Q13: =N13+P13+O13 -> 8140 | R13: 0
A14: 6 | B14: Round-6 | C14: =Constiuence!Q172 -> 927 | D14: =Constiuence!Q173 -> 2804 | E14: =Constiuence!Q174 -> 3846 | F14: =Constiuence!Q175 -> 62 | G14: =Constiuence!Q176 -> 3 | H14: =Constiuence!Q177 -> 5 | I14: =Constiuence!Q178 -> 8 | J14: =Constiuence!Q179 -> 10 | K14: =Constiuence!Q180 -> 94 | L14: =Constiuence!Q181 -> 33 | M14: =Constiuence!Q182 -> 10 | N14: =SUM(C14:M14) -> 7802 | O14: 0 | P14: 28 | Q14: =N14+P14+O14 -> 7830 | R14: 0
A15: 7 | B15: Round-7 | C15: =Constiuence!Q205 -> 548 | D15: =Constiuence!Q206 -> 5012 | E15: =Constiuence!Q207 -> 1744 | F15: =Constiuence!Q208 -> 86 | G15: =Constiuence!Q209 -> 4 | H15: =Constiuence!Q210 -> 6 | I15: =Constiuence!Q211 -> 6 | J15: =Constiuence!Q212 -> 5 | K15: =Constiuence!Q213 -> 140 | L15: =Constiuence!Q214 -> 41 | M15: =Constiuence!Q215 -> 16 | N15: =SUM(C15:M15) -> 7608 | O15: 0 | P15: 27 | Q15: =N15+P15+O15 -> 7635 | R15: 0
A16: 8 | B16: Round-8 | C16: =Constiuence!Q238 -> 319 | D16: =Constiuence!Q239 -> 5469 | E16: =Constiuence!Q240 -> 1346 | F16: =Constiuence!Q241 -> 44 | G16: =Constiuence!Q242 -> 3 | H16: =Constiuence!Q243 -> 1 | I16: =Constiuence!Q244 -> 4 | J16: =Constiuence!Q245 -> 5 | K16: =Constiuence!Q246 -> 148 | L16: =Constiuence!Q247 -> 33 | M16: =Constiuence!Q248 -> 22 | N16: =SUM(C16:M16) -> 7394 | O16: 0 | P16: 24 | Q16: =N16+P16+O16 -> 7418 | R16: 0
A17: 9 | B17: Round-9 | C17: =Constiuence!Q271 -> 934 | D17: =Constiuence!Q272 -> 3328 | E17: =Constiuence!Q273 -> 3174 | F17: =Constiuence!Q274 -> 19 | G17: =Constiuence!Q275 -> 18 | H17: =Constiuence!Q276 -> 1 | I17: =Constiuence!Q277 -> 3 | J17: =Constiuence!Q278 -> 12 | K17: =Constiuence!Q279 -> 10 | L17: =Constiuence!Q280 -> 22 | M17: =Constiuence!Q281 -> 17 | N17: =SUM(C17:M17) -> 7538 | O17: 0 | P17: 38 | Q17: =N17+P17+O17 -> 7576 | R17: 0
A18: 10 | B18: Round-10 | C18: =Constiuence!Q306 -> 1730 | D18: =Constiuence!Q307 -> 2200 | E18: =Constiuence!Q308 -> 2654 | F18: =Constiuence!Q309 -> 28 | G18: =Constiuence!Q310 -> 29 | H18: =Constiuence!Q311 -> 5 | I18: =Constiuence!Q312 -> 6 | J18: =Constiuence!Q313 -> 9 | K18: =Constiuence!Q314 -> 9 | L18: =Constiuence!Q315 -> 25 | M18: =Constiuence!Q316 -> 10 | N18: =SUM(C18:M18) -> 6705 | O18: 0 | P18: 33 | Q18: =N18+P18+O18 -> 6738 | R18: 0
A19: 11 | B19: Round-11 | C19: =Constiuence!Q340 -> 1021 | D19: =Constiuence!Q341 -> 3663 | E19: =Constiuence!Q342 -> 3308 | F19: =Constiuence!Q343 -> 39 | G19: =Constiuence!Q344 -> 10 | H19: =Constiuence!Q345 -> 1 | I19: =Constiuence!Q346 -> 1 | J19: =Constiuence!Q347 -> 8 | K19: =Constiuence!Q348 -> 48 | L19: =Constiuence!Q349 -> 61 | M19: =Constiuence!Q350 -> 14 | N19: =SUM(C19:M19) -> 8174 | O19: 0 | P19: 30 | Q19: =N19+P19+O19 -> 8204 | R19: 0
A20: 12 | B20: Round-12 | C20: =Constiuence!Q375 -> 928 | D20: =Constiuence!Q376 -> 3637 | E20: =Constiuence!Q377 -> 2854 | F20: =Constiuence!Q378 -> 51 | G20: =Constiuence!Q379 -> 8 | H20: =Constiuence!Q380 -> 3 | I20: =Constiuence!Q381 -> 5 | J20: =Constiuence!Q382 -> 9 | K20: =Constiuence!Q383 -> 19 | L20: =Constiuence!Q384 -> 27 | M20: =Constiuence!Q385 -> 24 | N20: =SUM(C20:M20) -> 7565 | O20: 0 | P20: 34 | Q20: =N20+P20+O20 -> 7599 | R20: 0
A21: 13 | B21: Round-13 | C21: =Constiuence!Q409 -> 1133 | D21: =Constiuence!Q410 -> 2229 | E21: =Constiuence!Q411 -> 4536 | F21: =Constiuence!Q412 -> 67 | G21: =Constiuence!Q413 -> 8 | H21: =Constiuence!Q414 -> 5 | I21: =Constiuence!Q415 -> 7 | J21: =Constiuence!Q416 -> 21 | K21: =Constiuence!Q417 -> 21 | L21: =Constiuence!Q418 -> 41 | M21: =Constiuence!Q419 -> 15 | N21: =SUM(C21:M21) -> 8083 | O21: 0 | P21: 24 | Q21: =N21+P21+O21 -> 8107 | R21: 0
A22: 14 | B22: Round-14 | C22: =Constiuence!Q442 -> 3488 | D22: =Constiuence!Q443 -> 2765 | E22: =Constiuence!Q444 -> 2057 | F22: =Constiuence!Q445 -> 121 | G22: =Constiuence!Q446 -> 31 | H22: =Constiuence!Q447 -> 1 | I22: =Constiuence!Q448 -> 4 | J22: =Constiuence!Q449 -> 9 | K22: =Constiuence!Q450 -> 31 | L22: =Constiuence!Q451 -> 26 | M22: =Constiuence!Q452 -> 13 | N22: =SUM(C22:M22) -> 8546 | O22: 0 | P22: 63 | Q22: =N22+P22+O22 -> 8609 | R22: 0
A23: 15 | B23: Round-15 | C23: =Constiuence!Q477 -> 1689 | D23: =Constiuence!Q478 -> 2788 | E23: =Constiuence!Q479 -> 2991 | F23: =Constiuence!Q480 -> 43 | G23: =Constiuence!Q481 -> 55 | H23: =Constiuence!Q482 -> 3 | I23: =Constiuence!Q483 -> 9 | J23: =Constiuence!Q484 -> 12 | K23: =Constiuence!Q485 -> 36 | L23: =Constiuence!Q486 -> 47 | M23: =Constiuence!Q487 -> 10 | N23: =SUM(C23:M23) -> 7683 | O23: 0 | P23: 37 | Q23: =N23+P23+O23 -> 7720 | R23: 0
A24: 16 | B24: Round-16 | C24: =Constiuence!Q511 -> 3150 | D24: =Constiuence!Q512 -> 815 | E24: =Constiuence!Q513 -> 3853 | F24: =Constiuence!Q514 -> 53 | G24: =Constiuence!Q515 -> 250 | H24: =Constiuence!Q516 -> 6 | I24: =Constiuence!Q517 -> 13 | J24: =Constiuence!Q518 -> 26 | K24: =Constiuence!Q519 -> 19 | L24: =Constiuence!Q520 -> 33 | M24: =Constiuence!Q521 -> 17 | N24: =SUM(C24:M24) -> 8235 | O24: 0 | P24: 49 | Q24: =N24+P24+O24 -> 8284 | R24: 0
A25: 17 | B25: Round-17 | C25: =Constiuence!Q545 -> 1853 | D25: =Constiuence!Q546 -> 2047 | E25: =Constiuence!Q547 -> 5229 | F25: =Constiuence!Q548 -> 78 | G25: =Constiuence!Q549 -> 34 | H25: =Constiuence!Q550 -> 3 | I25: =Constiuence!Q551 -> 4 | J25: =Constiuence!Q552 -> 18 | K25: =Constiuence!Q553 -> 54 | L25: =Constiuence!Q554 -> 49 | M25: =Constiuence!Q555 -> 13 | N25: =SUM(C25:M25) -> 9382 | O25: 0 | P25: 48 | Q25: =N25+P25+O25 -> 9430 | R25: 0
A26: 18 | B26: Round-18 | C26: =Constiuence!Q579 -> 359 | D26: =Constiuence!Q580 -> 5625 | E26: =Constiuence!Q581 -> 3131 | F26: =Constiuence!Q582 -> 76 | G26: =Constiuence!Q583 -> 3 | H26: =Constiuence!Q584 -> 3 | I26: =Constiuence!Q585 -> 5 | J26: =Constiuence!Q586 -> 3 | K26: =Constiuence!Q587 -> 157 | L26: =Constiuence!Q588 -> 54 | M26: =Constiuence!Q589 -> 17 | N26: =SUM(C26:M26) -> 9433 | O26: 0 | P26: 24 | Q26: =N26+P26+O26 -> 9457 | R26: 0
A27: 19 | B27: Round-19 | C27: =Constiuence!Q613 -> 292 | D27: =Constiuence!Q614 -> 4283 | E27: =Constiuence!Q615 -> 3474 | F27: =Constiuence!Q616 -> 45 | G27: =Constiuence!Q617 -> 4 | H27: =Constiuence!Q618 -> 6 | I27: =Constiuence!Q619 -> 5 | J27: =Constiuence!Q620 -> 5 | K27: =Constiuence!Q621 -> 56 | L27: =Constiuence!Q622 -> 47 | M27: =Constiuence!Q623 -> 11 | N27: =SUM(C27:M27) -> 8228 | O27: 0 | P27: 17 | Q27: =N27+P27+O27 -> 8245 | R27: 0
A28: 20 | B28: Round-20 | C28: =Constiuence!Q646 -> 1711 | D28: =Constiuence!Q647 -> 1677 | E28: =Constiuence!Q648 -> 3995 | F28: =Constiuence!Q649 -> 59 | G28: =Constiuence!Q650 -> 11 | H28: =Constiuence!Q651 -> 2 | I28: =Constiuence!Q652 -> 6 | J28: =Constiuence!Q653 -> 8 | K28: =Constiuence!Q654 -> 56 | L28: =Constiuence!Q655 -> 34 | M28: =Constiuence!Q656 -> 15 | N28: =SUM(C28:M28) -> 7574 | O28: 0 | P28: 37 | Q28: =N28+P28+O28 -> 7611 | R28: 0
A29: 21 | B29: Round-21 | C29: =Constiuence!Q680 -> 756 | D29: =Constiuence!Q681 -> 3574 | E29: =Constiuence!Q682 -> 4115 | F29: =Constiuence!Q683 -> 78 | G29: =Constiuence!Q684 -> 11 | H29: =Constiuence!Q685 -> 4 | I29: =Constiuence!Q686 -> 9 | J29: =Constiuence!Q687 -> 10 | K29: =Constiuence!Q688 -> 82 | L29: =Constiuence!Q689 -> 39 | M29: =Constiuence!Q690 -> 7 | N29: =SUM(C29:M29) -> 8685 | O29: 0 | P29: 30 | Q29: =N29+P29+O29 -> 8715 | R29: 0
A30: 22 | B30: Round-22 | C30: =Constiuence!Q714 -> 1177 | D30: =Constiuence!Q715 -> 4338 | E30: =Constiuence!Q716 -> 1938 | F30: =Constiuence!Q717 -> 106 | G30: =Constiuence!Q718 -> 11 | H30: =Constiuence!Q719 -> 5 | I30: =Constiuence!Q720 -> 3 | J30: 13 | K30: =Constiuence!Q722 -> 96 | L30: =Constiuence!Q723 -> 25 | M30: =Constiuence!Q724 -> 12 | N30: =SUM(C30:M30) -> 7724 | O30: 0 | P30: 34 | Q30: =N30+P30+O30 -> 7758 | R30: 0
A31: 23 | B31: Round-23 | C31: =Constiuence!Q748 -> 969 | D31: =Constiuence!Q749 -> 1325 | E31: =Constiuence!Q750 -> 5543 | F31: =Constiuence!Q751 -> 80 | G31: =Constiuence!Q752 -> 15 | H31: =Constiuence!Q753 -> 3 | I31: =Constiuence!Q754 -> 7 | J31: =Constiuence!Q755 -> 14 | K31: =Constiuence!Q756 -> 35 | L31: =Constiuence!Q757 -> 44 | M31: =Constiuence!Q758 -> 18 | N31: =SUM(C31:M31) -> 8053 | O31: 0 | P31: 47 | Q31: =N31+P31+O31 -> 8100 | R31: 0
A32: 24 | B32: Round-24 | C32: =Constiuence!Q782 -> 2097 | D32: =Constiuence!Q783 -> 1279 | E32: =Constiuence!Q784 -> 3714 | F32: =Constiuence!Q785 -> 36 | G32: =Constiuence!Q786 -> 43 | H32: =Constiuence!Q787 -> 6 | I32: =Constiuence!Q788 -> 3 | J32: =Constiuence!Q789 -> 13 | K32: =Constiuence!Q790 -> 10 | L32: =Constiuence!Q791 -> 35 | M32: =Constiuence!Q792 -> 17 | N32: =SUM(C32:M32) -> 7253 | O32: 0 | P32: 55 | Q32: =N32+P32+O32 -> 7308 | R32: 0
A33: 25 | B33: Round-25 | C33: =Constiuence!Q816 -> 1429 | D33: =Constiuence!Q817 -> 3901 | E33: =Constiuence!Q818 -> 2627 | F33: =Constiuence!Q819 -> 56 | G33: =Constiuence!Q820 -> 10 | H33: =Constiuence!Q821 -> 4 | I33: =Constiuence!Q822 -> 10 | J33: =Constiuence!Q823 -> 4 | K33: =Constiuence!Q824 -> 20 | L33: =Constiuence!Q825 -> 32 | M33: =Constiuence!Q826 -> 37 | N33: =SUM(C33:M33) -> 8130 | O33: 0 | P33: 55 | Q33: =N33+P33+O33 -> 8185 | R33: 0
A34: 26 | B34: Round-26 | C34: =Constiuence!Q850 -> 1379 | D34: =Constiuence!Q851 -> 1431 | E34: =Constiuence!Q852 -> 5782 | F34: =Constiuence!Q853 -> 40 | G34: =Constiuence!Q854 -> 6 | H34: =Constiuence!Q855 -> 4 | I34: =Constiuence!Q856 -> 7 | J34: =Constiuence!Q857 -> 16 | K34: =Constiuence!Q858 -> 13 | L34: =Constiuence!Q859 -> 49 | M34: =Constiuence!Q860 -> 20 | N34: =SUM(C34:M34) -> 8747 | O34: 0 | P34: 35 | Q34: =N34+P34+O34 -> 8782 | R34: 0
A35: 27 | B35: Round-27 | C35: =Constiuence!Q883 -> 1596 | D35: =Constiuence!Q884 -> 1962 | E35: =Constiuence!Q885 -> 4873 | F35: =Constiuence!Q886 -> 57 | G35: =Constiuence!Q887 -> 9 | H35: =Constiuence!Q888 -> 8 | I35: =Constiuence!Q889 -> 7 | J35: =Constiuence!Q890 -> 24 | K35: =Constiuence!Q891 -> 35 | L35: =Constiuence!Q892 -> 31 | M35: =Constiuence!Q893 -> 22 | N35: =SUM(C35:M35) -> 8624 | O35: 0 | P35: 34 | Q35: =N35+P35+O35 -> 8658 | R35: 0
A36: 28 | B36: Round-28 | C36: =Constiuence!Q916 -> 1576 | D36: =Constiuence!Q917 -> 1057 | E36: =Constiuence!Q918 -> 6232 | F36: =Constiuence!Q919 -> 70 | G36: =Constiuence!Q920 -> 5 | H36: =Constiuence!Q921 -> 7 | I36: =Constiuence!Q922 -> 5 | J36: =Constiuence!Q923 -> 13 | K36: =Constiuence!Q924 -> 5 | L36: =Constiuence!Q925 -> 46 | M36: =Constiuence!Q926 -> 14 | N36: =SUM(C36:M36) -> 9030 | O36: 0 | P36: 34 | Q36: =N36+P36+O36 -> 9064 | R36: 0
A37: 29 | B37: Round-29 | C37: =Constiuence!Q950 -> 693 | D37: =Constiuence!Q951 -> 2089 | E37: =Constiuence!Q952 -> 4483 | F37: =Constiuence!Q953 -> 51 | G37: =Constiuence!Q954 -> 6 | H37: =Constiuence!Q955 -> 2 | I37: =Constiuence!Q956 -> 4 | J37: =Constiuence!Q957 -> 9 | K37: =Constiuence!Q958 -> 31 | L37: =Constiuence!Q959 -> 58 | M37: =Constiuence!Q960 -> 9 | N37: =SUM(C37:M37) -> 7435 | O37: 0 | P37: 39 | Q37: =N37+P37+O37 -> 7474 | R37: 0
A38: 30 | B38: Round-30 | C38: =Constiuence!Q984 -> 1259 | D38: =Constiuence!Q985 -> 2599 | E38: =Constiuence!Q986 -> 4309 | F38: =Constiuence!Q987 -> 83 | G38: =Constiuence!Q988 -> 6 | H38: =Constiuence!Q989 -> 1 | I38: =Constiuence!Q990 -> 5 | J38: =Constiuence!Q991 -> 9 | K38: =Constiuence!Q992 -> 70 | L38: =Constiuence!Q993 -> 45 | M38: =Constiuence!Q994 -> 10 | N38: =SUM(C38:M38) -> 8396 | O38: 0 | P38: 27 | Q38: =N38+P38+O38 -> 8423 | R38: 0
A39: 31 | B39: Round-31 | C39: =Constiuence!Q1017 -> 592 | D39: =Constiuence!Q1018 -> 2229 | E39: =Constiuence!Q1019 -> 4245 | F39: =Constiuence!Q1020 -> 126 | G39: =Constiuence!Q1021 -> 5 | H39: =Constiuence!Q1022 -> 6 | I39: =Constiuence!Q1023 -> 3 | J39: =Constiuence!Q1024 -> 7 | K39: =Constiuence!Q1025 -> 60 | L39: =Constiuence!Q1026 -> 43 | M39: =Constiuence!Q1027 -> 15 | N39: =SUM(C39:M39) -> 7331 | O39: 0 | P39: 23 | Q39: =N39+P39+O39 -> 7354 | R39: 0
A40: 32 | B40: Round-32 | C40: =Constiuence!Q1050 -> 2488 | D40: =Constiuence!Q1051 -> 2004 | E40: =Constiuence!Q1052 -> 4631 | F40: =Constiuence!Q1053 -> 43 | G40: =Constiuence!Q1054 -> 7 | H40: =Constiuence!Q1055 -> 1 | I40: =Constiuence!Q1056 -> 12 | J40: =Constiuence!Q1057 -> 20 | K40: =Constiuence!Q1058 -> 10 | L40: =Constiuence!Q1059 -> 66 | M40: =Constiuence!Q1060 -> 19 | N40: =SUM(C40:M40) -> 9301 | O40: 0 | P40: 52 | Q40: =N40+P40+O40 -> 9353 | R40: 0
A41: 33 | B41: Round-33 | C41: =Constiuence!Q1084 -> 1041 | D41: =Constiuence!Q1085 -> 867 | E41: =Constiuence!Q1086 -> 6740 | F41: =Constiuence!Q1087 -> 62 | G41: =Constiuence!Q1088 -> 12 | H41: =Constiuence!Q1089 -> 2 | I41: =Constiuence!Q1090 -> 9 | J41: =Constiuence!Q1091 -> 70 | K41: =Constiuence!Q1092 -> 12 | L41: =Constiuence!Q1093 -> 67 | M41: =Constiuence!Q1094 -> 22 | N41: =SUM(C41:M41) -> 8904 | O41: 0 | P41: 37 | Q41: =N41+P41+O41 -> 8941 | R41: 0
A42: 34 | B42: Round-34 | C42: =Constiuence!Q1118 -> 1448 | D42: =Constiuence!Q1119 -> 658 | E42: =Constiuence!Q1120 -> 3105 | F42: =Constiuence!Q1121 -> 38 | G42: =Constiuence!Q1122 -> 6 | H42: =Constiuence!Q1123 -> 3 | I42: =Constiuence!Q1124 -> 7 | J42: =Constiuence!Q1125 -> 33 | K42: =Constiuence!Q1126 -> 3 | L42: =Constiuence!Q1127 -> 32 | M42: =Constiuence!Q1128 -> 7 | N42: =SUM(C42:M42) -> 5340 | O42: 0 | P42: 23 | Q42: =N42+P42+O42 -> 5363 | R42: 0
A43: 35 | B43: Round-35 | C43: =Constiuence!Q1152 -> 493 | D43: =Constiuence!Q1153 -> 26 | E43: =Constiuence!Q1154 -> 54 | F43: =Constiuence!Q1155 -> 2 | G43: 0 | H43: =Constiuence!Q1157 -> 2 | I43: =Constiuence!Q1158 -> 1 | J43: =Constiuence!Q1159 -> 1 | K43: =Constiuence!Q1160 -> 2 | L43: =Constiuence!Q1161 -> 2 | M43: =Constiuence!Q1162 -> 0 | N43: =SUM(C43:M43) -> 583 | O43: 0 | P43: 6 | Q43: =N43+P43+O43 -> 589 | R43: 0
A44: 36 | B44: PB | C44: =Constiuence!Q1187 -> 283 | D44: =Constiuence!Q1188 -> 627 | E44: =Constiuence!Q1189 -> 1024 | F44: =Constiuence!Q1190 -> 14 | G44: =Constiuence!Q1191 -> 4 | H44: =Constiuence!Q1192 -> 0 | I44: =Constiuence!Q1193 -> 1 | J44: =Constiuence!Q1194 -> 5 | K44: =Constiuence!Q1195 -> 1 | L44: =Constiuence!Q1196 -> 1 | M44: =Constiuence!Q1197 -> 1 | N44: =SUM(C44:M44) -> 1961 | O44: 696 | P44: 1 | Q44: =N44+P44+O44 -> 2658 | R44: 0
A45: Grand Total | C45: =SUM(C9:C44) -> 42634 | D45: =SUM(D9:D44) -> 96301 | E45: =SUM(E9:E44) -> 125644 | F45: =SUM(F9:F44) -> 2281 | G45: =SUM(G9:G44) -> 685 | H45: =SUM(H9:H44) -> 117 | I45: =SUM(I9:I44) -> 203 | J45: =SUM(J9:J44) -> 472 | ... M45: =SUM(M9:M44) -> 528 | N45: =SUM(C45:M45) -> 271938 | O45: 696 | P45: 1195 | Q45: =N45+P45+O45 -> 273829 | R45: 0
O49: fjVfuZax vkWfQlj
O50: 64&fldUnjkckn fo/kkulHkk {ks=

Sheet p-20 Hindi
A1: izk:i&20
A2: vfUre ifj.kke i=
A3: {fu;e 56lh¼2½lh}
A4: fo/kku lHkk fuokZpu {ks= dk lkekU; fuokZpu&2022
A6: fo/kkulHkk fuokZpu {ks= dh la[;k o uke&64 fldUnjkckn | H6: fo/kkulHkk fuokZpu {ks= esa dqy ernkrkvksa dh la[;k&397807
A8: erns; LFky dh la[;k | B8: erns; LFky dk uke | C8: fuEufyf[kr vH;fFkZ;ksa ds i{k esa fn;s x;s fof/kekU; erksa dh la[;k | N8: oS/k erksa dh dqy la[;k | O8: (Rejected) izfr{ksfir erksa dh la[;k | P8: uksVk fodYi ds fy;s er | Q8: dqy ;ksx | R8: ¼VsaMj½ fufonRr erksa dh la[;k
C9: euohj flag | D9: jkgqy ;kno | E9: y{eh jkt | F9: lyhe v[krj [kka | G9: vt; dqekj | H9: vt; dqekj 'kekZZ | I9: vfer flag rksej | J9: n'kZu 'kekZ | K9: fny'kkn vgen | L9: jktw Bkdqj | M9: ccyw
A10: 1 | B10: vdcjiqj >ks>k izkbejh Ldwy d-ua&1 | C10: 2 | D10: 599 | E10: 18 | F10: 3 | G10: 0 | H10: 0 | I10: 0 | J10: 0 | K10: 6 | L10: 2 | M10: 0 | N10: =SUM(C10:M10) -> 630 | O10: 0 | P10: 2 | Q10: =N10+P10-O10 -> 632 | R10: 0
A11: 2 | B11: vdcjiqj >ks>k izkbejh Ldwy d-ua&2 | C11: 48 | D11: 440 | E11: 42 | F11: 3 | G11: 1 | H11: 0 | I11: 1 | J11: 1 | K11: 5 | L11: 2 | M11: 3 | N11: =SUM(C11:M11) -> 546 | O11: 0 | P11: 1 | Q11: =N11+P11-O11 -> 547 | R11: 0
A12: 3 | B12: QStkckn fj<koyh izkbejh Ldwy | C12: 89 | D12: 15 | E12: 161 | F12: 1 | G12: 0 | H12: 0 | I12: 0 | J12: 0 | K12: 0 | L12: 2 | M12: 0 | N12: =SUM(C12:M12) -> 268 | O12: 0 | P12: 0 | Q12: =N12+P12-O12 -> 268 | R12: 0
A13: 4 | B13: ,sapkuk eqfLye Ldwy d-ua-&1 | C13: 94 | D13: 275 | E13: 34 | F13: 3 | G13: 2 | H13: 1 | I13: 1 | J13: 0 | K13: 56 | L13: 5 | M13: 0 | N13: =SUM(C13:M13) -> 471 | O13: 0 | P13: 3 | Q13: =N13+P13-O13 -> 474 | R13: 0
A14: 5 | B14: ,sapkuk eqfLye Ldwy d-ua-&2 | C14: 31 | D14: 306 | E14: 43 | F14: 3 | G14: 0 | H14: 0 | I14: 1 | J14: 2 | K14: 48 | L14: 2 | M14: 1 | N14: =SUM(C14:M14) -> 437 | O14: 0 | P14: 4 | Q14: =N14+P14-O14 -> 441 | R14: 0
A15: 6 | B15: mVljk izkbejh Ldwy d0u01 | C15: 30 | D15: 7 | E15: 342 | F15: 5 | G15: 7 | H15: 1 | I15: 1 | J15: 1 | K15: 0 | L15: 2 | M15: 1 | N15: =SUM(C15:M15) -> 397 | O15: 0 | P15: 2 | Q15: =N15+P15-O15 -> 399 | R15: 0
A16: 7 | B16: mVljk izkbejh Ldwy d0u02 | C16: 115 | D16: 16 | E16: 226 | F16: 3 | G16: 1 | H16: 2 | I16: 0 | J16: 5 | K16: 1 | L16: 2 | M16: 1 | N16: =SUM(C16:M16) -> 372 | O16: 0 | P16: 0 | Q16: =N16+P16-O16 -> 372 | R16: 0
A17: 8 | B17: cjeUnuxj izkbZejh Ldwy d-u-&1 | C17: 38 | D17: 45 | E17: 254 | F17: 5 | G17: 2 | H17: 0 | I17: 0 | J17: 1 | K17: 0 | L17: 1 | M17: 1 | N17: =SUM(C17:M17) -> 347 | O17: 0 | P17: 8 | Q17: =N17+P17-O17 -> 355 | R17: 0
A18: 9 | B18: cjeUnuxj izkbZejh Ldwy d-u-&2 | C18: 12 | D18: 46 | E18: 385 | F18: 2 | G18: 1 | H18: 0 | I18: 0 | J18: 1 | K18: 0 | L18: 3 | M18: 2 | N18: =SUM(C18:M18) -> 452 | O18: 0 | P18: 1 | Q18: =N18+P18-O18 -> 453 | R18: 0
A19: 10 | B19: cjeUnuxj izkbZejh Ldwy d-u-&3 | C19: 65 | D19: 85 | E19: 210 | F19: 4 | G19: 1 | H19: 0 | I19: 0 | J19: 0 | K19: 2 | L19: 1 | M19: 0 | N19: =SUM(C19:M19) -> 368 | O19: 0 | P19: 0 | Q19: =N19+P19-O19 -> 368 | R19: 0
A20: 11 | B20: fxj/kjiqj uoknk izkbejh Ldwy d-ua-&1 | C20: 151 | D20: 48 | E20: 197 | F20: 3 | G20: 1 | H20: 0 | I20: 0 | J20: 0 | K20: 0 | L20: 1 | M20: 0 | N20: =SUM(C20:M20) -> 401 | O20: 0 | P20: 4 | Q20: =N20+P20-O20 -> 405 | R20: 0
A21: 12 | B21: fxj/kjiqj uoknk izkbejh Ldwy d-ua-&2 | C21: 29 | D21: 79 | E21: 282 | F21: 3 | G21: 1 | H21: 0 | I21: 0 | J21: 0 | K21: 0 | L21: 3 | M21: 1 | N21: =SUM(C21:M21) -> 398 | O21: 0 | P21: 0 | Q21: =N21+P21-O21 -> 398 | R21: 0
... A481: 472 | B481: 'ks[kiqj eke izkbZejh Ldwy | C481: 36 | D481: 83 | E481: 398 | F481: 4 | G481: 0 | H481: 2 | I481: 0 | J481: 1 | K481: 0 | L481: 2 | M481: 0 | N481: =SUM(C481:M481) -> 526 | O481: 0 | P481: 0 | Q481: =N481+P481-O481 -> 526 | R481: 0
A482: ;ksx | C482: =SUM(C10:C481) -> 42351 | D482: =SUM(D10:D481) -> 95674 | E482: =SUM(E10:E481) -> 124620 | F482: =SUM(F10:F481) -> 2267 | G482: =SUM(G10:G481) -> 681 | H482: =SUM(H10:H481) -> 117 | I482: =SUM(I10:I481) -> 202 | J482: =SUM(J10:J481) -> 467 | ... M482: =SUM(M10:M481) -> 527 | N482: =SUM(C482:M482) -> 269977 | O482: =SUM(O10:O481) -> 0 | P482: =SUM(P10:P481) -> 1194 | Q482: =N482+P482-O482 -> 271171 | R482: =SUM(R10:R481) -> 0
A483: Mkd er i=ksa ij fjdkmZ fd;s x;s ernksa dh dqy la[;k | C483: 283 | D483: 627 | E483: 1024 | F483: 14 | G483: 4 | H483: 0 | I483: 1 | J483: 5 | K483: 1 | L483: 1 | M483: 1 | N483: =SUM(C483:M483) -> 1961 | O483: 696 | P483: 1 | Q483: =N483+P483+O483 -> 2658 | R483: 0
A484: Mkys x;s dqy erksa dh la[;k | C484: =SUM(C482:C483) -> 42634 | D484: =SUM(D482:D483) -> 96301 | E484: =SUM(E482:E483) -> 125644 | F484: =SUM(F482:F483) -> 2281 | G484: =SUM(G482:G483) -> 685 | H484: =SUM(H482:H483) -> 117 | I484: =SUM(I482:I483) -> 203 | J484: =SUM(J482:J483) -> 472 | ... M484: =SUM(M482:M483) -> 528 | N484: =SUM(C484:M484) -> 271938 | O484: =SUM(O482:O483) -> 696 | P484: =SUM(P482:P483) -> 1195 | Q484: =N484+P484+O484 -> 273829 | R484: =SUM(R482:R483) -> 0
N488: fjVfuZax vkWfQlj
N489: 64&fldUnjkckn fo/kkulHkk {ks=

Sheet 17G-1
D1: 17ग-1
A2: fo/kku lHkk fuokZpu {ks= dh la[;k o uke & 64 fldUnjkckn
A3: Vsfcy la[;k&1
A4: pdz la[;k&
A5: erns; LFky la[;k&
A6: dUVªksy ;wfuV dzekad&
A7: izekf.kr fd;k tkrk gS fd ge mDr x.kuk i`"B ¼1½ ls iw.kZr;k larq"V gS vkSj gesa x.kuk dk;Z ls fdlh izdkj dh dksbZ vkifr ugh gSA
A8: dza0la0 | B8: vH;FkhZ dk uke | C8: erx.kuk vfHkdrkZ dk uke | D8: iwjs gLrk{kj
A9: 1 | B9: 2 | C9: 3 | D9: 4
A10: 1 | B10: euohj flag
A11: 2 | B11: jkgqy ;kno
A12: 3 | B12: y{eh jkt
A13: 4 | B13: lyhe v[krj [kka
A14: 5 | B14: vt; dqekj
A15: 6 | B15: vt; dqekj 'kekZZ
A16: 7 | B16: vfer flag rksej
A17: 8 | B17: n'kZu 'kekZ
A18: 9 | B18: fny'kkn vgen
A19: 10 | B19: jktw Bkdqj
A20: 11 | B20: ccyw
A21: LFkku & e.Mh lfefr ifjlj] vuwi'kgj jksM] cqyUn'kgj
A22: fnukad& 10& ekpZ&2022
D28: fjVfuZax vkWfQlj
D29: fo/kkulHkk& 64 fldUnjkckn

Sheet 17G-2
A1: fo/kku lHkk lkekU; fuokZpu&2022
A2: izk:i& 17x dk Hkkx&2
A3: erx.kuk dk ifj.kke
A4: fo/kku lHkk fuokZpu {ks= dh la[;k o uke & 64 fldUnjkckn
A5: Vsfcy la[;k&
A6: pdz la[;k&
A7: erns; LFky la[;k&
A8: dUVªksy ;wfuV dzekad&
A9: dza0la0 | B9: vH;FkhZ dk uke | C9: dUVªksy ;wfuV esa fn[kk;s x;s erksa dh la[;k | D9: Hkkx&1 dh en la[;k&05 ds vuqlkj ?kVk;s tkus okys ijh{k.k erksa dh la[;k | E9: fof/kekU; erksa dh la[;k ¼3&4½
A10: 1 | B10: 2 | C10: 3 | D10: 4 | E10: 5
A11: ='17G-1'!A10 -> 1 | B11: ='17G-1'!B10 -> euohj flag
A12: ='17G-1'!A11 -> 2 | B12: ='17G-1'!B11 -> jkgqy ;kno
A13: ='17G-1'!A12 -> 3 | B13: ='17G-1'!B12 -> y{eh jkt
A14: ='17G-1'!A13 -> 4 | B14: ='17G-1'!B13 -> lyhe v[krj [kka
A15: ='17G-1'!A14 -> 5 | B15: ='17G-1'!B14 -> vt; dqekj
A16: ='17G-1'!A15 -> 6 | B16: ='17G-1'!B15 -> vt; dqekj 'kekZZ
A17: ='17G-1'!A16 -> 7 | B17: ='17G-1'!B16 -> vfer flag rksej
A18: ='17G-1'!A17 -> 8 | B18: ='17G-1'!B17 -> n'kZu 'kekZ
A19: ='17G-1'!A18 -> 9 | B19: ='17G-1'!B18 -> fny'kkn vgen
A20: ='17G-1'!A19 -> 10 | B20: ='17G-1'!B19 -> jktw Bkdqj
A21: ='17G-1'!A20 -> 11 | B21: ='17G-1'!B20 -> ccyw
A22: dqy ;ksx
A23: D;k mij nf'kZr erksa dh dqy la[;k Hkkx&1 dh en la[;k&6 esa fn[kk;s x;sa erksa dk dqy la[;k ls esy [kkrh gS vFkok nksuksa dh dqy la[;k esa dksbZ folaxfr ikbZ x;h gSA
A24: LFkku& e.Mh lfefr ifjlj] vuwi'kgj jksM] cqyUn'kgjA
A25: fnukad& 10& ekpZ&2022
D29: x.kuk i;Zos{kd ds gLrk{kj
D30: ¼iwjk uke&----------------------------------------------------½

Sheet PB-2
A1: FORMAT FOR RECORDING OF TALLY OF VOTES POLLED BY POSTAL BALLOT PAPPER WHEN COUNTED IN MORE THAN ONE TABLE
A2: Name of State/UT: Uttar Pradesh Table No-----------------
A3: No.& Name of Parliamentary/ Assembly Constitueney : 64 Sikandrabad
A4: Round No.---------------- (if Applicable)
A5: No. of Postal Ballots supplied to this Counting Table for Counting ---------------------
A6: S.No. | B6: Name of Candidate | C6: Party Affilliation | D6: Number of Votes Polled
A7: 1 | B7: 2 | C7: 3 | D7: 4
A8: 1
A9: 2
A10: 3
A11: 4
A12: 5
A13: 6
A14: 7
A15: 8
A16: 9
A17: 10
A18: 11
A19: 12
A20: 13
A21: Place- Mandi Samiti Paricer Anoopshahr Road Bulandshahr
A22: Date: 10-March-2022
D26: Returning Officer
D27: 64-Sikandrabad

Sheet All Data
A1: VIDHAN SABHA GENERAL ELECTION 2022
A2: No. & Name Assembly Constituency- 64 Sikandrabad
A3: District- Bulandshahr
A4: Ac. No. | B4: Polling Station | D4: Total No. of Electors | E4: Voters Turnout | I4: No. of voters identified using EPIC | J4: No. of Ten-dered Voters | K4: Manveer Singh | N4: Rahul Yadav | Q4: Lakshmi Raj | T4: Saleem Akhtar Khan | W4: Ajay Kumar | Z4: Ajay Kumar Sharma | AC4: Amit Singh Tomar | AF4: Darshan Sharma | AI4: Dilshad Ahmad | AL4: Raju Thakur | AO4: Bablu | AR4: Total voters Secured
B5: No. | C5: Name | E5: Male | F5: Female | G5: Other | H5: Total | K5: S.No. | L5: Party Affiliation | M5: Voters Secured | N5: S.No. | O5: Party Affiliation | P5: Voters Secured | Q5: S.No. | R5: Party Affiliation | S5: Voters Secured | T5: S.No. | U5: Party Affiliation | V5: Voters Secured | W5: S.No. | X5: Party Affiliation | Y5: Voters Secured | Z5: S.No. | AA5: Party Affiliation | AB5: Voters Secured | AC5: S.No. | AD5: Party Affiliation | AE5: Voters Secured | AF5: S.No. | AG5: Party Affiliation | AH5: Voters Secured | AI5: S.No. | AJ5: Party Affiliation | AK5: Voters Secured | AL5: S.No. | AM5: Party Affiliation | AN5: Voters Secured | AO5: S.No. | AP5: Party Affiliation | AQ5: Voters Secured
A6: 1 | B6: 2 | C6: 3 | D6: 4 | E6: 5 | F6: 6 | G6: 7 | H6: 8 | I6: 9 | J6: 10 | K6: 11 | L6: 12 | M6: 13 | N6: 14 | O6: 15 | P6: 16 | Q6: 17 | R6: 18 | S6: 19 | T6: 20 | U6: 21 | V6: 22 | W6: 23 | X6: 24 | Y6: 25 | Z6: 26 | AA6: 27 | AB6: 28 | AC6: 29 | AD6: 30 | AE6: 31 | AF6: 32 | AG6: 33 | AH6: 34 | AI6: 35 | AJ6: 36 | AK6: 37 | AL6: 38 | AM6: 39 | AN6: 40 | AO6: 41 | AP6: 42 | AQ6: 43 | AR6: 44
A7: 64 | B7: 1 | C7: vdcjiqj >ks>k izkbejh Ldwy d-ua&1 | D7: 1102 | E7: 347 | F7: 285 | G7: 0 | H7: =SUM(E7:G7) -> 632 | I7: 557 | J7: 0 | K7: 1 | L7: Bahujan Samaj Party | M7: ='Praroop-20 hindi'!C10 -> 2 | N7: 2 | O7: Samajwadi Party | P7: ='Praroop-20 hindi'!D10 -> 599 | Q7: 3 | R7: Bharatiya Janata Party | S7: ='Praroop-20 hindi'!E10 -> 18 | T7: 4 | U7: Indian National Congress | V7: ='Praroop-20 hindi'!F10 -> 3 | W7: 5 | X7: Lok Dal | Y7: ='Praroop-20 hindi'!G10 -> 0 | Z7: 6 | AA7: Loktantrik Janshakti Party | AB7: ='Praroop-20 hindi'!H10 -> 0 | AC7: 7 | AD7: Shiv Sena | AE7: ='Praroop-20 hindi'!I10 -> 0 | AF7: 8 | AG7: Aam Aadmi Party | AH7: ='Praroop-20 hindi'!J10 -> 0 | AI7: 9 | AJ7: All India Majlis-E- Ittehadul Muslimeen | AK7: ='Praroop-20 hindi'!K10 -> 6 | AL7: 10 | AM7: Rashtrawadi Janlok Party (Satya) | AN7: ='Praroop-20 hindi'!L10 -> 2 | AO7: 11 | AP7: Independent | AQ7: ='Praroop-20 hindi'!M10 -> 0 | AR7: =M7+P7+S7+V7+Y7+AB7+AE7+AH7+AK7+AN7+AQ7 -> 630
A8: 64 | B8: 2 | C8: vdcjiqj >ks>k izkbejh Ldwy d-ua&2 | D8: 1008 | E8: 266 | F8: 281 | G8: 0 | H8: =SUM(E8:G8) -> 547 | I8: 447 | J8: 0 | K8: 1 | M8: ='Praroop-20 hindi'!C11 -> 48 | N8: 2 | P8: ='Praroop-20 hindi'!D11 -> 440 | Q8: 3 | S8: ='Praroop-20 hindi'!E11 -> 42 | T8: 4 | V8: ='Praroop-20 hindi'!F11 -> 3 | W8: 5 | Y8: ='Praroop-20 hindi'!G11 -> 1 | Z8: 6 | AB8: ='Praroop-20 hindi'!H11 -> 0 | AC8: 7 | AE8: ='Praroop-20 hindi'!I11 -> 1 | AF8: 8 | AH8: ='Praroop-20 hindi'!J11 -> 1 | AI8: 9 | AK8: ='Praroop-20 hindi'!K11 -> 5 | AL8: 10 | AN8: ='Praroop-20 hindi'!L11 -> 2 | AO8: 11 | AQ8: ='Praroop-20 hindi'!M11 -> 3 | AR8: =M8+P8+S8+V8+Y8+AB8+AE8+AH8+AK8+AN8+AQ8 -> 546
A9: 64 | B9: 3 | C9: QStkckn fj<koyh izkbejh Ldwy | D9: 447 | E9: 138 | F9: 130 | G9: 0 | H9: =SUM(E9:G9) -> 268 | I9: 229 | J9: 0 | K9: 1 | M9: ='Praroop-20 hindi'!C12 -> 89 | N9: 2 | P9: ='Praroop-20 hindi'!D12 -> 15 | Q9: 3 | S9: ='Praroop-20 hindi'!E12 -> 161 | T9: 4 | V9: ='Praroop-20 hindi'!F12 -> 1 | W9: 5 | Y9: ='Praroop-20 hindi'!G12 -> 0 | Z9: 6 | AB9: ='Praroop-20 hindi'!H12 -> 0 | AC9: 7 | AE9: ='Praroop-20 hindi'!I12 -> 0 | AF9: 8 | AH9: ='Praroop-20 hindi'!J12 -> 0 | AI9: 9 | AK9: ='Praroop-20 hindi'!K12 -> 0 | AL9: 10 | AN9: ='Praroop-20 hindi'!L12 -> 2 | AO9: 11 | AQ9: ='Praroop-20 hindi'!M12 -> 0 | AR9: =M9+P9+S9+V9+Y9+AB9+AE9+AH9+AK9+AN9+AQ9 -> 268
A10: 64 | B10: 4 | C10: ,sapkuk eqfLye Ldwy d-ua-&1 | D10: 713 | E10: 253 | F10: 221 | G10: 0 | H10: =SUM(E10:G10) -> 474 | I10: 416 | J10: 0 | K10: 1 | M10: ='Praroop-20 hindi'!C13 -> 94 | N10: 2 | P10: ='Praroop-20 hindi'!D13 -> 275 | Q10: 3 | S10: ='Praroop-20 hindi'!E13 -> 34 | T10: 4 | V10: ='Praroop-20 hindi'!F13 -> 3 | W10: 5 | Y10: ='Praroop-20 hindi'!G13 -> 2 | Z10: 6 | AB10: ='Praroop-20 hindi'!H13 -> 1 | AC10: 7 | AE10: ='Praroop-20 hindi'!I13 -> 1 | AF10: 8 | AH10: ='Praroop-20 hindi'!J13 -> 0 | AI10: 9 | AK10: ='Praroop-20 hindi'!K13 -> 56 | AL10: 10 | AN10: ='Praroop-20 hindi'!L13 -> 5 | AO10: 11 | AQ10: ='Praroop-20 hindi'!M13 -> 0 | AR10: =M10+P10+S10+V10+Y10+AB10+AE10+AH10+AK10+AN10+AQ10 -> 471
A11: 64 | B11: 5 | C11: ,sapkuk eqfLye Ldwy d-ua-&2 | D11: 747 | E11: 210 | F11: 231 | G11: 0 | H11: =SUM(E11:G11) -> 441 | I11: 358 | J11: 0 | K11: 1 | M11: ='Praroop-20 hindi'!C14 -> 31 | N11: 2 | P11: ='Praroop-20 hindi'!D14 -> 306 | Q11: 3 | S11: ='Praroop-20 hindi'!E14 -> 43 | T11: 4 | V11: ='Praroop-20 hindi'!F14 -> 3 | W11: 5 | Y11: ='Praroop-20 hindi'!G14 -> 0 | Z11: 6 | AB11: ='Praroop-20 hindi'!H14 -> 0 | AC11: 7 | AE11: ='Praroop-20 hindi'!I14 -> 1 | AF11: 8 | AH11: ='Praroop-20 hindi'!J14 -> 2 | AI11: 9 | AK11: ='Praroop-20 hindi'!K14 -> 48 | AL11: 10 | AN11: ='Praroop-20 hindi'!L14 -> 2 | AO11: 11 | AQ11: ='Praroop-20 hindi'!M14 -> 1 | AR11: =M11+P11+S11+V11+Y11+AB11+AE11+AH11+AK11+AN11+AQ11 -> 437
A12: 64 | B12: 6 | C12: mVljk izkbejh Ldwy d0u01 | D12: 602 | E12: 203 | F12: 196 | G12: 0 | H12: =SUM(E12:G12) -> 399 | I12: 360 | J12: 0 | K12: 1 | M12: ='Praroop-20 hindi'!C15 -> 30 | N12: 2 | P12: ='Praroop-20 hindi'!D15 -> 7 | Q12: 3 | S12: ='Praroop-20 hindi'!E15 -> 342 | T12: 4 | V12: ='Praroop-20 hindi'!F15 -> 5 | W12: 5 | Y12: ='Praroop-20 hindi'!G15 -> 7 | Z12: 6 | AB12: ='Praroop-20 hindi'!H15 -> 1 | AC12: 7 | AE12: ='Praroop-20 hindi'!I15 -> 1 | AF12: 8 | AH12: ='Praroop-20 hindi'!J15 -> 1 | AI12: 9 | AK12: ='Praroop-20 hindi'!K15 -> 0 | AL12: 10 | AN12: ='Praroop-20 hindi'!L15 -> 2 | AO12: 11 | AQ12: ='Praroop-20 hindi'!M15 -> 1 | AR12: =M12+P12+S12+V12+Y12+AB12+AE12+AH12+AK12+AN12+AQ12 -> 397
A13: 64 | B13: 7 | C13: mVljk izkbejh Ldwy d0u02 | D13: 594 | E13: 209 | F13: 163 | G13: 0 | H13: =SUM(E13:G13) -> 372 | I13: 372 | J13: 0 | K13: 1 | M13: ='Praroop-20 hindi'!C16 -> 115 | N13: 2 | P13: ='Praroop-20 hindi'!D16 -> 16 | Q13: 3 | S13: ='Praroop-20 hindi'!E16 -> 226 | T13: 4 | V13: ='Praroop-20 hindi'!F16 -> 3 | W13: 5 | Y13: ='Praroop-20 hindi'!G16 -> 1 | Z13: 6 | AB13: ='Praroop-20 hindi'!H16 -> 2 | AC13: 7 | AE13: ='Praroop-20 hindi'!I16 -> 0 | AF13: 8 | AH13: ='Praroop-20 hindi'!J16 -> 5 | AI13: 9 | AK13: ='Praroop-20 hindi'!K16 -> 1 | AL13: 10 | AN13: ='Praroop-20 hindi'!L16 -> 2 | AO13: 11 | AQ13: ='Praroop-20 hindi'!M16 -> 1 | AR13: =M13+P13+S13+V13+Y13+AB13+AE13+AH13+AK13+AN13+AQ13 -> 372
A14: 64 | B14: 8 | C14: cjeUnuxj izkbZejh Ldwy d-u-&1 | D14: 756 | E14: 215 | F14: 140 | G14: 0 | H14: =SUM(E14:G14) -> 355 | I14: 332 | J14: 0 | K14: 1 | M14: ='Praroop-20 hindi'!C17 -> 38 | N14: 2 | P14: ='Praroop-20 hindi'!D17 -> 45 | Q14: 3 | S14: ='Praroop-20 hindi'!E17 -> 254 | T14: 4 | V14: ='Praroop-20 hindi'!F17 -> 5 | W14: 5 | Y14: ='Praroop-20 hindi'!G17 -> 2 | Z14: 6 | AB14: ='Praroop-20 hindi'!H17 -> 0 | AC14: 7 | AE14: ='Praroop-20 hindi'!I17 -> 0 | AF14: 8 | AH14: ='Praroop-20 hindi'!J17 -> 1 | AI14: 9 | AK14: ='Praroop-20 hindi'!K17 -> 0 | AL14: 10 | AN14: ='Praroop-20 hindi'!L17 -> 1 | AO14: 11 | AQ14: ='Praroop-20 hindi'!M17 -> 1 | AR14: =M14+P14+S14+V14+Y14+AB14+AE14+AH14+AK14+AN14+AQ14 -> 347
A15: 64 | B15: 9 | C15: cjeUnuxj izkbZejh Ldwy d-u-&2 | D15: 803 | E15: 285 | F15: 168 | G15: 0 | H15: =SUM(E15:G15) -> 453 | I15: 411 | J15: 0 | K15: 1 | M15: ='Praroop-20 hindi'!C18 -> 12 | N15: 2 | P15: ='Praroop-20 hindi'!D18 -> 46 | Q15: 3 | S15: ='Praroop-20 hindi'!E18 -> 385 | T15: 4 | V15: ='Praroop-20 hindi'!F18 -> 2 | W15: 5 | Y15: ='Praroop-20 hindi'!G18 -> 1 | Z15: 6 | AB15: ='Praroop-20 hindi'!H18 -> 0 | AC15: 7 | AE15: ='Praroop-20 hindi'!I18 -> 0 | AF15: 8 | AH15: ='Praroop-20 hindi'!J18 -> 1 | AI15: 9 | AK15: ='Praroop-20 hindi'!K18 -> 0 | AL15: 10 | AN15: ='Praroop-20 hindi'!L18 -> 3 | AO15: 11 | AQ15: ='Praroop-20 hindi'!M18 -> 2 | AR15: =M15+P15+S15+V15+Y15+AB15+AE15+AH15+AK15+AN15+AQ15 -> 452
A16: 64 | B16: 10 | C16: cjeUnuxj izkbZejh Ldwy d-u-&3 | D16: 747 | E16: 205 | F16: 163 | G16: 0 | H16: =SUM(E16:G16) -> 368 | I16: 343 | J16: 0 | K16: 1 | M16: ='Praroop-20 hindi'!C19 -> 65 | N16: 2 | P16: ='Praroop-20 hindi'!D19 -> 85 | Q16: 3 | S16: ='Praroop-20 hindi'!E19 -> 210 | T16: 4 | V16: ='Praroop-20 hindi'!F19 -> 4 | W16: 5 | Y16: ='Praroop-20 hindi'!G19 -> 1 | Z16: 6 | AB16: ='Praroop-20 hindi'!H19 -> 0 | AC16: 7 | AE16: ='Praroop-20 hindi'!I19 -> 0 | AF16: 8 | AH16: ='Praroop-20 hindi'!J19 -> 0 | AI16: 9 | AK16: ='Praroop-20 hindi'!K19 -> 2 | AL16: 10 | AN16: ='Praroop-20 hindi'!L19 -> 1 | AO16: 11 | AQ16: ='Praroop-20 hindi'!M19 -> 0 | AR16: =M16+P16+S16+V16+Y16+AB16+AE16+AH16+AK16+AN16+AQ16 -> 368
A17: 64 | B17: 11 | C17: fxj/kjiqj uoknk izkbejh Ldwy d-ua-&1 | D17: 642 | E17: 197 | F17: 208 | G17: 0 | H17: =SUM(E17:G17) -> 405 | I17: 379 | J17: 0 | K17: 1 | M17: ='Praroop-20 hindi'!C20 -> 151 | N17: 2 | P17: ='Praroop-20 hindi'!D20 -> 48 | Q17: 3 | S17: ='Praroop-20 hindi'!E20 -> 197 | T17: 4 | V17: ='Praroop-20 hindi'!F20 -> 3 | W17: 5 | Y17: ='Praroop-20 hindi'!G20 -> 1 | Z17: 6 | AB17: ='Praroop-20 hindi'!H20 -> 0 | AC17: 7 | AE17: ='Praroop-20 hindi'!I20 -> 0 | AF17: 8 | AH17: ='Praroop-20 hindi'!J20 -> 0 | AI17: 9 | AK17: ='Praroop-20 hindi'!K20 -> 0 | AL17: 10 | AN17: ='Praroop-20 hindi'!L20 -> 1 | AO17: 11 | AQ17: ='Praroop-20 hindi'!M20 -> 0 | AR17: =M17+P17+S17+V17+Y17+AB17+AE17+AH17+AK17+AN17+AQ17 -> 401
A18: 64 | B18: 12 | C18: fxj/kjiqj uoknk izkbejh Ldwy d-ua-&2 | D18: 672 | E18: 213 | F18: 185 | G18: 0 | H18: =SUM(E18:G18) -> 398 | I18: 327 | J18: 0 | K18: 1 | M18: ='Praroop-20 hindi'!C21 -> 29 | N18: 2 | P18: ='Praroop-20 hindi'!D21 -> 79 | Q18: 3 | S18: ='Praroop-20 hindi'!E21 -> 282 | T18: 4 | V18: ='Praroop-20 hindi'!F21 -> 3 | W18: 5 | Y18: ='Praroop-20 hindi'!G21 -> 1 | Z18: 6 | AB18: ='Praroop-20 hindi'!H21 -> 0 | AC18: 7 | AE18: ='Praroop-20 hindi'!I21 -> 0 | AF18: 8 | AH18: ='Praroop-20 hindi'!J21 -> 0 | AI18: 9 | AK18: ='Praroop-20 hindi'!K21 -> 0 | AL18: 10 | AN18: ='Praroop-20 hindi'!L21 -> 3 | AO18: 11 | AQ18: ='Praroop-20 hindi'!M21 -> 1 | AR18: =M18+P18+S18+V18+Y18+AB18+AE18+AH18+AK18+AN18+AQ18 -> 398
A19: 64 | B19: 13 | C19: [k.MokMgj etjk fxj/kjiqj uoknk izkbejh Ldwy | D19: 856 | E19: 300 | F19: 253 | G19: 0 | H19: =SUM(E19:G19) -> 553 | I19: 509 | J19: 0 | K19: 1 | M19: ='Praroop-20 hindi'!C22 -> 16 | N19: 2 | P19: ='Praroop-20 hindi'!D22 -> 110 | Q19: 3 | S19: ='Praroop-20 hindi'!E22 -> 421 | T19: 4 | V19: ='Praroop-20 hindi'!F22 -> 0 | W19: 5 | Y19: ='Praroop-20 hindi'!G22 -> 0 | Z19: 6 | AB19: ='Praroop-20 hindi'!H22 -> 0 | AC19: 7 | AE19: ='Praroop-20 hindi'!I22 -> 1 | AF19: 8 | AH19: ='Praroop-20 hindi'!J22 -> 1 | AI19: 9 | AK19: ='Praroop-20 hindi'!K22 -> 0 | AL19: 10 | AN19: ='Praroop-20 hindi'!L22 -> 2 | AO19: 11 | AQ19: ='Praroop-20 hindi'!M22 -> 1 | AR19: =M19+P19+S19+V19+Y19+AB19+AE19+AH19+AK19+AN19+AQ19 -> 552
... A109: 64 | B109: 103 | C109: xqykoBh vk;Z dU;k b.Vj dkyst if'peh Hkkx d-ua&3 | D109: 1107 | E109: 329 | F109: 237 | G109: 0 | H109: =SUM(E109:G109) -> 566 | I109: 534 | J109: 0 | K109: 1 | M109: ='Praroop-20 hindi'!C112 -> 0 | N109: 2 | P109: ='Praroop-20 hindi'!D112 -> 494 | Q109: 3 | S109: ='Praroop-20 hindi'!E112 -> 47 | T109: 4 | V109: ='Praroop-20 hindi'!F112 -> 3 | W109: 5 | Y109: ='Praroop-20 hindi'!G112 -> 0 | Z109: 6 | AB109: ='Praroop-20 hindi'!H112 -> 0 | AC109: 7 | AE109: ='Praroop-20 hindi'!I112 -> 1 | AF109: 8 | AH109: ='Praroop-20 hindi'!J112 -> 0 | AI109: 9 | AK109: ='Praroop-20 hindi'!K112 -> 16 | AL109: 10 | AN109: ='Praroop-20 hindi'!L112 -> 1 | AO109: 11 | AQ109: ='Praroop-20 hindi'!M112 -> 2 | AR109: =M109+P109+S109+V109+Y109+AB109+AE109+AH109+AK109+AN109+AQ109 -> 564
A110: 64 | B110: 104 | C110: xqykoBh vk;Z dU;k b.Vj dkyst if'peh Hkkx d-ua&4 | D110: 1132 | E110: 371 | F110: 321 | H110: =SUM(E110:G110) -> 692 | I110: 692 | J110: 0 | K110: 1 | M110: ='Praroop-20 hindi'!C113 -> 8 | N110: 2 | P110: ='Praroop-20 hindi'!D113 -> 551 | Q110: 3 | S110: ='Praroop-20 hindi'!E113 -> 83 | T110: 4 | V110: ='Praroop-20 hindi'!F113 -> 6 | W110: 5 | Y110: ='Praroop-20 hindi'!G113 -> 0 | Z110: 6 | AB110: ='Praroop-20 hindi'!H113 -> 0 | AC110: 7 | AE110: ='Praroop-20 hindi'!I113 -> 0 | AF110: 8 | AH110: ='Praroop-20 hindi'!J113 -> 0 | AI110: 9 | AK110: ='Praroop-20 hindi'!K113 -> 16 | AL110: 10 | AN110: ='Praroop-20 hindi'!L113 -> 15 | AO110: 11 | AQ110: ='Praroop-20 hindi'!M113 -> 7 | AR110: =M110+P110+S110+V110+Y110+AB110+AE110+AH110+AK110+AN110+AQ110 -> 686
A111: 64 | B111: 105 | C111: gqlSuiqj izkbZejh Ldwy | D111: 927 | E111: 385 | F111: 296 | G111: 0 | H111: =SUM(E111:G111) -> 681 | I111: 647 | J111: 0 | K111: 1 | M111: ='Praroop-20 hindi'!C114 -> 7 | N111: 2 | P111: ='Praroop-20 hindi'!D114 -> 660 | Q111: 3 | S111: ='Praroop-20 hindi'!E114 -> 8 | T111: 4 | V111: ='Praroop-20 hindi'!F114 -> 2 | W111: 5 | Y111: ='Praroop-20 hindi'!G114 -> 0 | Z111: 6 | AB111: ='Praroop-20 hindi'!H114 -> 0 | AC111: 7 | AE111: ='Praroop-20 hindi'!I114 -> 0 | AF111: 8 | AH111: ='Praroop-20 hindi'!J114 -> 0 | AI111: 9 | AK111: ='Praroop-20 hindi'!K114 -> 2 | AL111: 10 | AN111: ='Praroop-20 hindi'!L114 -> 2 | AO111: 11 | AQ111: ='Praroop-20 hindi'!M114 -> 0 | AR111: =M111+P111+S111+V111+Y111+AB111+AE111+AH111+AK111+AN111+AQ111 -> 681
A112: 64 | B112: 106 | C112: D;keiqj izkbZejh Ldwy | D112: 312 | E112: 85 | F112: 69 | G112: 0 | H112: =SUM(E112:G112) -> 154 | I112: 154 | J112: 0 | K112: 1 | M112: ='Praroop-20 hindi'!C115 -> 2 | N112: 2 | P112: ='Praroop-20 hindi'!D115 -> 40 | Q112: 3 | S112: ='Praroop-20 hindi'!E115 -> 111 | T112: 4 | V112: ='Praroop-20 hindi'!F115 -> 0 | W112: 5 | Y112: ='Praroop-20 hindi'!G115 -> 0 | Z112: 6 | AB112: ='Praroop-20 hindi'!H115 -> 0 | AC112: 7 | AE112: ='Praroop-20 hindi'!I115 -> 0 | AF112: 8 | AH112: ='Praroop-20 hindi'!J115 -> 0 | AI112: 9 | AK112: ='Praroop-20 hindi'!K115 -> 0 | AL112: 10 | AN112: ='Praroop-20 hindi'!L115 -> 0 | AO112: 11 | AQ112: ='Praroop-20 hindi'!M115 -> 1 | AR112: =M112+P112+S112+V112+Y112+AB112+AE112+AH112+AK112+AN112+AQ112 -> 154
A113: 64 | B113: 107 | C113: lksguiqj izkbZejh Ldwy d0ua0&1 | D113: 790 | E113: 277 | F113: 232 | G113: 0 | H113: =SUM(E113:G113) -> 509 | I113: 450 | J113: 0 | K113: 1 | M113: ='Praroop-20 hindi'!C116 -> 3 | N113: 2 | P113: ='Praroop-20 hindi'!D116 -> 486 | Q113: 3 | S113: ='Praroop-20 hindi'!E116 -> 15 | T113: 4 | V113: ='Praroop-20 hindi'!F116 -> 0 | W113: 5 | Y113: ='Praroop-20 hindi'!G116 -> 0 | Z113: 6 | AB113: ='Praroop-20 hindi'!H116 -> 0 | AC113: 7 | AE113: ='Praroop-20 hindi'!I116 -> 0 | AF113: 8 | AH113: ='Praroop-20 hindi'!J116 -> 1 | AI113: 9 | AK113: ='Praroop-20 hindi'!K116 -> 2 | AL113: 10 | AN113: ='Praroop-20 hindi'!L116 -> 0 | AO113: 11 | AQ113: ='Praroop-20 hindi'!M116 -> 1 | AR113: =M113+P113+S113+V113+Y113+AB113+AE113+AH113+AK113+AN113+AQ113 -> 508
A114: 64 | B114: 108 | C114: lksguiqj izkbZejh Ldwy d0ua0&2 | D114: 739 | E114: 271 | F114: 227 | G114: 0 | H114: =SUM(E114:G114) -> 498 | I114: 488 | J114: 0 | K114: 1 | M114: ='Praroop-20 hindi'!C117 -> 3 | N114: 2 | P114: ='Praroop-20 hindi'!D117 -> 474 | Q114: 3 | S114: ='Praroop-20 hindi'!E117 -> 15 | T114: 4 | V114: ='Praroop-20 hindi'!F117 -> 2 | W114: 5 | Y114: ='Praroop-20 hindi'!G117 -> 0 | Z114: 6 | AB114: ='Praroop-20 hindi'!H117 -> 0 | AC114: 7 | AE114: ='Praroop-20 hindi'!I117 -> 0 | AF114: 8 | AH114: ='Praroop-20 hindi'!J117 -> 0 | AI114: 9 | AK114: ='Praroop-20 hindi'!K117 -> 0 | AL114: 10 | AN114: ='Praroop-20 hindi'!L117 -> 2 | AO114: 11 | AQ114: ='Praroop-20 hindi'!M117 -> 2 | AR114: =M114+P114+S114+V114+Y114+AB114+AE114+AH114+AK114+AN114+AQ114 -> 498
A115: 64 | B115: 109 | C115: Hkksxiqj izkbZejh Ldwy | D115: 597 | E115: 175 | F115: 135 | G115: 0 | H115: =SUM(E115:G115) -> 310 | I115: 310 | J115: 0 | K115: 1 | M115: ='Praroop-20 hindi'!C118 -> 0 | N115: 2 | P115: ='Praroop-20 hindi'!D118 -> 39 | Q115: 3 | S115: ='Praroop-20 hindi'!E118 -> 269 | T115: 4 | V115: ='Praroop-20 hindi'!F118 -> 1 | W115: 5 | Y115: ='Praroop-20 hindi'!G118 -> 0 | Z115: 6 | AB115: ='Praroop-20 hindi'!H118 -> 0 | AC115: 7 | AE115: ='Praroop-20 hindi'!I118 -> 0 | AF115: 8 | AH115: ='Praroop-20 hindi'!J118 -> 0 | AI115: 9 | AK115: ='Praroop-20 hindi'!K118 -> 0 | AL115: 10 | AN115: ='Praroop-20 hindi'!L118 -> 1 | AO115: 11 | AQ115: ='Praroop-20 hindi'!M118 -> 0 | AR115: =M115+P115+S115+V115+Y115+AB115+AE115+AH115+AK115+AN115+AQ115 -> 310
A116: 64 | B116: 110 | C116: HkVkSuk izkbZejh Ldwy d-u-&1 | D116: 902 | E116: 270 | F116: 249 | G116: 0 | H116: =SUM(E116:G116) -> 519 | I116: 467 | J116: 0 | K116: 1 | M116: ='Praroop-20 hindi'!C119 -> 84 | N116: 2 | P116: ='Praroop-20 hindi'!D119 -> 119 | Q116: 3 | S116: ='Praroop-20 hindi'!E119 -> 305 | T116: 4 | V116: ='Praroop-20 hindi'!F119 -> 3 | W116: 5 | Y116: ='Praroop-20 hindi'!G119 -> 0 | Z116: 6 | AB116: ='Praroop-20 hindi'!H119 -> 1 | AC116: 7 | AE116: ='Praroop-20 hindi'!I119 -> 1 | AF116: 8 | AH116: ='Praroop-20 hindi'!J119 -> 1 | AI116: 9 | AK116: ='Praroop-20 hindi'!K119 -> 1 | AL116: 10 | AN116: ='Praroop-20 hindi'!L119 -> 1 | AO116: 11 | AQ116: ='Praroop-20 hindi'!M119 -> 1 | AR116: =M116+P116+S116+V116+Y116+AB116+AE116+AH116+AK116+AN116+AQ116 -> 517
A117: 64 | B117: 111 | C117: HkVkSuk izkbZejh Ldwy d-u-&2 | D117: 851 | E117: 280 | F117: 244 | G117: 0 | H117: =SUM(E117:G117) -> 524 | I117: 524 | J117: 0 | K117: 1 | M117: ='Praroop-20 hindi'!C120 -> 166 | N117: 2 | P117: ='Praroop-20 hindi'!D120 -> 137 | Q117: 3 | S117: ='Praroop-20 hindi'!E120 -> 196 | T117: 4 | V117: ='Praroop-20 hindi'!F120 -> 4 | W117: 5 | Y117: ='Praroop-20 hindi'!G120 -> 1 | Z117: 6 | AB117: ='Praroop-20 hindi'!H120 -> 0 | AC117: 7 | AE117: ='Praroop-20 hindi'!I120 -> 1 | AF117: 8 | AH117: ='Praroop-20 hindi'!J120 -> 1 | AI117: 9 | AK117: ='Praroop-20 hindi'!K120 -> 1 | AL117: 10 | AN117: ='Praroop-20 hindi'!L120 -> 4 | AO117: 11 | AQ117: ='Praroop-20 hindi'!M120 -> 4 | AR117: =M117+P117+S117+V117+Y117+AB117+AE117+AH117+AK117+AN117+AQ117 -> 515
A118: 64 | B118: 112 | C118: HkVkSuk pkS- pj.k flag baVj dkfyt d-ua-&1 | D118: 848 | E118: 259 | F118: 202 | G118: 0 | H118: =SUM(E118:G118) -> 461 | I118: 451 | J118: 0 | K118: 1 | M118: ='Praroop-20 hindi'!C121 -> 35 | N118: 2 | P118: ='Praroop-20 hindi'!D121 -> 154 | Q118: 3 | S118: ='Praroop-20 hindi'!E121 -> 263 | T118: 4 | V118: ='Praroop-20 hindi'!F121 -> 5 | W118: 5 | Y118: ='Praroop-20 hindi'!G121 -> 1 | Z118: 6 | AB118: ='Praroop-20 hindi'!H121 -> 0 | AC118: 7 | AE118: ='Praroop-20 hindi'!I121 -> 0 | AF118: 8 | AH118: ='Praroop-20 hindi'!J121 -> 0 | AI118: 9 | AK118: ='Praroop-20 hindi'!K121 -> 0 | AL118: 10 | AN118: ='Praroop-20 hindi'!L121 -> 1 | AO118: 11 | AQ118: ='Praroop-20 hindi'!M121 -> 0 | AR118: =M118+P118+S118+V118+Y118+AB118+AE118+AH118+AK118+AN118+AQ118 -> 459
A119: 64 | B119: 113 | C119: HkVkSuk pkS- pj.k flag baVj dkfyt d-ua-&2 | D119: 858 | E119: 227 | F119: 218 | G119: 0 | H119: =SUM(E119:G119) -> 445 | I119: 416 | J119: 0 | K119: 1 | M119: ='Praroop-20 hindi'!C122 -> 11 | N119: 2 | P119: ='Praroop-20 hindi'!D122 -> 153 | Q119: 3 | S119: ='Praroop-20 hindi'!E122 -> 276 | T119: 4 | V119: ='Praroop-20 hindi'!F122 -> 0 | W119: 5 | Y119: ='Praroop-20 hindi'!G122 -> 3 | Z119: 6 | AB119: ='Praroop-20 hindi'!H122 -> 1 | AC119: 7 | AE119: ='Praroop-20 hindi'!I122 -> 0 | AF119: 8 | AH119: ='Praroop-20 hindi'!J122 -> 0 | AI119: 9 | AK119: ='Praroop-20 hindi'!K122 -> 0 | AL119: 10 | AN119: ='Praroop-20 hindi'!L122 -> 0 | AO119: 11 | AQ119: ='Praroop-20 hindi'!M122 -> 0 | AR119: =M119+P119+S119+V119+Y119+AB119+AE119+AH119+AK119+AN119+AQ119 -> 444
A120: 64 | B120: 114 | C120: HkVkSuk pkS- pj.k flag baVj dkfyt d-ua-&3 | D120: 933 | E120: 261 | F120: 204 | G120: 0 | H120: =SUM(E120:G120) -> 465 | I120: 455 | J120: 0 | K120: 1 | M120: ='Praroop-20 hindi'!C123 -> 9 | N120: 2 | P120: ='Praroop-20 hindi'!D123 -> 123 | Q120: 3 | S120: ='Praroop-20 hindi'!E123 -> 331 | T120: 4 | V120: ='Praroop-20 hindi'!F123 -> 0 | W120: 5 | Y120: ='Praroop-20 hindi'!G123 -> 1 | Z120: 6 | AB120: ='Praroop-20 hindi'!H123 -> 0 | AC120: 7 | AE120: ='Praroop-20 hindi'!I123 -> 0 | AF120: 8 | AH120: ='Praroop-20 hindi'!J123 -> 0 | AI120: 9 | AK120: ='Praroop-20 hindi'!K123 -> 0 | AL120: 10 | AN120: ='Praroop-20 hindi'!L123 -> 0 | AO120: 11 | AQ120: ='Praroop-20 hindi'!M123 -> 0 | AR120: =M120+P120+S120+V120+Y120+AB120+AE120+AH120+AK120+AN120+AQ120 -> 464
A121: 64 | B121: 115 | C121: HkVkSuk pkS- pj.k flag baVj dkfyt d-ua-&4 | D121: 736 | E121: 247 | F121: 206 | G121: 0 | H121: =SUM(E121:G121) -> 453 | I121: 387 | J121: 0 | K121: 1 | M121: ='Praroop-20 hindi'!C124 -> 11 | N121: 2 | P121: ='Praroop-20 hindi'!D124 -> 92 | Q121: 3 | S121: ='Praroop-20 hindi'!E124 -> 347 | T121: 4 | V121: ='Praroop-20 hindi'!F124 -> 0 | W121: 5 | Y121: ='Praroop-20 hindi'!G124 -> 1 | Z121: 6 | AB121: ='Praroop-20 hindi'!H124 -> 0 | AC121: 7 | AE121: ='Praroop-20 hindi'!I124 -> 0 | AF121: 8 | AH121: ='Praroop-20 hindi'!J124 -> 0 | AI121: 9 | AK121: ='Praroop-20 hindi'!K124 -> 0 | AL121: 10 | AN121: ='Praroop-20 hindi'!L124 -> 0 | AO121: 11 | AQ121: ='Praroop-20 hindi'!M124 -> 0 | AR121: =M121+P121+S121+V121+Y121+AB121+AE121+AH121+AK121+AN121+AQ121 -> 451
A122: 64 | B122: 116 | C122: ftjkoBh izkbZejh Ldwy | D122: 929 | E122: 320 | F122: 289 | G122: 0 | H122: =SUM(E122:G122) -> 609 | I122: 583 | J122: 0 | K122: 1 | M122: ='Praroop-20 hindi'!C125 -> 31 | N122: 2 | P122: ='Praroop-20 hindi'!D125 -> 429 | Q122: 3 | S122: ='Praroop-20 hindi'!E125 -> 128 | T122: 4 | V122: ='Praroop-20 hindi'!F125 -> 1 | W122: 5 | Y122: ='Praroop-20 hindi'!G125 -> 2 | Z122: 6 | AB122: ='Praroop-20 hindi'!H125 -> 0 | AC122: 7 | AE122: ='Praroop-20 hindi'!I125 -> 0 | AF122: 8 | AH122: ='Praroop-20 hindi'!J125 -> 2 | AI122: 9 | AK122: ='Praroop-20 hindi'!K125 -> 7 | AL122: 10 | AN122: ='Praroop-20 hindi'!L125 -> 1 | AO122: 11 | AQ122: ='Praroop-20 hindi'!M125 -> 3 | AR122: =M122+P122+S122+V122+Y122+AB122+AE122+AH122+AK122+AN122+AQ122 -> 604
... A145: 64 | B145: 139 | C145: Hkjkuk Lokeh vuUrkuUn bUVj dkfyt d-u&2 | D145: 876 | E145: 346 | F145: 258 | G145: 0 | H145: =SUM(E145:G145) -> 604 | I145: 604 | J145: 0 | K145: 1 | M145: ='Praroop-20 hindi'!C148 -> 268 | N145: 2 | P145: ='Praroop-20 hindi'!D148 -> 15 | Q145: 3 | S145: ='Praroop-20 hindi'!E148 -> 307 | T145: 4 | V145: ='Praroop-20 hindi'!F148 -> 1 | W145: 5 | Y145: ='Praroop-20 hindi'!G148 -> 7 | Z145: 6 | AB145: ='Praroop-20 hindi'!H148 -> 1 | AC145: 7 | AE145: ='Praroop-20 hindi'!I148 -> 1 | AF145: 8 | AH145: ='Praroop-20 hindi'!J148 -> 2 | AI145: 9 | AK145: ='Praroop-20 hindi'!K148 -> 0 | AL145: 10 | AN145: ='Praroop-20 hindi'!L148 -> 1 | AO145: 11 | AQ145: ='Praroop-20 hindi'!M148 -> 0 | AR145: =M145+P145+S145+V145+Y145+AB145+AE145+AH145+AK145+AN145+AQ145 -> 603
A146: 64 | B146: 140 | C146: Hkjkuk Lokeh vuUrkuUn bUVj dkfyt d-u&3 | D146: 936 | E146: 361 | F146: 288 | H146: =SUM(E146:G146) -> 649 | I146: 649 | J146: 0 | K146: 1 | M146: ='Praroop-20 hindi'!C149 -> 191 | N146: 2 | P146: ='Praroop-20 hindi'!D149 -> 27 | Q146: 3 | S146: ='Praroop-20 hindi'!E149 -> 400 | T146: 4 | V146: ='Praroop-20 hindi'!F149 -> 6 | W146: 5 | Y146: ='Praroop-20 hindi'!G149 -> 4 | Z146: 6 | AB146: ='Praroop-20 hindi'!H149 -> 2 | AC146: 7 | AE146: ='Praroop-20 hindi'!I149 -> 0 | AF146: 8 | AH146: ='Praroop-20 hindi'!J149 -> 2 | AI146: 9 | AK146: ='Praroop-20 hindi'!K149 -> 3 | AL146: 10 | AN146: ='Praroop-20 hindi'!L149 -> 6 | AO146: 11 | AQ146: ='Praroop-20 hindi'!M149 -> 1 | AR146: =M146+P146+S146+V146+Y146+AB146+AE146+AH146+AK146+AN146+AQ146 -> 642
A147: 64 | B147: 141 | C147: ykBkSj izkbZejh Ldwy | D147: 445 | E147: 198 | F147: 157 | G147: 0 | H147: =SUM(E147:G147) -> 355 | I147: 340 | J147: 0 | K147: 1 | M147: ='Praroop-20 hindi'!C150 -> 10 | N147: 2 | P147: ='Praroop-20 hindi'!D150 -> 27 | Q147: 3 | S147: ='Praroop-20 hindi'!E150 -> 311 | T147: 4 | V147: ='Praroop-20 hindi'!F150 -> 0 | W147: 5 | Y147: ='Praroop-20 hindi'!G150 -> 0 | Z147: 6 | AB147: ='Praroop-20 hindi'!H150 -> 0 | AC147: 7 | AE147: ='Praroop-20 hindi'!I150 -> 0 | AF147: 8 | AH147: ='Praroop-20 hindi'!J150 -> 0 | AI147: 9 | AK147: ='Praroop-20 hindi'!K150 -> 1 | AL147: 10 | AN147: ='Praroop-20 hindi'!L150 -> 5 | AO147: 11 | AQ147: ='Praroop-20 hindi'!M150 -> 0 | AR147: =M147+P147+S147+V147+Y147+AB147+AE147+AH147+AK147+AN147+AQ147 -> 354
A148: 64 | B148: 142 | C148: eqjknkckn izkbZejh Ldwy d-ua-&1 | D148: 849 | E148: 336 | F148: 307 | G148: 0 | H148: =SUM(E148:G148) -> 643 | I148: 643 | J148: 0 | K148: 1 | M148: ='Praroop-20 hindi'!C151 -> 50 | N148: 2 | P148: ='Praroop-20 hindi'!D151 -> 65 | Q148: 3 | S148: ='Praroop-20 hindi'!E151 -> 508 | T148: 4 | V148: ='Praroop-20 hindi'!F151 -> 3 | W148: 5 | Y148: ='Praroop-20 hindi'!G151 -> 1 | Z148: 6 | AB148: ='Praroop-20 hindi'!H151 -> 0 | AC148: 7 | AE148: ='Praroop-20 hindi'!I151 -> 0 | AF148: 8 | AH148: ='Praroop-20 hindi'!J151 -> 2 | AI148: 9 | AK148: ='Praroop-20 hindi'!K151 -> 0 | AL148: 10 | AN148: ='Praroop-20 hindi'!L151 -> 9 | AO148: 11 | AQ148: ='Praroop-20 hindi'!M151 -> 2 | AR148: =M148+P148+S148+V148+Y148+AB148+AE148+AH148+AK148+AN148+AQ148 -> 640
A149: 64 | B149: 143 | C149: eqjknkckn izkbZejh Ldwy d-ua-&2 | D149: 865 | E149: 365 | F149: 310 | G149: 0 | H149: =SUM(E149:G149) -> 675 | I149: 600 | J149: 0 | K149: 1 | M149: ='Praroop-20 hindi'!C152 -> 71 | N149: 2 | P149: ='Praroop-20 hindi'!D152 -> 70 | Q149: 3 | S149: ='Praroop-20 hindi'!E152 -> 520 | T149: 4 | V149: ='Praroop-20 hindi'!F152 -> 2 | W149: 5 | Y149: ='Praroop-20 hindi'!G152 -> 3 | Z149: 6 | AB149: ='Praroop-20 hindi'!H152 -> 0 | AC149: 7 | AE149: ='Praroop-20 hindi'!I152 -> 0 | AF149: 8 | AH149: ='Praroop-20 hindi'!J152 -> 0 | AI149: 9 | AK149: ='Praroop-20 hindi'!K152 -> 2 | AL149: 10 | AN149: ='Praroop-20 hindi'!L152 -> 7 | AO149: 11 | AQ149: ='Praroop-20 hindi'!M152 -> 0 | AR149: =M149+P149+S149+V149+Y149+AB149+AE149+AH149+AK149+AN149+AQ149 -> 675
A150: 64 | B150: 144 | C150: ihj fo;kokuh izkbZejh Ldwy d-ua-&1 | D150: 695 | E150: 271 | F150: 262 | G150: 0 | H150: =SUM(E150:G150) -> 533 | I150: 518 | J150: 0 | K150: 1 | M150: ='Praroop-20 hindi'!C153 -> 75 | N150: 2 | P150: ='Praroop-20 hindi'!D153 -> 119 | Q150: 3 | S150: ='Praroop-20 hindi'!E153 -> 324 | T150: 4 | V150: ='Praroop-20 hindi'!F153 -> 4 | W150: 5 | Y150: ='Praroop-20 hindi'!G153 -> 1 | Z150: 6 | AB150: ='Praroop-20 hindi'!H153 -> 0 | AC150: 7 | AE150: ='Praroop-20 hindi'!I153 -> 0 | AF150: 8 | AH150: ='Praroop-20 hindi'!J153 -> 0 | AI150: 9 | AK150: ='Praroop-20 hindi'!K153 -> 1 | AL150: 10 | AN150: ='Praroop-20 hindi'!L153 -> 2 | AO150: 11 | AQ150: ='Praroop-20 hindi'!M153 -> 1 | AR150: =M150+P150+S150+V150+Y150+AB150+AE150+AH150+AK150+AN150+AQ150 -> 527
A151: 64 | B151: 145 | C151: ihj fo;kokuh izkbZejh Ldwy d-ua-&2 | D151: 722 | E151: 297 | F151: 283 | G151: 0 | H151: =SUM(E151:G151) -> 580 | I151: 518 | J151: 0 | K151: 1 | M151: ='Praroop-20 hindi'!C154 -> 13 | N151: 2 | P151: ='Praroop-20 hindi'!D154 -> 368 | Q151: 3 | S151: ='Praroop-20 hindi'!E154 -> 183 | T151: 4 | V151: ='Praroop-20 hindi'!F154 -> 3 | W151: 5 | Y151: ='Praroop-20 hindi'!G154 -> 1 | Z151: 6 | AB151: ='Praroop-20 hindi'!H154 -> 0 | AC151: 7 | AE151: ='Praroop-20 hindi'!I154 -> 1 | AF151: 8 | AH151: ='Praroop-20 hindi'!J154 -> 0 | AI151: 9 | AK151: ='Praroop-20 hindi'!K154 -> 1 | AL151: 10 | AN151: ='Praroop-20 hindi'!L154 -> 7 | AO151: 11 | AQ151: ='Praroop-20 hindi'!M154 -> 2 | AR151: =M151+P151+S151+V151+Y151+AB151+AE151+AH151+AK151+AN151+AQ151 -> 579
A152: 64 | B152: 146 | C152: xkthoh:iqj izkbZejh Ldwy d0u01 | D152: 637 | E152: 261 | F152: 219 | G152: 0 | H152: =SUM(E152:G152) -> 480 | I152: 410 | J152: 0 | K152: 1 | M152: ='Praroop-20 hindi'!C155 -> 120 | N152: 2 | P152: ='Praroop-20 hindi'!D155 -> 246 | Q152: 3 | S152: ='Praroop-20 hindi'!E155 -> 104 | T152: 4 | V152: ='Praroop-20 hindi'!F155 -> 0 | W152: 5 | Y152: ='Praroop-20 hindi'!G155 -> 0 | Z152: 6 | AB152: ='Praroop-20 hindi'!H155 -> 0 | AC152: 7 | AE152: ='Praroop-20 hindi'!I155 -> 0 | AF152: 8 | AH152: ='Praroop-20 hindi'!J155 -> 1 | AI152: 9 | AK152: ='Praroop-20 hindi'!K155 -> 1 | AL152: 10 | AN152: ='Praroop-20 hindi'!L155 -> 3 | AO152: 11 | AQ152: ='Praroop-20 hindi'!M155 -> 2 | AR152: =M152+P152+S152+V152+Y152+AB152+AE152+AH152+AK152+AN152+AQ152 -> 477
A153: 64 | B153: 147 | C153: xkthoh:iqj izkbZejh Ldwy d0u02 | D153: 590 | E153: 211 | F153: 190 | G153: 0 | H153: =SUM(E153:G153) -> 401 | I153: 355 | J153: 0 | K153: 1 | M153: ='Praroop-20 hindi'!C156 -> 47 | N153: 2 | P153: ='Praroop-20 hindi'!D156 -> 234 | Q153: 3 | S153: ='Praroop-20 hindi'!E156 -> 117 | T153: 4 | V153: ='Praroop-20 hindi'!F156 -> 0 | W153: 5 | Y153: ='Praroop-20 hindi'!G156 -> 0 | Z153: 6 | AB153: ='Praroop-20 hindi'!H156 -> 1 | AC153: 7 | AE153: ='Praroop-20 hindi'!I156 -> 0 | AF153: 8 | AH153: ='Praroop-20 hindi'!J156 -> 0 | AI153: 9 | AK153: ='Praroop-20 hindi'!K156 -> 1 | AL153: 10 | AN153: ='Praroop-20 hindi'!L156 -> 1 | AO153: 11 | AQ153: ='Praroop-20 hindi'!M156 -> 0 | AR153: =M153+P153+S153+V153+Y153+AB153+AE153+AH153+AK153+AN153+AQ153 -> 401
A154: 64 | B154: 148 | C154: cSuhiqj izkbZejh Ldwy | D154: 1179 | E154: 420 | F154: 410 | G154: 0 | H154: =SUM(E154:G154) -> 830 | I154: 800 | J154: 0 | K154: 1 | M154: ='Praroop-20 hindi'!C157 -> 120 | N154: 2 | P154: ='Praroop-20 hindi'!D157 -> 343 | Q154: 3 | S154: ='Praroop-20 hindi'!E157 -> 358 | T154: 4 | V154: ='Praroop-20 hindi'!F157 -> 3 | W154: 5 | Y154: ='Praroop-20 hindi'!G157 -> 0 | Z154: 6 | AB154: ='Praroop-20 hindi'!H157 -> 0 | AC154: 7 | AE154: ='Praroop-20 hindi'!I157 -> 0 | AF154: 8 | AH154: ='Praroop-20 hindi'!J157 -> 0 | AI154: 9 | AK154: ='Praroop-20 hindi'!K157 -> 0 | AL154: 10 | AN154: ='Praroop-20 hindi'!L157 -> 4 | AO154: 11 | AQ154: ='Praroop-20 hindi'!M157 -> 1 | AR154: =M154+P154+S154+V154+Y154+AB154+AE154+AH154+AK154+AN154+AQ154 -> 829
A155: 64 | B155: 149 | C155: ykMykokl izkbZejh Ldwy | D155: 833 | E155: 345 | F155: 291 | G155: 0 | H155: =SUM(E155:G155) -> 636 | I155: 615 | J155: 0 | K155: 1 | M155: ='Praroop-20 hindi'!C158 -> 33 | N155: 2 | P155: ='Praroop-20 hindi'!D158 -> 557 | Q155: 3 | S155: ='Praroop-20 hindi'!E158 -> 22 | T155: 4 | V155: ='Praroop-20 hindi'!F158 -> 7 | W155: 5 | Y155: ='Praroop-20 hindi'!G158 -> 2 | Z155: 6 | AB155: ='Praroop-20 hindi'!H158 -> 0 | AC155: 7 | AE155: ='Praroop-20 hindi'!I158 -> 0 | AF155: 8 | AH155: ='Praroop-20 hindi'!J158 -> 1 | AI155: 9 | AK155: ='Praroop-20 hindi'!K158 -> 8 | AL155: 10 | AN155: ='Praroop-20 hindi'!L158 -> 2 | AO155: 11 | AQ155: ='Praroop-20 hindi'!M158 -> 2 | AR155: =M155+P155+S155+V155+Y155+AB155+AE155+AH155+AK155+AN155+AQ155 -> 634
A156: 64 | B156: 150 | C156: eqgkuk n;kuUn pkSchlk dU;k baVj dkfyt d-ua&1 | D156: 1129 | E156: 339 | F156: 298 | G156: 0 | H156: =SUM(E156:G156) -> 637 | I156: 537 | J156: 0 | K156: 1 | M156: ='Praroop-20 hindi'!C159 -> 20 | N156: 2 | P156: ='Praroop-20 hindi'!D159 -> 423 | Q156: 3 | S156: ='Praroop-20 hindi'!E159 -> 182 | T156: 4 | V156: ='Praroop-20 hindi'!F159 -> 9 | W156: 5 | Y156: ='Praroop-20 hindi'!G159 -> 0 | Z156: 6 | AB156: ='Praroop-20 hindi'!H159 -> 0 | AC156: 7 | AE156: ='Praroop-20 hindi'!I159 -> 0 | AF156: 8 | AH156: ='Praroop-20 hindi'!J159 -> 0 | AI156: 9 | AK156: ='Praroop-20 hindi'!K159 -> 1 | AL156: 10 | AN156: ='Praroop-20 hindi'!L159 -> 1 | AO156: 11 | AQ156: ='Praroop-20 hindi'!M159 -> 0 | AR156: =M156+P156+S156+V156+Y156+AB156+AE156+AH156+AK156+AN156+AQ156 -> 636
A157: 64 | B157: 151 | C157: eqgkuk n;kuUn pkSchlk dU;k baVj dkfyt d-ua&2 | D157: 829 | E157: 285 | F157: 252 | G157: 0 | H157: =SUM(E157:G157) -> 537 | I157: 501 | J157: 0 | K157: 1 | M157: ='Praroop-20 hindi'!C160 -> 126 | N157: 2 | P157: ='Praroop-20 hindi'!D160 -> 278 | Q157: 3 | S157: ='Praroop-20 hindi'!E160 -> 85 | T157: 4 | V157: ='Praroop-20 hindi'!F160 -> 4 | W157: 5 | Y157: ='Praroop-20 hindi'!G160 -> 2 | Z157: 6 | AB157: ='Praroop-20 hindi'!H160 -> 0 | AC157: 7 | AE157: ='Praroop-20 hindi'!I160 -> 0 | AF157: 8 | AH157: ='Praroop-20 hindi'!J160 -> 0 | AI157: 9 | AK157: ='Praroop-20 hindi'!K160 -> 31 | AL157: 10 | AN157: ='Praroop-20 hindi'!L160 -> 5 | AO157: 11 | AQ157: ='Praroop-20 hindi'!M160 -> 2 | AR157: =M157+P157+S157+V157+Y157+AB157+AE157+AH157+AK157+AN157+AQ157 -> 533
A158: 64 | B158: 152 | C158: bZlsiqj izkbZejh Ldwy d-ua&1 | D158: 827 | E158: 283 | F158: 278 | G158: 0 | H158: =SUM(E158:G158) -> 561 | I158: 519 | J158: 0 | K158: 1 | M158: ='Praroop-20 hindi'!C161 -> 85 | N158: 2 | P158: ='Praroop-20 hindi'!D161 -> 391 | Q158: 3 | S158: ='Praroop-20 hindi'!E161 -> 79 | T158: 4 | V158: ='Praroop-20 hindi'!F161 -> 0 | W158: 5 | Y158: ='Praroop-20 hindi'!G161 -> 0 | Z158: 6 | AB158: ='Praroop-20 hindi'!H161 -> 0 | AC158: 7 | AE158: ='Praroop-20 hindi'!I161 -> 0 | AF158: 8 | AH158: ='Praroop-20 hindi'!J161 -> 1 | AI158: 9 | AK158: ='Praroop-20 hindi'!K161 -> 0 | AL158: 10 | AN158: ='Praroop-20 hindi'!L161 -> 2 | AO158: 11 | AQ158: ='Praroop-20 hindi'!M161 -> 2 | AR158: =M158+P158+S158+V158+Y158+AB158+AE158+AH158+AK158+AN158+AQ158 -> 560
... A285: 64 | B285: 279 | C285: fldUnzkckn vxzlSu bUVj dkfyt eq[; Hkou d0ua0&2 | D285: 620 | E285: 256 | F285: 211 | G285: 0 | H285: =SUM(E285:G285) -> 467 | I285: 401 | J285: 0 | K285: 1 | M285: ='Praroop-20 hindi'!C288 -> 4 | N285: 2 | P285: ='Praroop-20 hindi'!D288 -> 63 | Q285: 3 | S285: ='Praroop-20 hindi'!E288 -> 396 | T285: 4 | V285: ='Praroop-20 hindi'!F288 -> 1 | W285: 5 | Y285: ='Praroop-20 hindi'!G288 -> 0 | Z285: 6 | AB285: ='Praroop-20 hindi'!H288 -> 0 | AC285: 7 | AE285: ='Praroop-20 hindi'!I288 -> 1 | AF285: 8 | AH285: ='Praroop-20 hindi'!J288 -> 1 | AI285: 9 | AK285: ='Praroop-20 hindi'!K288 -> 0 | AL285: 10 | AN285: ='Praroop-20 hindi'!L288 -> 1 | AO285: 11 | AQ285: ='Praroop-20 hindi'!M288 -> 0 | AR285: =M285+P285+S285+V285+Y285+AB285+AE285+AH285+AK285+AN285+AQ285 -> 467
A286: 64 | B286: 280 | C286: fldUnzkckn vxzlSu bUVj dkfyt eq[; Hkou d0ua0&3 | D286: 899 | E286: 332 | F286: 318 | H286: =SUM(E286:G286) -> 650 | I286: 600 | J286: 0 | K286: 1 | M286: ='Praroop-20 hindi'!C289 -> 36 | N286: 2 | P286: ='Praroop-20 hindi'!D289 -> 585 | Q286: 3 | S286: ='Praroop-20 hindi'!E289 -> 2 | T286: 4 | V286: ='Praroop-20 hindi'!F289 -> 3 | W286: 5 | Y286: ='Praroop-20 hindi'!G289 -> 0 | Z286: 6 | AB286: ='Praroop-20 hindi'!H289 -> 0 | AC286: 7 | AE286: ='Praroop-20 hindi'!I289 -> 0 | AF286: 8 | AH286: ='Praroop-20 hindi'!J289 -> 0 | AI286: 9 | AK286: ='Praroop-20 hindi'!K289 -> 20 | AL286: 10 | AN286: ='Praroop-20 hindi'!L289 -> 2 | AO286: 11 | AQ286: ='Praroop-20 hindi'!M289 -> 2 | AR286: =M286+P286+S286+V286+Y286+AB286+AE286+AH286+AK286+AN286+AQ286 -> 650
A287: 64 | B287: 281 | C287: fldUnzkckn vxzlSu bUVj dkfyt eq[; Hkou d0ua0&4 | D287: 985 | E287: 410 | F287: 443 | G287: 0 | H287: =SUM(E287:G287) -> 853 | I287: 853 | J287: 0 | K287: 1 | M287: ='Praroop-20 hindi'!C290 -> 61 | N287: 2 | P287: ='Praroop-20 hindi'!D290 -> 702 | Q287: 3 | S287: ='Praroop-20 hindi'!E290 -> 27 | T287: 4 | V287: ='Praroop-20 hindi'!F290 -> 32 | W287: 5 | Y287: ='Praroop-20 hindi'!G290 -> 0 | Z287: 6 | AB287: ='Praroop-20 hindi'!H290 -> 0 | AC287: 7 | AE287: ='Praroop-20 hindi'!I290 -> 3 | AF287: 8 | AH287: ='Praroop-20 hindi'!J290 -> 0 | AI287: 9 | AK287: ='Praroop-20 hindi'!K290 -> 19 | AL287: 10 | AN287: ='Praroop-20 hindi'!L290 -> 5 | AO287: 11 | AQ287: ='Praroop-20 hindi'!M290 -> 1 | AR287: =M287+P287+S287+V287+Y287+AB287+AE287+AH287+AK287+AN287+AQ287 -> 850
A288: 64 | B288: 282 | C288: fldUnzkckn vxzlSu bUVj dkfyt eq[; Hkou d0ua0&5 | D288: 752 | E288: 323 | F288: 259 | G288: 0 | H288: =SUM(E288:G288) -> 582 | I288: 485 | J288: 0 | K288: 1 | M288: ='Praroop-20 hindi'!C291 -> 7 | N288: 2 | P288: ='Praroop-20 hindi'!D291 -> 532 | Q288: 3 | S288: ='Praroop-20 hindi'!E291 -> 3 | T288: 4 | V288: ='Praroop-20 hindi'!F291 -> 4 | W288: 5 | Y288: ='Praroop-20 hindi'!G291 -> 0 | Z288: 6 | AB288: ='Praroop-20 hindi'!H291 -> 0 | AC288: 7 | AE288: ='Praroop-20 hindi'!I291 -> 0 | AF288: 8 | AH288: ='Praroop-20 hindi'!J291 -> 0 | AI288: 9 | AK288: ='Praroop-20 hindi'!K291 -> 34 | AL288: 10 | AN288: ='Praroop-20 hindi'!L291 -> 1 | AO288: 11 | AQ288: ='Praroop-20 hindi'!M291 -> 0 | AR288: =M288+P288+S288+V288+Y288+AB288+AE288+AH288+AK288+AN288+AQ288 -> 581
A289: 64 | B289: 283 | C289: fldUnzkckn vxzlSu bUVj dkfyt u;k Hkou d0ua&1 | D289: 969 | E289: 364 | F289: 273 | G289: 0 | H289: =SUM(E289:G289) -> 637 | I289: 600 | J289: 0 | K289: 1 | M289: ='Praroop-20 hindi'!C292 -> 11 | N289: 2 | P289: ='Praroop-20 hindi'!D292 -> 587 | Q289: 3 | S289: ='Praroop-20 hindi'!E292 -> 12 | T289: 4 | V289: ='Praroop-20 hindi'!F292 -> 9 | W289: 5 | Y289: ='Praroop-20 hindi'!G292 -> 0 | Z289: 6 | AB289: ='Praroop-20 hindi'!H292 -> 0 | AC289: 7 | AE289: ='Praroop-20 hindi'!I292 -> 1 | AF289: 8 | AH289: ='Praroop-20 hindi'!J292 -> 0 | AI289: 9 | AK289: ='Praroop-20 hindi'!K292 -> 13 | AL289: 10 | AN289: ='Praroop-20 hindi'!L292 -> 2 | AO289: 11 | AQ289: ='Praroop-20 hindi'!M292 -> 0 | AR289: =M289+P289+S289+V289+Y289+AB289+AE289+AH289+AK289+AN289+AQ289 -> 635
A290: 64 | B290: 284 | C290: fldUnzkckn vxzlSu bUVj dkfyt u;k Hkou d0ua&2 | D290: 918 | E290: 340 | F290: 294 | G290: 0 | H290: =SUM(E290:G290) -> 634 | I290: 550 | J290: 0 | K290: 1 | M290: ='Praroop-20 hindi'!C293 -> 7 | N290: 2 | P290: ='Praroop-20 hindi'!D293 -> 135 | Q290: 3 | S290: ='Praroop-20 hindi'!E293 -> 484 | T290: 4 | V290: ='Praroop-20 hindi'!F293 -> 2 | W290: 5 | Y290: ='Praroop-20 hindi'!G293 -> 0 | Z290: 6 | AB290: ='Praroop-20 hindi'!H293 -> 0 | AC290: 7 | AE290: ='Praroop-20 hindi'!I293 -> 0 | AF290: 8 | AH290: ='Praroop-20 hindi'!J293 -> 0 | AI290: 9 | AK290: ='Praroop-20 hindi'!K293 -> 2 | AL290: 10 | AN290: ='Praroop-20 hindi'!L293 -> 2 | AO290: 11 | AQ290: ='Praroop-20 hindi'!M293 -> 1 | AR290: =M290+P290+S290+V290+Y290+AB290+AE290+AH290+AK290+AN290+AQ290 -> 633
A291: 64 | B291: 285 | C291: fldUnzkckn vxzlSu bUVj dkfyt Vadh okyk Hkou d-ua&1 | D291: 759 | E291: 290 | F291: 245 | G291: 0 | H291: =SUM(E291:G291) -> 535 | I291: 435 | J291: 0 | K291: 1 | M291: ='Praroop-20 hindi'!C294 -> 12 | N291: 2 | P291: ='Praroop-20 hindi'!D294 -> 478 | Q291: 3 | S291: ='Praroop-20 hindi'!E294 -> 27 | T291: 4 | V291: ='Praroop-20 hindi'!F294 -> 7 | W291: 5 | Y291: ='Praroop-20 hindi'!G294 -> 0 | Z291: 6 | AB291: ='Praroop-20 hindi'!H294 -> 0 | AC291: 7 | AE291: ='Praroop-20 hindi'!I294 -> 0 | AF291: 8 | AH291: ='Praroop-20 hindi'!J294 -> 0 | AI291: 9 | AK291: ='Praroop-20 hindi'!K294 -> 3 | AL291: 10 | AN291: ='Praroop-20 hindi'!L294 -> 3 | AO291: 11 | AQ291: ='Praroop-20 hindi'!M294 -> 1 | AR291: =M291+P291+S291+V291+Y291+AB291+AE291+AH291+AK291+AN291+AQ291 -> 531
A292: 64 | B292: 286 | C292: fldUnzkckn vxzlSu bUVj dkfyt Vadh okyk Hkou d-ua&2 | D292: 834 | E292: 314 | F292: 261 | G292: 0 | H292: =SUM(E292:G292) -> 575 | I292: 532 | J292: 0 | K292: 1 | M292: ='Praroop-20 hindi'!C295 -> 24 | N292: 2 | P292: ='Praroop-20 hindi'!D295 -> 377 | Q292: 3 | S292: ='Praroop-20 hindi'!E295 -> 159 | T292: 4 | V292: ='Praroop-20 hindi'!F295 -> 6 | W292: 5 | Y292: ='Praroop-20 hindi'!G295 -> 0 | Z292: 6 | AB292: ='Praroop-20 hindi'!H295 -> 0 | AC292: 7 | AE292: ='Praroop-20 hindi'!I295 -> 0 | AF292: 8 | AH292: ='Praroop-20 hindi'!J295 -> 3 | AI292: 9 | AK292: ='Praroop-20 hindi'!K295 -> 3 | AL292: 10 | AN292: ='Praroop-20 hindi'!L295 -> 1 | AO292: 11 | AQ292: ='Praroop-20 hindi'!M295 -> 2 | AR292: =M292+P292+S292+V292+Y292+AB292+AE292+AH292+AK292+AN292+AQ292 -> 575
A293: 64 | B293: 287 | C293: fldUnzkckn vxzlSu bUVj dkfyt Vadh okyk Hkou d-ua&3 | D293: 958 | E293: 393 | F293: 323 | G293: 0 | H293: =SUM(E293:G293) -> 716 | I293: 622 | J293: 0 | K293: 1 | M293: ='Praroop-20 hindi'!C296 -> 34 | N293: 2 | P293: ='Praroop-20 hindi'!D296 -> 84 | Q293: 3 | S293: ='Praroop-20 hindi'!E296 -> 582 | T293: 4 | V293: ='Praroop-20 hindi'!F296 -> 2 | W293: 5 | Y293: ='Praroop-20 hindi'!G296 -> 3 | Z293: 6 | AB293: ='Praroop-20 hindi'!H296 -> 0 | AC293: 7 | AE293: ='Praroop-20 hindi'!I296 -> 0 | AF293: 8 | AH293: ='Praroop-20 hindi'!J296 -> 1 | AI293: 9 | AK293: ='Praroop-20 hindi'!K296 -> 3 | AL293: 10 | AN293: ='Praroop-20 hindi'!L296 -> 5 | AO293: 11 | AQ293: ='Praroop-20 hindi'!M296 -> 0 | AR293: =M293+P293+S293+V293+Y293+AB293+AE293+AH293+AK293+AN293+AQ293 -> 714
A294: 64 | B294: 288 | C294: fldUnzkckn vxzlSu bUVj dkfyt Vadh okyk Hkou d-ua&4 | D294: 693 | E294: 255 | F294: 227 | G294: 0 | H294: =SUM(E294:G294) -> 482 | I294: 413 | J294: 0 | K294: 1 | M294: ='Praroop-20 hindi'!C297 -> 9 | N294: 2 | P294: ='Praroop-20 hindi'!D297 -> 430 | Q294: 3 | S294: ='Praroop-20 hindi'!E297 -> 34 | T294: 4 | V294: ='Praroop-20 hindi'!F297 -> 1 | W294: 5 | Y294: ='Praroop-20 hindi'!G297 -> 0 | Z294: 6 | AB294: ='Praroop-20 hindi'!H297 -> 0 | AC294: 7 | AE294: ='Praroop-20 hindi'!I297 -> 1 | AF294: 8 | AH294: ='Praroop-20 hindi'!J297 -> 0 | AI294: 9 | AK294: ='Praroop-20 hindi'!K297 -> 2 | AL294: 10 | AN294: ='Praroop-20 hindi'!L297 -> 1 | AO294: 11 | AQ294: ='Praroop-20 hindi'!M297 -> 2 | AR294: =M294+P294+S294+V294+Y294+AB294+AE294+AH294+AK294+AN294+AQ294 -> 480
A295: 64 | B295: 289 | C295: fldUnzkckn vxzlSu ckfydk b0dk0 d0u0 1 | D295: 1109 | E295: 445 | F295: 353 | G295: 0 | H295: =SUM(E295:G295) -> 798 | I295: 748 | J295: 0 | K295: 1 | M295: ='Praroop-20 hindi'!C298 -> 12 | N295: 2 | P295: ='Praroop-20 hindi'!D298 -> 39 | Q295: 3 | S295: ='Praroop-20 hindi'!E298 -> 742 | T295: 4 | V295: ='Praroop-20 hindi'!F298 -> 1 | W295: 5 | Y295: ='Praroop-20 hindi'!G298 -> 1 | Z295: 6 | AB295: ='Praroop-20 hindi'!H298 -> 0 | AC295: 7 | AE295: ='Praroop-20 hindi'!I298 -> 0 | AF295: 8 | AH295: ='Praroop-20 hindi'!J298 -> 0 | AI295: 9 | AK295: ='Praroop-20 hindi'!K298 -> 0 | AL295: 10 | AN295: ='Praroop-20 hindi'!L298 -> 2 | AO295: 11 | AQ295: ='Praroop-20 hindi'!M298 -> 0 | AR295: =M295+P295+S295+V295+Y295+AB295+AE295+AH295+AK295+AN295+AQ295 -> 797
A296: 64 | B296: 290 | C296: fldUnzkckn vxzlSu ckfydk b0dk0 d0u0 2 | D296: 1117 | E296: 357 | F296: 319 | G296: 0 | H296: =SUM(E296:G296) -> 676 | I296: 676 | J296: 0 | K296: 1 | M296: ='Praroop-20 hindi'!C299 -> 12 | N296: 2 | P296: ='Praroop-20 hindi'!D299 -> 46 | Q296: 3 | S296: ='Praroop-20 hindi'!E299 -> 603 | T296: 4 | V296: ='Praroop-20 hindi'!F299 -> 3 | W296: 5 | Y296: ='Praroop-20 hindi'!G299 -> 0 | Z296: 6 | AB296: ='Praroop-20 hindi'!H299 -> 0 | AC296: 7 | AE296: ='Praroop-20 hindi'!I299 -> 0 | AF296: 8 | AH296: ='Praroop-20 hindi'!J299 -> 0 | AI296: 9 | AK296: ='Praroop-20 hindi'!K299 -> 1 | AL296: 10 | AN296: ='Praroop-20 hindi'!L299 -> 5 | AO296: 11 | AQ296: ='Praroop-20 hindi'!M299 -> 0 | AR296: =M296+P296+S296+V296+Y296+AB296+AE296+AH296+AK296+AN296+AQ296 -> 670
A297: 64 | B297: 291 | C297: fldUnzkckn vxzlSu ckfydk b0dk0 d0u0 3 | D297: 1114 | E297: 300 | F297: 269 | G297: 0 | H297: =SUM(E297:G297) -> 569 | I297: 569 | J297: 0 | K297: 1 | M297: ='Praroop-20 hindi'!C300 -> 17 | N297: 2 | P297: ='Praroop-20 hindi'!D300 -> 23 | Q297: 3 | S297: ='Praroop-20 hindi'!E300 -> 523 | T297: 4 | V297: ='Praroop-20 hindi'!F300 -> 1 | W297: 5 | Y297: ='Praroop-20 hindi'!G300 -> 0 | Z297: 6 | AB297: ='Praroop-20 hindi'!H300 -> 0 | AC297: 7 | AE297: ='Praroop-20 hindi'!I300 -> 1 | AF297: 8 | AH297: ='Praroop-20 hindi'!J300 -> 0 | AI297: 9 | AK297: ='Praroop-20 hindi'!K300 -> 0 | AL297: 10 | AN297: ='Praroop-20 hindi'!L300 -> 2 | AO297: 11 | AQ297: ='Praroop-20 hindi'!M300 -> 0 | AR297: =M297+P297+S297+V297+Y297+AB297+AE297+AH297+AK297+AN297+AQ297 -> 567
A298: 64 | B298: 292 | C298: fldUnzkckn vxzlSu ckfydk b0dk0 d0u0 4 | D298: 827 | E298: 312 | F298: 253 | G298: 2 | H298: =SUM(E298:G298) -> 567 | I298: 531 | J298: 0 | K298: 1 | M298: ='Praroop-20 hindi'!C301 -> 33 | N298: 2 | P298: ='Praroop-20 hindi'!D301 -> 25 | Q298: 3 | S298: ='Praroop-20 hindi'!E301 -> 483 | T298: 4 | V298: ='Praroop-20 hindi'!F301 -> 7 | W298: 5 | Y298: ='Praroop-20 hindi'!G301 -> 3 | Z298: 6 | AB298: ='Praroop-20 hindi'!H301 -> 2 | AC298: 7 | AE298: ='Praroop-20 hindi'!I301 -> 1 | AF298: 8 | AH298: ='Praroop-20 hindi'!J301 -> 4 | AI298: 9 | AK298: ='Praroop-20 hindi'!K301 -> 2 | AL298: 10 | AN298: ='Praroop-20 hindi'!L301 -> 5 | AO298: 11 | AQ298: ='Praroop-20 hindi'!M301 -> 0 | AR298: =M298+P298+S298+V298+Y298+AB298+AE298+AH298+AK298+AN298+AQ298 -> 565
... A437: 64 | B437: 431 | C437: /kukSjk bUVj dkfyt d0ua0&5 | D437: 1039 | E437: 360 | F437: 337 | G437: 0 | H437: =SUM(E437:G437) -> 697 | I437: 697 | J437: 0 | K437: 1 | M437: ='Praroop-20 hindi'!C440 -> 52 | N437: 2 | P437: ='Praroop-20 hindi'!D440 -> 218 | Q437: 3 | S437: ='Praroop-20 hindi'!E440 -> 402 | T437: 4 | V437: ='Praroop-20 hindi'!F440 -> 8 | W437: 5 | Y437: ='Praroop-20 hindi'!G440 -> 0 | Z437: 6 | AB437: ='Praroop-20 hindi'!H440 -> 0 | AC437: 7 | AE437: ='Praroop-20 hindi'!I440 -> 0 | AF437: 8 | AH437: ='Praroop-20 hindi'!J440 -> 3 | AI437: 9 | AK437: ='Praroop-20 hindi'!K440 -> 3 | AL437: 10 | AN437: ='Praroop-20 hindi'!L440 -> 9 | AO437: 11 | AQ437: ='Praroop-20 hindi'!M440 -> 1 | AR437: =M437+P437+S437+V437+Y437+AB437+AE437+AH437+AK437+AN437+AQ437 -> 696
A438: 64 | B438: 432 | C438: /kukSjk bUVj dkfyt d0ua0&6 | D438: 806 | E438: 312 | F438: 277 | G438: 0 | H438: =SUM(E438:G438) -> 589 | I438: 589 | J438: 0 | K438: 1 | M438: ='p-20 Hindi'!C441 -> 493 | N438: 2 | P438: ='p-20 Hindi'!D441 -> 26 | Q438: 3 | S438: ='p-20 Hindi'!E441 -> 54 | T438: 4 | V438: ='p-20 Hindi'!F441 -> 2 | W438: 5 | Y438: ='p-20 Hindi'!G441 -> 0 | Z438: 6 | AB438: ='p-20 Hindi'!H441 -> 2 | AC438: 7 | AE438: ='p-20 Hindi'!I441 -> 1 | AF438: 8 | AH438: ='p-20 Hindi'!J441 -> 1 | AI438: 9 | AK438: ='p-20 Hindi'!K441 -> 2 | AL438: 10 | AN438: ='p-20 Hindi'!L441 -> 2 | AO438: 11 | AQ438: ='p-20 Hindi'!M441 -> 0 | AR438: =M438+P438+S438+V438+Y438+AB438+AE438+AH438+AK438+AN438+AQ438 -> 583
A439: 64 | B439: 433 | C439: Qrgiqj tknksa izkbZejh Ldwy | D439: 996 | E439: 428 | F439: 392 | G439: 0 | H439: =SUM(E439:G439) -> 820 | I439: 724 | J439: 0 | K439: 1 | M439: ='Praroop-20 hindi'!C442 -> 19 | N439: 2 | P439: ='Praroop-20 hindi'!D442 -> 31 | Q439: 3 | S439: ='Praroop-20 hindi'!E442 -> 751 | T439: 4 | V439: ='Praroop-20 hindi'!F442 -> 10 | W439: 5 | Y439: ='Praroop-20 hindi'!G442 -> 1 | Z439: 6 | AB439: ='Praroop-20 hindi'!H442 -> 0 | AC439: 7 | AE439: ='Praroop-20 hindi'!I442 -> 0 | AF439: 8 | AH439: ='Praroop-20 hindi'!J442 -> 0 | AI439: 9 | AK439: ='Praroop-20 hindi'!K442 -> 0 | AL439: 10 | AN439: ='Praroop-20 hindi'!L442 -> 8 | AO439: 11 | AQ439: ='Praroop-20 hindi'!M442 -> 0 | AR439: =M439+P439+S439+V439+Y439+AB439+AE439+AH439+AK439+AN439+AQ439 -> 820
A440: 64 | B440: 434 | C440: fuBkjh twfu;j gkbZ Ldwy d0ua0&1 | D440: 663 | E440: 247 | F440: 234 | G440: 0 | H440: =SUM(E440:G440) -> 481 | I440: 395 | J440: 0 | K440: 1 | M440: ='Praroop-20 hindi'!C443 -> 51 | N440: 2 | P440: ='Praroop-20 hindi'!D443 -> 143 | Q440: 3 | S440: ='Praroop-20 hindi'!E443 -> 283 | T440: 4 | V440: ='Praroop-20 hindi'!F443 -> 2 | W440: 5 | Y440: ='Praroop-20 hindi'!G443 -> 0 | Z440: 6 | AB440: ='Praroop-20 hindi'!H443 -> 0 | AC440: 7 | AE440: ='Praroop-20 hindi'!I443 -> 0 | AF440: 8 | AH440: ='Praroop-20 hindi'!J443 -> 0 | AI440: 9 | AK440: ='Praroop-20 hindi'!K443 -> 0 | AL440: 10 | AN440: ='Praroop-20 hindi'!L443 -> 2 | AO440: 11 | AQ440: ='Praroop-20 hindi'!M443 -> 0 | AR440: =M440+P440+S440+V440+Y440+AB440+AE440+AH440+AK440+AN440+AQ440 -> 481
A441: 64 | B441: 435 | C441: fuBkjh twfu;j gkbZ Ldwy d0ua0&2 | D441: 753 | E441: 265 | F441: 234 | G441: 0 | H441: =SUM(E441:G441) -> 499 | I441: 444 | J441: 0 | K441: 1 | M441: ='Praroop-20 hindi'!C444 -> 96 | N441: 2 | P441: ='Praroop-20 hindi'!D444 -> 217 | Q441: 3 | S441: ='Praroop-20 hindi'!E444 -> 180 | T441: 4 | V441: ='Praroop-20 hindi'!F444 -> 1 | W441: 5 | Y441: ='Praroop-20 hindi'!G444 -> 1 | Z441: 6 | AB441: ='Praroop-20 hindi'!H444 -> 0 | AC441: 7 | AE441: ='Praroop-20 hindi'!I444 -> 0 | AF441: 8 | AH441: ='Praroop-20 hindi'!J444 -> 0 | AI441: 9 | AK441: ='Praroop-20 hindi'!K444 -> 1 | AL441: 10 | AN441: ='Praroop-20 hindi'!L444 -> 0 | AO441: 11 | AQ441: ='Praroop-20 hindi'!M444 -> 3 | AR441: =M441+P441+S441+V441+Y441+AB441+AE441+AH441+AK441+AN441+AQ441 -> 499
A442: 64 | B442: 436 | C442: jlwyiqj fjBkSjh izkbZejh Ldwy d0ua0&1 | D442: 1180 | E442: 494 | F442: 440 | G442: 0 | H442: =SUM(E442:G442) -> 934 | I442: 845 | J442: 0 | K442: 1 | M442: ='Praroop-20 hindi'!C445 -> 526 | N442: 2 | P442: ='Praroop-20 hindi'!D445 -> 100 | Q442: 3 | S442: ='Praroop-20 hindi'!E445 -> 271 | T442: 4 | V442: ='Praroop-20 hindi'!F445 -> 9 | W442: 5 | Y442: ='Praroop-20 hindi'!G445 -> 2 | Z442: 6 | AB442: ='Praroop-20 hindi'!H445 -> 0 | AC442: 7 | AE442: ='Praroop-20 hindi'!I445 -> 5 | AF442: 8 | AH442: ='Praroop-20 hindi'!J445 -> 7 | AI442: 9 | AK442: ='Praroop-20 hindi'!K445 -> 0 | AL442: 10 | AN442: ='Praroop-20 hindi'!L445 -> 9 | AO442: 11 | AQ442: ='Praroop-20 hindi'!M445 -> 1 | AR442: =M442+P442+S442+V442+Y442+AB442+AE442+AH442+AK442+AN442+AQ442 -> 930
A443: 64 | B443: 437 | C443: jlwyiqj fjBkSjh izkbZejh Ldwy d0ua0&2 | D443: 812 | E443: 288 | F443: 270 | G443: 0 | H443: =SUM(E443:G443) -> 558 | I443: 510 | J443: 0 | K443: 1 | M443: ='Praroop-20 hindi'!C446 -> 229 | N443: 2 | P443: ='Praroop-20 hindi'!D446 -> 97 | Q443: 3 | S443: ='Praroop-20 hindi'!E446 -> 217 | T443: 4 | V443: ='Praroop-20 hindi'!F446 -> 5 | W443: 5 | Y443: ='Praroop-20 hindi'!G446 -> 1 | Z443: 6 | AB443: ='Praroop-20 hindi'!H446 -> 0 | AC443: 7 | AE443: ='Praroop-20 hindi'!I446 -> 1 | AF443: 8 | AH443: ='Praroop-20 hindi'!J446 -> 0 | AI443: 9 | AK443: ='Praroop-20 hindi'!K446 -> 0 | AL443: 10 | AN443: ='Praroop-20 hindi'!L446 -> 3 | AO443: 11 | AQ443: ='Praroop-20 hindi'!M446 -> 2 | AR443: =M443+P443+S443+V443+Y443+AB443+AE443+AH443+AK443+AN443+AQ443 -> 555
A444: 64 | B444: 438 | C444: jlwyiqj fjBkSjh izkbZejh Ldwy d0ua0&3 | D444: 769 | E444: 262 | F444: 238 | G444: 0 | H444: =SUM(E444:G444) -> 500 | I444: 432 | J444: 0 | K444: 1 | M444: ='Praroop-20 hindi'!C447 -> 26 | N444: 2 | P444: ='Praroop-20 hindi'!D447 -> 70 | Q444: 3 | S444: ='Praroop-20 hindi'!E447 -> 394 | T444: 4 | V444: ='Praroop-20 hindi'!F447 -> 1 | W444: 5 | Y444: ='Praroop-20 hindi'!G447 -> 0 | Z444: 6 | AB444: ='Praroop-20 hindi'!H447 -> 1 | AC444: 7 | AE444: ='Praroop-20 hindi'!I447 -> 1 | AF444: 8 | AH444: ='Praroop-20 hindi'!J447 -> 0 | AI444: 9 | AK444: ='Praroop-20 hindi'!K447 -> 0 | AL444: 10 | AN444: ='Praroop-20 hindi'!L447 -> 6 | AO444: 11 | AQ444: ='Praroop-20 hindi'!M447 -> 0 | AR444: =M444+P444+S444+V444+Y444+AB444+AE444+AH444+AK444+AN444+AQ444 -> 499
A445: 64 | B445: 439 | C445: 'kkgiqj dyka izkbZejh Ldwy | D445: 759 | E445: 326 | F445: 288 | G445: 0 | H445: =SUM(E445:G445) -> 614 | I445: 614 | J445: 0 | K445: 1 | M445: ='Praroop-20 hindi'!C448 -> 327 | N445: 2 | P445: ='Praroop-20 hindi'!D448 -> 55 | Q445: 3 | S445: ='Praroop-20 hindi'!E448 -> 220 | T445: 4 | V445: ='Praroop-20 hindi'!F448 -> 0 | W445: 5 | Y445: ='Praroop-20 hindi'!G448 -> 0 | Z445: 6 | AB445: ='Praroop-20 hindi'!H448 -> 0 | AC445: 7 | AE445: ='Praroop-20 hindi'!I448 -> 0 | AF445: 8 | AH445: ='Praroop-20 hindi'!J448 -> 1 | AI445: 9 | AK445: ='Praroop-20 hindi'!K448 -> 1 | AL445: 10 | AN445: ='Praroop-20 hindi'!L448 -> 4 | AO445: 11 | AQ445: ='Praroop-20 hindi'!M448 -> 1 | AR445: =M445+P445+S445+V445+Y445+AB445+AE445+AH445+AK445+AN445+AQ445 -> 609
A446: 64 | B446: 440 | C446: dksanw izkbZejh Ldwy&1 | D446: 842 | E446: 321 | F446: 284 | G446: 0 | H446: =SUM(E446:G446) -> 605 | I446: 523 | J446: 0 | K446: 1 | M446: ='Praroop-20 hindi'!C449 -> 78 | N446: 2 | P446: ='Praroop-20 hindi'!D449 -> 72 | Q446: 3 | S446: ='Praroop-20 hindi'!E449 -> 447 | T446: 4 | V446: ='Praroop-20 hindi'!F449 -> 4 | W446: 5 | Y446: ='Praroop-20 hindi'!G449 -> 0 | Z446: 6 | AB446: ='Praroop-20 hindi'!H449 -> 0 | AC446: 7 | AE446: ='Praroop-20 hindi'!I449 -> 0 | AF446: 8 | AH446: ='Praroop-20 hindi'!J449 -> 0 | AI446: 9 | AK446: ='Praroop-20 hindi'!K449 -> 0 | AL446: 10 | AN446: ='Praroop-20 hindi'!L449 -> 2 | AO446: 11 | AQ446: ='Praroop-20 hindi'!M449 -> 0 | AR446: =M446+P446+S446+V446+Y446+AB446+AE446+AH446+AK446+AN446+AQ446 -> 603
A447: 64 | B447: 441 | C447: dksanw izkbZejh Ldwy&2 | D447: 827 | E447: 310 | F447: 275 | G447: 0 | H447: =SUM(E447:G447) -> 585 | I447: 585 | J447: 0 | K447: 1 | M447: ='Praroop-20 hindi'!C450 -> 62 | N447: 2 | P447: ='Praroop-20 hindi'!D450 -> 115 | Q447: 3 | S447: ='Praroop-20 hindi'!E450 -> 401 | T447: 4 | V447: ='Praroop-20 hindi'!F450 -> 1 | W447: 5 | Y447: ='Praroop-20 hindi'!G450 -> 0 | Z447: 6 | AB447: ='Praroop-20 hindi'!H450 -> 0 | AC447: 7 | AE447: ='Praroop-20 hindi'!I450 -> 0 | AF447: 8 | AH447: ='Praroop-20 hindi'!J450 -> 0 | AI447: 9 | AK447: ='Praroop-20 hindi'!K450 -> 0 | AL447: 10 | AN447: ='Praroop-20 hindi'!L450 -> 2 | AO447: 11 | AQ447: ='Praroop-20 hindi'!M450 -> 2 | AR447: =M447+P447+S447+V447+Y447+AB447+AE447+AH447+AK447+AN447+AQ447 -> 583
A448: 64 | B448: 442 | C448: fojkSMh rktiqj izkbZejh Ldwy d0u0 1 | D448: 1014 | E448: 436 | F448: 354 | G448: 0 | H448: =SUM(E448:G448) -> 790 | I448: 722 | J448: 0 | K448: 1 | M448: ='Praroop-20 hindi'!C451 -> 102 | N448: 2 | P448: ='Praroop-20 hindi'!D451 -> 545 | Q448: 3 | S448: ='Praroop-20 hindi'!E451 -> 126 | T448: 4 | V448: ='Praroop-20 hindi'!F451 -> 4 | W448: 5 | Y448: ='Praroop-20 hindi'!G451 -> 0 | Z448: 6 | AB448: ='Praroop-20 hindi'!H451 -> 0 | AC448: 7 | AE448: ='Praroop-20 hindi'!I451 -> 0 | AF448: 8 | AH448: ='Praroop-20 hindi'!J451 -> 0 | AI448: 9 | AK448: ='Praroop-20 hindi'!K451 -> 3 | AL448: 10 | AN448: ='Praroop-20 hindi'!L451 -> 7 | AO448: 11 | AQ448: ='Praroop-20 hindi'!M451 -> 0 | AR448: =M448+P448+S448+V448+Y448+AB448+AE448+AH448+AK448+AN448+AQ448 -> 787
A449: 64 | B449: 443 | C449: fojkSMh rktiqj izkbZejh Ldwy d0u0 2 | D449: 917 | E449: 402 | F449: 348 | G449: 0 | H449: =SUM(E449:G449) -> 750 | I449: 750 | J449: 0 | K449: 1 | M449: ='Praroop-20 hindi'!C452 -> 7 | N449: 2 | P449: ='Praroop-20 hindi'!D452 -> 404 | Q449: 3 | S449: ='Praroop-20 hindi'!E452 -> 310 | T449: 4 | V449: ='Praroop-20 hindi'!F452 -> 3 | W449: 5 | Y449: ='Praroop-20 hindi'!G452 -> 0 | Z449: 6 | AB449: ='Praroop-20 hindi'!H452 -> 0 | AC449: 7 | AE449: ='Praroop-20 hindi'!I452 -> 0 | AF449: 8 | AH449: ='Praroop-20 hindi'!J452 -> 1 | AI449: 9 | AK449: ='Praroop-20 hindi'!K452 -> 2 | AL449: 10 | AN449: ='Praroop-20 hindi'!L452 -> 7 | AO449: 11 | AQ449: ='Praroop-20 hindi'!M452 -> 4 | AR449: =M449+P449+S449+V449+Y449+AB449+AE449+AH449+AK449+AN449+AQ449 -> 738
A450: 64 | B450: 444 | C450: fojkSMh Qksykniqj iaapk;r ?kj | D450: 1114 | E450: 440 | F450: 345 | G450: 0 | H450: =SUM(E450:G450) -> 785 | I450: 785 | J450: 0 | K450: 1 | M450: ='Praroop-20 hindi'!C453 -> 285 | N450: 2 | P450: ='Praroop-20 hindi'!D453 -> 89 | Q450: 3 | S450: ='Praroop-20 hindi'!E453 -> 398 | T450: 4 | V450: ='Praroop-20 hindi'!F453 -> 6 | W450: 5 | Y450: ='Praroop-20 hindi'!G453 -> 1 | Z450: 6 | AB450: ='Praroop-20 hindi'!H453 -> 0 | AC450: 7 | AE450: ='Praroop-20 hindi'!I453 -> 0 | AF450: 8 | AH450: ='Praroop-20 hindi'!J453 -> 0 | AI450: 9 | AK450: ='Praroop-20 hindi'!K453 -> 0 | AL450: 10 | AN450: ='Praroop-20 hindi'!L453 -> 3 | AO450: 11 | AQ450: ='Praroop-20 hindi'!M453 -> 1 | AR450: =M450+P450+S450+V450+Y450+AB450+AE450+AH450+AK450+AN450+AQ450 -> 783
... A478: 64 | B478: 472 | C478: 'ks[kiqj eke izkbZejh Ldwy | D478: 847 | E478: 293 | F478: 233 | G478: 0 | H478: =SUM(E478:G478) -> 526 | I478: 442 | J478: 0 | K478: 1 | M478: ='Praroop-20 hindi'!C481 -> 36 | N478: 2 | P478: ='Praroop-20 hindi'!D481 -> 83 | Q478: 3 | S478: ='Praroop-20 hindi'!E481 -> 398 | T478: 4 | V478: ='Praroop-20 hindi'!F481 -> 4 | W478: 5 | Y478: ='Praroop-20 hindi'!G481 -> 0 | Z478: 6 | AB478: ='Praroop-20 hindi'!H481 -> 2 | AC478: 7 | AE478: ='Praroop-20 hindi'!I481 -> 0 | AF478: 8 | AH478: ='Praroop-20 hindi'!J481 -> 1 | AI478: 9 | AK478: ='Praroop-20 hindi'!K481 -> 0 | AL478: 10 | AN478: ='Praroop-20 hindi'!L481 -> 2 | AO478: 11 | AQ478: ='Praroop-20 hindi'!M481 -> 0 | AR478: =M478+P478+S478+V478+Y478+AB478+AE478+AH478+AK478+AN478+AQ478 -> 526
A479: Total | D479: 397807 | E479: =SUM(E7:E478) -> 145895 | F479: =SUM(F7:F478) -> 125339 | G479: =SUM(G7:G478) -> 4 | H479: =SUM(E479:G479) -> 271238 | I479: =SUM(I7:I478) -> 252882 | J479: 0 | K479: 1 | M479: ='Praroop-20 hindi'!C483 -> 42351 | N479: 2 | P479: ='Praroop-20 hindi'!D483 -> 95674 | Q479: 3 | S479: ='Praroop-20 hindi'!E483 -> 124620 | T479: 4 | V479: ='Praroop-20 hindi'!F483 -> 2267 | W479: 5 | Y479: ='Praroop-20 hindi'!G483 -> 681 | Z479: 6 | AB479: ='Praroop-20 hindi'!H483 -> 117 | AC479: 7 | AE479: ='Praroop-20 hindi'!I483 -> 202 | AF479: 8 | AH479: ='Praroop-20 hindi'!J483 -> 467 | AI479: 9 | AK479: ='Praroop-20 hindi'!K483 -> 1731 | AL479: 10 | AN479: ='Praroop-20 hindi'!L483 -> 1340 | AO479: 11 | AQ479: ='Praroop-20 hindi'!M483 -> 527 | AR479: =M479+P479+S479+V479+Y479+AB479+AE479+AH479+AK479+AN479+AQ479 -> 269977

Sheet Praroop-20 hindi
A1: izk:i&20
A2: vfUre ifj.kke i=
A3: {fu;e 56lh¼2½lh}
A4: fo/kku lHkk fuokZpu {ks= dk lkekU; fuokZpu&2022
A6: fo/kkulHkk fuokZpu {ks= dh la[;k o uke&64 fldUnjkckn | H6: fo/kkulHkk fuokZpu {ks= esa dqy ernkrkvksa dh la[;k&397807
A8: erns; LFky dh la[;k | B8: erns; LFky dk uke | C8: fuEufyf[kr vH;fFkZ;ksa ds i{k esa fn;s x;s fof/kekU; erksa dh la[;k | N8: uksVk fodYi ds fy;s er | O8: oS/k erksa dh dqy la[;k | P8: (Rejected) izfr{ksfir erksa dh la[;k | Q8: dqy ;ksx | R8: ¼VsaMj½ fufonRr erksa dh la[;k
C9: euohj flag | D9: jkgqy ;kno | E9: y{eh jkt | F9: lyhe v[krj [kka | G9: vt; dqekj | H9: vt; dqekj 'kekZZ | I9: vfer flag rksej | J9: n'kZu 'kekZ | K9: fny'kkn vgen | L9: jktw Bkdqj | M9: ccyw
A10: 1 | B10: vdcjiqj >ks>k izkbejh Ldwy d-ua&1 | C10: {=TRANSPOSE(Constiuence!C8:'Constiuence'!P19)} -> 2 | D10: 599 | E10: 18 | F10: 3 | G10: 0 | H10: 0 | I10: 0 | J10: 0 | K10: 6 | L10: 2 | M10: 0 | N10: 2 | O10: =C10+D10+E10+F10+G10+H10+I10+J10+K10+L10+M10+N10 -> 632 | P10: 0 | Q10: =O10-P10 -> 632 | R10: 0
A11: 2 | B11: vdcjiqj >ks>k izkbejh Ldwy d-ua&2 | C11: 48 | D11: 440 | E11: 42 | F11: 3 | G11: 1 | H11: 0 | I11: 1 | J11: 1 | K11: 5 | L11: 2 | M11: 3 | N11: 1 | O11: =C11+D11+E11+F11+G11+H11+I11+J11+K11+L11+M11+N11 -> 547 | P11: 0 | Q11: =O11-P11 -> 547 | R11: 0
A12: 3 | B12: QStkckn fj<koyh izkbejh Ldwy | C12: 89 | D12: 15 | E12: 161 | F12: 1 | G12: 0 | H12: 0 | I12: 0 | J12: 0 | K12: 0 | L12: 2 | M12: 0 | N12: 0 | O12: =C12+D12+E12+F12+G12+H12+I12+J12+K12+L12+M12+N12 -> 268 | P12: 0 | Q12: =O12-P12 -> 268 | R12: 0
A13: 4 | B13: ,sapkuk eqfLye Ldwy d-ua-&1 | C13: 94 | D13: 275 | E13: 34 | F13: 3 | G13: 2 | H13: 1 | I13: 1 | J13: 0 | K13: 56 | L13: 5 | M13: 0 | N13: 3 | O13: =C13+D13+E13+F13+G13+H13+I13+J13+K13+L13+M13+N13 -> 474 | P13: 0 | Q13: =O13-P13 -> 474 | R13: 0
A14: 5 | B14: ,sapkuk eqfLye Ldwy d-ua-&2 | C14: 31 | D14: 306 | E14: 43 | F14: 3 | G14: 0 | H14: 0 | I14: 1 | J14: 2 | K14: 48 | L14: 2 | M14: 1 | N14: 4 | O14: =C14+D14+E14+F14+G14+H14+I14+J14+K14+L14+M14+N14 -> 441 | P14: 0 | Q14: =O14-P14 -> 441 | R14: 0
A15: 6 | B15: mVljk izkbejh Ldwy d0u01 | C15: 30 | D15: 7 | E15: 342 | F15: 5 | G15: 7 | H15: 1 | I15: 1 | J15: 1 | K15: 0 | L15: 2 | M15: 1 | N15: 2 | O15: =C15+D15+E15+F15+G15+H15+I15+J15+K15+L15+M15+N15 -> 399 | P15: 0 | Q15: =O15-P15 -> 399 | R15: 0
A16: 7 | B16: mVljk izkbejh Ldwy d0u02 | C16: 115 | D16: 16 | E16: 226 | F16: 3 | G16: 1 | H16: 2 | I16: 0 | J16: 5 | K16: 1 | L16: 2 | M16: 1 | N16: 0 | O16: =C16+D16+E16+F16+G16+H16+I16+J16+K16+L16+M16+N16 -> 372 | P16: 0 | Q16: =O16-P16 -> 372 | R16: 0
A17: 8 | B17: cjeUnuxj izkbZejh Ldwy d-u-&1 | C17: 38 | D17: 45 | E17: 254 | F17: 5 | G17: 2 | H17: 0 | I17: 0 | J17: 1 | K17: 0 | L17: 1 | M17: 1 | N17: 8 | O17: =C17+D17+E17+F17+G17+H17+I17+J17+K17+L17+M17+N17 -> 355 | P17: 0 | Q17: =O17-P17 -> 355 | R17: 0
A18: 9 | B18: cjeUnuxj izkbZejh Ldwy d-u-&2 | C18: 12 | D18: 46 | E18: 385 | F18: 2 | G18: 1 | H18: 0 | I18: 0 | J18: 1 | K18: 0 | L18: 3 | M18: 2 | N18: 1 | O18: =C18+D18+E18+F18+G18+H18+I18+J18+K18+L18+M18+N18 -> 453 | P18: 0 | Q18: =O18-P18 -> 453 | R18: 0
A19: 10 | B19: cjeUnuxj izkbZejh Ldwy d-u-&3 | C19: 65 | D19: 85 | E19: 210 | F19: 4 | G19: 1 | H19: 0 | I19: 0 | J19: 0 | K19: 2 | L19: 1 | M19: 0 | N19: 0 | O19: =C19+D19+E19+F19+G19+H19+I19+J19+K19+L19+M19+N19 -> 368 | P19: 0 | Q19: =O19-P19 -> 368 | R19: 0
A20: 11 | B20: fxj/kjiqj uoknk izkbejh Ldwy d-ua-&1 | C20: 151 | D20: 48 | E20: 197 | F20: 3 | G20: 1 | H20: 0 | I20: 0 | J20: 0 | K20: 0 | L20: 1 | M20: 0 | N20: 4 | O20: =C20+D20+E20+F20+G20+H20+I20+J20+K20+L20+M20+N20 -> 405 | P20: 0 | Q20: =O20-P20 -> 405 | R20: 0
A21: 12 | B21: fxj/kjiqj uoknk izkbejh Ldwy d-ua-&2 | C21: 29 | D21: 79 | E21: 282 | F21: 3 | G21: 1 | H21: 0 | I21: 0 | J21: 0 | K21: 0 | L21: 3 | M21: 1 | N21: 0 | O21: =C21+D21+E21+F21+G21+H21+I21+J21+K21+L21+M21+N21 -> 398 | P21: 0 | Q21: =O21-P21 -> 398 | R21: 0
A22: 13 | B22: [k.MokMgj etjk fxj/kjiqj uoknk izkbejh Ldwy | C22: 16 | D22: 110 | E22: 421 | F22: 0 | G22: 0 | H22: 0 | I22: 1 | J22: 1 | K22: 0 | L22: 2 | M22: 1 | N22: 1 | O22: =C22+D22+E22+F22+G22+H22+I22+J22+K22+L22+M22+N22 -> 553 | P22: 0 | Q22: =O22-P22 -> 553 | R22: 0
A23: 14 | B23: ledkSyk izkbZejh Ldwy | C23: 40 | D23: 103 | E23: 282 | F23: 8 | G23: 12 | H23: 1 | I23: 0 | J23: 0 | K23: 0 | L23: 2 | M23: 0 | N23: 1 | O23: =C23+D23+E23+F23+G23+H23+I23+J23+K23+L23+M23+N23 -> 449 | P23: 0 | Q23: =O23-P23 -> 449 | R23: 0
A24: 15 | B24: ledkSyk twfu;j gkbZ Ldwy | C24: {=TRANSPOSE(Constiuence!C40:'Constiuence'!P51)} -> 120 | D24: 241 | E24: 84 | F24: 4 | G24: 1 | H24: 0 | I24: 0 | J24: 0 | K24: 7 | L24: 1 | M24: 1 | N24: 0 | O24: =C24+D24+E24+F24+G24+H24+I24+J24+K24+L24+M24+N24 -> 459 | P24: 0 | Q24: =O24-P24 -> 459 | R24: 0
A25: 16 | B25: ckxokyk twfu;j gkbZ Ldwy d-u-&1 | C25: 81 | D25: 200 | E25: 55 | F25: 1 | G25: 0 | H25: 0 | I25: 0 | J25: 1 | K25: 0 | L25: 1 | M25: 1 | N25: 4 | O25: =C25+D25+E25+F25+G25+H25+I25+J25+K25+L25+M25+N25 -> 344 | P25: 0 | Q25: =O25-P25 -> 344 | R25: 0
A26: 17 | B26: ckxokyk twfu;j gkbZ Ldwy d-u-&2 | C26: 1 | D26: 380 | E26: 45 | F26: 37 | G26: 1 | H26: 0 | I26: 0 | J26: 0 | K26: 0 | L26: 3 | M26: 4 | N26: 2 | O26: =C26+D26+E26+F26+G26+H26+I26+J26+K26+L26+M26+N26 -> 473 | P26: 0 | Q26: =O26-P26 -> 473 | R26: 0
A27: 18 | B27: ckxokyk twfu;j gkbZ Ldwy d-u-&3 | C27: 3 | D27: 470 | E27: 8 | F27: 31 | G27: 0 | H27: 0 | I27: 0 | J27: 0 | K27: 4 | L27: 0 | M27: 1 | N27: 1 | O27: =C27+D27+E27+F27+G27+H27+I27+J27+K27+L27+M27+N27 -> 518 | P27: 0 | Q27: =O27-P27 -> 518 | R27: 0
A28: 19 | B28: egkoriqj x<h izkbZejh Ldwy | C28: 113 | D28: 212 | E28: 75 | F28: 13 | G28: 1 | H28: 0 | I28: 0 | J28: 0 | K28: 5 | L28: 1 | M28: 1 | N28: 3 | O28: =C28+D28+E28+F28+G28+H28+I28+J28+K28+L28+M28+N28 -> 424 | P28: 0 | Q28: =O28-P28 -> 424 | R28: 0
A29: 20 | B29: u;kokWl izkbejh Ldwy | C29: 4 | D29: 96 | E29: 398 | F29: 5 | G29: 0 | H29: 0 | I29: 0 | J29: 1 | K29: 0 | L29: 0 | M29: 0 | N29: 1 | O29: =C29+D29+E29+F29+G29+H29+I29+J29+K29+L29+M29+N29 -> 505 | P29: 0 | Q29: =O29-P29 -> 505 | R29: 0
A30: 21 | B30: lSniqj [kqjZeiqj izkbZejh Ldwy | C30: 29 | D30: 258 | E30: 262 | F30: 6 | G30: 0 | H30: 0 | I30: 0 | J30: 0 | K30: 2 | L30: 2 | M30: 0 | N30: 2 | O30: =C30+D30+E30+F30+G30+H30+I30+J30+K30+L30+M30+N30 -> 561 | P30: 0 | Q30: =O30-P30 -> 561 | R30: 0
A31: 22 | B31: uwjiqj izkbZejh Ldwy | C31: 255 | D31: 120 | E31: 210 | F31: 1 | G31: 0 | H31: 0 | I31: 0 | J31: 0 | K31: 0 | L31: 2 | M31: 1 | N31: 0 | O31: =C31+D31+E31+F31+G31+H31+I31+J31+K31+L31+M31+N31 -> 589 | P31: 0 | Q31: =O31-P31 -> 589 | R31: 0
A32: 23 | B32: fcyk;r uxj izkbZejh Ldwy | C32: 58 | D32: 29 | E32: 336 | F32: 3 | G32: 0 | H32: 1 | I32: 0 | J32: 1 | K32: 0 | L32: 2 | M32: 1 | N32: 2 | O32: =C32+D32+E32+F32+G32+H32+I32+J32+K32+L32+M32+N32 -> 433 | P32: 0 | Q32: =O32-P32 -> 433 | R32: 0
A33: 24 | B33: lSaVk izkbZejh Ldwy d0ua0&1 | C33: 134 | D33: 182 | E33: 150 | F33: 10 | G33: 1 | H33: 0 | I33: 3 | J33: 1 | K33: 11 | L33: 5 | M33: 1 | N33: 6 | O33: =C33+D33+E33+F33+G33+H33+I33+J33+K33+L33+M33+N33 -> 504 | P33: 0 | Q33: =O33-P33 -> 504 | R33: 0
A34: 25 | B34: lSaVk izkbZejh Ldwy d0ua0&2 | C34: 3 | D34: 384 | E34: 37 | F34: 9 | G34: 0 | H34: 0 | I34: 0 | J34: 0 | K34: 6 | L34: 1 | M34: 0 | N34: 0 | O34: =C34+D34+E34+F34+G34+H34+I34+J34+K34+L34+M34+N34 -> 440 | P34: 0 | Q34: =O34-P34 -> 440 | R34: 0
A35: 26 | B35: Nijkor izkbZejh Ldwy d- u-&1 | C35: 303 | D35: 100 | E35: 147 | F35: 1 | G35: 1 | H35: 0 | I35: 2 | J35: 3 | K35: 0 | L35: 0 | M35: 1 | N35: 5 | O35: =C35+D35+E35+F35+G35+H35+I35+J35+K35+L35+M35+N35 -> 563 | P35: 0 | Q35: =O35-P35 -> 563 | R35: 0
A36: 27 | B36: Nijkor izkbZzejh Ldwy d-u-2 | C36: 12 | D36: 122 | E36: 326 | F36: 3 | G36: 0 | H36: 0 | I36: 0 | J36: 3 | K36: 3 | L36: 8 | M36: 0 | N36: 1 | O36: =C36+D36+E36+F36+G36+H36+I36+J36+K36+L36+M36+N36 -> 478 | P36: 0 | Q36: =O36-P36 -> 478 | R36: 0
A37: 28 | B37: Nijkor twfu;j gkbZ Ldwy | C37: 16 | D37: 105 | E37: 514 | F37: 8 | G37: 0 | H37: 0 | I37: 0 | J37: 0 | K37: 0 | L37: 2 | M37: 0 | N37: 3 | O37: =C37+D37+E37+F37+G37+H37+I37+J37+K37+L37+M37+N37 -> 648 | P37: 0 | Q37: =O37-P37 -> 648 | R37: 0
A38: 29 | B38: [kq'kgkyiqj izkbZejh Ldwy d-u-&1 | C38: {=TRANSPOSE(Constiuence!C73:'Constiuence'!P84)} -> 9 | D38: 122 | E38: 538 | F38: 4 | G38: 0 | H38: 0 | I38: 0 | J38: 0 | K38: 0 | L38: 3 | M38: 0 | N38: 1 | O38: =C38+D38+E38+F38+G38+H38+I38+J38+K38+L38+M38+N38 -> 677 | P38: 0 | Q38: =O38-P38 -> 677 | R38: 0
A39: 30 | B39: [kq'kgkyiqj izkbZejh Ldwy d-u-&2 | C39: 125 | D39: 44 | E39: 289 | F39: 5 | G39: 1 | H39: 1 | I39: 1 | J39: 0 | K39: 2 | L39: 1 | M39: 1 | N39: 8 | O39: =C39+D39+E39+F39+G39+H39+I39+J39+K39+L39+M39+N39 -> 478 | P39: 0 | Q39: =O39-P39 -> 478 | R39: 0
A40: 31 | B40: [kq'kgkyiqj izkbZejh Ldwy d-ua-&3 | C40: 41 | D40: 77 | E40: 392 | F40: 3 | G40: 0 | H40: 0 | I40: 0 | J40: 1 | K40: 0 | L40: 2 | M40: 0 | N40: 0 | O40: =C40+D40+E40+F40+G40+H40+I40+J40+K40+L40+M40+N40 -> 516 | P40: 0 | Q40: =O40-P40 -> 516 | R40: 0
A41: 32 | B41: jlwyiqj izkbZejh Ldwy | C41: 4 | D41: 634 | E41: 15 | F41: 10 | G41: 0 | H41: 0 | I41: 0 | J41: 0 | K41: 1 | L41: 2 | M41: 4 | N41: 1 | O41: =C41+D41+E41+F41+G41+H41+I41+J41+K41+L41+M41+N41 -> 671 | P41: 0 | Q41: =O41-P41 -> 671 | R41: 0
A42: 33 | B42: egkSyh izkbZejh Ldwy d0ua0&1 | C42: 5 | D42: 397 | E42: 12 | F42: 78 | G42: 1 | H42: 0 | I42: 1 | J42: 0 | K42: 16 | L42: 7 | M42: 1 | N42: 5 | O42: =C42+D42+E42+F42+G42+H42+I42+J42+K42+L42+M42+N42 -> 523 | P42: 0 | Q42: =O42-P42 -> 523 | R42: 0
A43: 34 | B43: egkSyh izkbZejh Ldwy d0ua0&2 | C43: 65 | D43: 461 | E43: 30 | F43: 39 | G43: 1 | H43: 0 | I43: 0 | J43: 7 | K43: 11 | L43: 4 | M43: 1 | N43: 3 | O43: =C43+D43+E43+F43+G43+H43+I43+J43+K43+L43+M43+N43 -> 622 | P43: 0 | Q43: =O43-P43 -> 622 | R43: 0
A44: 35 | B44: vklQkckn pUniqjk izkbZejh Ldwy d-u-&1 | C44: 5 | D44: 546 | E44: 51 | F44: 28 | G44: 1 | H44: 0 | I44: 0 | J44: 0 | K44: 24 | L44: 7 | M44: 3 | N44: 4 | O44: =C44+D44+E44+F44+G44+H44+I44+J44+K44+L44+M44+N44 -> 669 | P44: 0 | Q44: =O44-P44 -> 669 | R44: 0
A45: 36 | B45: vklQkckn pUniqjk izkbZejh Ldwy d-u-&2 | C45: 4 | D45: 438 | E45: 69 | F45: 14 | G45: 0 | H45: 0 | I45: 0 | J45: 0 | K45: 23 | L45: 1 | M45: 1 | N45: 0 | O45: =C45+D45+E45+F45+G45+H45+I45+J45+K45+L45+M45+N45 -> 550 | P45: 0 | Q45: =O45-P45 -> 550 | R45: 0
A46: 37 | B46: vklQkckn pUniqjk izkbZejh Ldwy d-u-&3 | C46: 2 | D46: 620 | E46: 48 | F46: 17 | G46: 1 | H46: 0 | I46: 0 | J46: 0 | K46: 26 | L46: 3 | M46: 1 | N46: 2 | O46: =C46+D46+E46+F46+G46+H46+I46+J46+K46+L46+M46+N46 -> 720 | P46: 0 | Q46: =O46-P46 -> 720 | R46: 0
A47: 38 | B47: cjky izse b.Vj dkysst d-u-&1 | C47: 59 | D47: 300 | E47: 299 | F47: 1 | G47: 1 | H47: 0 | I47: 1 | J47: 3 | K47: 0 | L47: 4 | M47: 0 | N47: 0 | O47: =C47+D47+E47+F47+G47+H47+I47+J47+K47+L47+M47+N47 -> 668 | P47: 0 | Q47: =O47-P47 -> 668 | R47: 0
A48: 39 | B48: cjky izse b.Vj dkysst d-u-&2 | C48: 51 | D48: 180 | E48: 325 | F48: 6 | G48: 1 | H48: 0 | I48: 2 | J48: 0 | K48: 1 | L48: 1 | M48: 1 | N48: 7 | O48: =C48+D48+E48+F48+G48+H48+I48+J48+K48+L48+M48+N48 -> 575 | P48: 0 | Q48: =O48-P48 -> 575 | R48: 0
A49: 40 | B49: cjky izse b.Vj dkysst d-u-&3 | C49: 74 | D49: 168 | E49: 484 | F49: 5 | G49: 1 | H49: 0 | I49: 3 | J49: 3 | K49: 1 | L49: 4 | M49: 1 | N49: 1 | O49: =C49+D49+E49+F49+G49+H49+I49+J49+K49+L49+M49+N49 -> 745 | P49: 0 | Q49: =O49-P49 -> 745 | R49: 0
A50: 41 | B50: cjky izse b.Vj dkysst d-u-&4 | C50: 227 | D50: 175 | E50: 261 | F50: 3 | G50: 1 | H50: 0 | I50: 1 | J50: 2 | K50: 1 | L50: 5 | M50: 3 | N50: 6 | O50: =C50+D50+E50+F50+G50+H50+I50+J50+K50+L50+M50+N50 -> 685 | P50: 0 | Q50: =O50-P50 -> 685 | R50: 0
A51: 42 | B51: cjky izse b.Vj dkysst u;k Hkou d-u-&1 | C51: 168 | D51: 71 | E51: 411 | F51: 9 | G51: 5 | H51: 0 | I51: 1 | J51: 0 | K51: 0 | L51: 1 | M51: 1 | N51: 1 | O51: =C51+D51+E51+F51+G51+H51+I51+J51+K51+L51+M51+N51 -> 668 | P51: 0 | Q51: =O51-P51 -> 668 | R51: 0
A52: 43 | B52: cjky izse b.Vj dkysst u;k Hkou d-ua-&2 | C52: {=TRANSPOSE(Constiuence!C106:'Constiuence'!P117)} -> 0 | D52: 46 | E52: 284 | F52: 3 | G52: 0 | H52: 0 | I52: 0 | J52: 0 | K52: 0 | L52: 1 | M52: 0 | N52: 0 | O52: =C52+D52+E52+F52+G52+H52+I52+J52+K52+L52+M52+N52 -> 334 | P52: 0 | Q52: =O52-P52 -> 334 | R52: 0
A53: 44 | B53: cjky izse b.Vj dkysst u;k Hkou d-ua-&3 | C53: 13 | D53: 45 | E53: 364 | F53: 5 | G53: 2 | H53: 0 | I53: 0 | J53: 1 | K53: 0 | L53: 2 | M53: 1 | N53: 2 | O53: =C53+D53+E53+F53+G53+H53+I53+J53+K53+L53+M53+N53 -> 435 | P53: 0 | Q53: =O53-P53 -> 435 | R53: 0
A54: 45 | B54: dSFkkyk izkbZejh Ldwy d-u-&1 | C54: 23 | D54: 315 | E54: 131 | F54: 0 | G54: 0 | H54: 0 | I54: 0 | J54: 1 | K54: 0 | L54: 4 | M54: 0 | N54: 1 | O54: =C54+D54+E54+F54+G54+H54+I54+J54+K54+L54+M54+N54 -> 475 | P54: 0 | Q54: =O54-P54 -> 475 | R54: 0
A55: 46 | B55: dSFkkyk izkbZejh Ldwy d-u-&2 | C55: 59 | D55: 371 | E55: 74 | F55: 2 | G55: 0 | H55: 0 | I55: 0 | J55: 0 | K55: 2 | L55: 2 | M55: 1 | N55: 0 | O55: =C55+D55+E55+F55+G55+H55+I55+J55+K55+L55+M55+N55 -> 511 | P55: 0 | Q55: =O55-P55 -> 511 | R55: 0
A56: 47 | B56: gjpuk twfu;j gkbZ Ldwy d-u-&1 | C56: 86 | D56: 287 | E56: 133 | F56: 1 | G56: 0 | H56: 0 | I56: 0 | J56: 0 | K56: 0 | L56: 3 | M56: 0 | N56: 0 | O56: =C56+D56+E56+F56+G56+H56+I56+J56+K56+L56+M56+N56 -> 510 | P56: 0 | Q56: =O56-P56 -> 510 | R56: 0
A57: 48 | B57: gjpuk twfu;j gkbZ Ldwy d-u-&2 | C57: 4 | D57: 327 | E57: 154 | F57: 1 | G57: 1 | H57: 0 | I57: 0 | J57: 2 | K57: 1 | L57: 2 | M57: 0 | N57: 0 | O57: =C57+D57+E57+F57+G57+H57+I57+J57+K57+L57+M57+N57 -> 492 | P57: 0 | Q57: =O57-P57 -> 492 | R57: 0
A58: 49 | B58: vkSys<+k izkbZejh Ldwy d-u-&1 | C58: 97 | D58: 304 | E58: 61 | F58: 1 | G58: 0 | H58: 0 | I58: 0 | J58: 0 | K58: 1 | L58: 0 | M58: 0 | N58: 3 | O58: =C58+D58+E58+F58+G58+H58+I58+J58+K58+L58+M58+N58 -> 467 | P58: 0 | Q58: =O58-P58 -> 467 | R58: 0
A59: 50 | B59: vkSys<+k izkbZejh Ldwy d-u-&2 | C59: 1 | D59: 432 | E59: 145 | F59: 1 | G59: 0 | H59: 0 | I59: 0 | J59: 0 | K59: 1 | L59: 2 | M59: 2 | N59: 0 | O59: =C59+D59+E59+F59+G59+H59+I59+J59+K59+L59+M59+N59 -> 584 | P59: 0 | Q59: =O59-P59 -> 584 | R59: 0
A60: 51 | B60: vkSys<+k izkbZejh Ldwy d-u-&3 | C60: 86 | D60: 360 | E60: 124 | F60: 3 | G60: 0 | H60: 0 | I60: 0 | J60: 0 | K60: 0 | L60: 2 | M60: 0 | N60: 2 | O60: =C60+D60+E60+F60+G60+H60+I60+J60+K60+L60+M60+N60 -> 577 | P60: 0 | Q60: =O60-P60 -> 577 | R60: 0
A61: 52 | B61: fpMkod izkbZejh Ldwy d-u-&1 | C61: 3 | D61: 555 | E61: 20 | F61: 0 | G61: 0 | H61: 0 | I61: 0 | J61: 0 | K61: 8 | L61: 3 | M61: 0 | N61: 4 | O61: =C61+D61+E61+F61+G61+H61+I61+J61+K61+L61+M61+N61 -> 593 | P61: 0 | Q61: =O61-P61 -> 593 | R61: 0
A62: 53 | B62: fpMkod izkbZejh Ldwy d-u-&2 | C62: 4 | D62: 485 | E62: 13 | F62: 14 | G62: 1 | H62: 0 | I62: 0 | J62: 3 | K62: 8 | L62: 1 | M62: 0 | N62: 1 | O62: =C62+D62+E62+F62+G62+H62+I62+J62+K62+L62+M62+N62 -> 530 | P62: 0 | Q62: =O62-P62 -> 530 | R62: 0
A63: 54 | B63: fpMkod izkbZejh Ldwy d-u-&3 | C63: 14 | D63: 355 | E63: 11 | F63: 1 | G63: 0 | H63: 0 | I63: 0 | J63: 0 | K63: 5 | L63: 3 | M63: 2 | N63: 0 | O63: =C63+D63+E63+F63+G63+H63+I63+J63+K63+L63+M63+N63 -> 391 | P63: 0 | Q63: =O63-P63 -> 391 | R63: 0
A64: 55 | B64: fpMkod izkbZejh Ldwy d-u-&4 | C64: 3 | D64: 306 | E64: 46 | F64: 0 | G64: 0 | H64: 0 | I64: 0 | J64: 0 | K64: 1 | L64: 1 | M64: 0 | N64: 5 | O64: =C64+D64+E64+F64+G64+H64+I64+J64+K64+L64+M64+N64 -> 362 | P64: 0 | Q64: =O64-P64 -> 362 | R64: 0
A65: 56 | B65: lSxMk izkbZejh Ldwy | C65: 1 | D65: 350 | E65: 45 | F65: 2 | G65: 0 | H65: 0 | I65: 0 | J65: 0 | K65: 17 | L65: 1 | M65: 3 | N65: 1 | O65: =C65+D65+E65+F65+G65+H65+I65+J65+K65+L65+M65+N65 -> 420 | P65: 0 | Q65: =O65-P65 -> 420 | R65: 0
A66: 57 | B66: e[knweuxj mQZ feBBsiqj izkbZejh Ldwy d-u-&1 | C66: {=TRANSPOSE(Constiuence!C139:'Constiuence'!P150)} -> 4 | D66: 705 | E66: 15 | F66: 4 | G66: 1 | H66: 0 | I66: 1 | J66: 0 | K66: 13 | L66: 4 | M66: 5 | N66: 6 | O66: =C66+D66+E66+F66+G66+H66+I66+J66+K66+L66+M66+N66 -> 758 | P66: 0 | Q66: =O66-P66 -> 758 | R66: 0
A67: 58 | B67: e[knwe uxj mQZ feBBsiqj izkbZejh Ldwy d-u-&2 | C67: 5 | D67: 676 | E67: 17 | F67: 1 | G67: 1 | H67: 0 | I67: 1 | J67: 0 | K67: 6 | L67: 2 | M67: 3 | N67: 3 | O67: =C67+D67+E67+F67+G67+H67+I67+J67+K67+L67+M67+N67 -> 715 | P67: 0 | Q67: =O67-P67 -> 715 | R67: 0
A68: 59 | B68: e[knwe uxj mQZ feBBsiqj izkbZejh Ldwy d-u-&3 | C68: 4 | D68: 544 | E68: 4 | F68: 0 | G68: 0 | H68: 0 | I68: 1 | J68: 0 | K68: 3 | L68: 2 | M68: 4 | N68: 3 | O68: =C68+D68+E68+F68+G68+H68+I68+J68+K68+L68+M68+N68 -> 565 | P68: 0 | Q68: =O68-P68 -> 565 | R68: 0
A69: 60 | B69: Hkejk izkbZejh Ldwy d-u-&1 | C69: 2 | D69: 483 | E69: 74 | F69: 3 | G69: 0 | H69: 0 | I69: 0 | J69: 0 | K69: 4 | L69: 2 | M69: 3 | N69: 3 | O69: =C69+D69+E69+F69+G69+H69+I69+J69+K69+L69+M69+N69 -> 574 | P69: 0 | Q69: =O69-P69 -> 574 | R69: 0
A70: 61 | B70: Hkejk izkbZejh Ldwy d-u-&2 | C70: 1 | D70: 647 | E70: 18 | F70: 5 | G70: 0 | H70: 0 | I70: 0 | J70: 0 | K70: 4 | L70: 2 | M70: 3 | N70: 4 | O70: =C70+D70+E70+F70+G70+H70+I70+J70+K70+L70+M70+N70 -> 684 | P70: 0 | Q70: =O70-P70 -> 684 | R70: 0
A71: 62 | B71: Hkejk izkbZejh Ldwy d-u-&3 | C71: 8 | D71: 573 | E71: 37 | F71: 0 | G71: 0 | H71: 0 | I71: 0 | J71: 0 | K71: 10 | L71: 2 | M71: 2 | N71: 3 | O71: =C71+D71+E71+F71+G71+H71+I71+J71+K71+L71+M71+N71 -> 635 | P71: 0 | Q71: =O71-P71 -> 635 | R71: 0
A72: 63 | B72: nsouxj mQZ nsoyh izkbZejh Ldwy d-ua-&1 | C72: 88 | D72: 176 | E72: 73 | F72: 2 | G72: 1 | H72: 1 | I72: 0 | J72: 1 | K72: 1 | L72: 3 | M72: 2 | N72: 4 | O72: =C72+D72+E72+F72+G72+H72+I72+J72+K72+L72+M72+N72 -> 352 | P72: 0 | Q72: =O72-P72 -> 352 | R72: 0
A73: 64 | B73: nsouxj mQZ nsoyh izkbZejh Ldwy d-ua-&2 | C73: 10 | D73: 72 | E73: 316 | F73: 4 | G73: 0 | H73: 0 | I73: 0 | J73: 0 | K73: 1 | L73: 3 | M73: 1 | N73: 1 | O73: =C73+D73+E73+F73+G73+H73+I73+J73+K73+L73+M73+N73 -> 408 | P73: 0 | Q73: =O73-P73 -> 408 | R73: 0
A74: 65 | B74: xqykoBh Mh-,u-bUVj dkfyt u;k Hkou d-u&1 | C74: 0 | D74: 22 | E74: 536 | F74: 2 | G74: 0 | H74: 0 | I74: 1 | J74: 1 | K74: 0 | L74: 0 | M74: 0 | N74: 3 | O74: =C74+D74+E74+F74+G74+H74+I74+J74+K74+L74+M74+N74 -> 565 | P74: 0 | Q74: =O74-P74 -> 565 | R74: 0
A75: 66 | B75: xqykoBh Mh-,u-bUVj dkfyt u;k Hkou d-u&2 | C75: 2 | D75: 39 | E75: 388 | F75: 3 | G75: 1 | H75: 0 | I75: 0 | J75: 0 | K75: 0 | L75: 1 | M75: 0 | N75: 2 | O75: =C75+D75+E75+F75+G75+H75+I75+J75+K75+L75+M75+N75 -> 436 | P75: 0 | Q75: =O75-P75 -> 436 | R75: 0
A76: 67 | B76: xqykoBh Mh-,u-bUVj dkfyt u;k Hkou d-u&3 | C76: 1 | D76: 29 | E76: 495 | F76: 3 | G76: 0 | H76: 0 | I76: 0 | J76: 2 | K76: 0 | L76: 0 | M76: 0 | N76: 1 | O76: =C76+D76+E76+F76+G76+H76+I76+J76+K76+L76+M76+N76 -> 531 | P76: 0 | Q76: =O76-P76 -> 531 | R76: 0
A77: 68 | B77: xqykoBh Mh-,u-bUVj dkfyt u;k Hkou d-u&4 | C77: 2 | D77: 37 | E77: 583 | F77: 2 | G77: 0 | H77: 0 | I77: 0 | J77: 0 | K77: 0 | L77: 1 | M77: 0 | N77: 0 | O77: =C77+D77+E77+F77+G77+H77+I77+J77+K77+L77+M77+N77 -> 625 | P77: 0 | Q77: =O77-P77 -> 625 | R77: 0
A78: 69 | B78: xqykoBh Mh-,u-bUVj dkfyt u;k Hkou d-u&5 | C78: 17 | D78: 80 | E78: 505 | F78: 5 | G78: 2 | H78: 0 | I78: 0 | J78: 0 | K78: 1 | L78: 1 | M78: 1 | N78: 0 | O78: =C78+D78+E78+F78+G78+H78+I78+J78+K78+L78+M78+N78 -> 612 | P78: 0 | Q78: =O78-P78 -> 612 | R78: 0
A79: 70 | B79: xqykoBh Mh-,u-b- dkfyt iqjkuk Hkou iwohZ Hkkx d-u&1 | C79: 7 | D79: 66 | E79: 603 | F79: 0 | G79: 0 | H79: 0 | I79: 0 | J79: 2 | K79: 0 | L79: 0 | M79: 0 | N79: 2 | O79: =C79+D79+E79+F79+G79+H79+I79+J79+K79+L79+M79+N79 -> 680 | P79: 0 | Q79: =O79-P79 -> 680 | R79: 0
A80: 71 | B80: xqykoBh Mh-,u-b- dkfyt iqjkuk Hkou iwohZ Hkkx d-u&2 | C80: {=TRANSPOSE(Constiuence!C172:'Constiuence'!P183)} -> 29 | D80: 210 | E80: 350 | F80: 3 | G80: 0 | H80: 0 | I80: 0 | J80: 1 | K80: 10 | L80: 1 | M80: 1 | N80: 0 | O80: =C80+D80+E80+F80+G80+H80+I80+J80+K80+L80+M80+N80 -> 605 | P80: 0 | Q80: =O80-P80 -> 605 | R80: 0
A81: 72 | B81: xqykoBh Mh-,u-b- dkfyt iqjkuk Hkou iwohZ Hkkx d-u&3 | C81: 8 | D81: 117 | E81: 350 | F81: 8 | G81: 0 | H81: 1 | I81: 0 | J81: 0 | K81: 4 | L81: 0 | M81: 1 | N81: 2 | O81: =C81+D81+E81+F81+G81+H81+I81+J81+K81+L81+M81+N81 -> 491 | P81: 0 | Q81: =O81-P81 -> 491 | R81: 0
A82: 73 | B82: xqykoBh Mh-,u-b- dkfyt iqjkuk Hkou iwohZ Hkkx d-u&4 | C82: 4 | D82: 254 | E82: 181 | F82: 1 | G82: 0 | H82: 0 | I82: 0 | J82: 0 | K82: 8 | L82: 1 | M82: 1 | N82: 0 | O82: =C82+D82+E82+F82+G82+H82+I82+J82+K82+L82+M82+N82 -> 450 | P82: 0 | Q82: =O82-P82 -> 450 | R82: 0
A83: 74 | B83: xqykoBh Mh-,u-b- dkfyt iqjkuk Hkou if'peh Hkkx d-u&1 | C83: 2 | D83: 222 | E83: 589 | F83: 3 | G83: 0 | H83: 0 | I83: 1 | J83: 2 | K83: 3 | L83: 1 | M83: 1 | N83: 0 | O83: =C83+D83+E83+F83+G83+H83+I83+J83+K83+L83+M83+N83 -> 824 | P83: 0 | Q83: =O83-P83 -> 824 | R83: 0
A84: 75 | B84: xqykoBh Mh-,u-b- dkfyt iqjkuk Hkou if'peh Hkkx d-u&2 | C84: 18 | D84: 162 | E84: 493 | F84: 3 | G84: 0 | H84: 0 | I84: 0 | J84: 0 | K84: 0 | L84: 1 | M84: 0 | N84: 3 | O84: =C84+D84+E84+F84+G84+H84+I84+J84+K84+L84+M84+N84 -> 680 | P84: 0 | Q84: =O84-P84 -> 680 | R84: 0
A85: 76 | B85: xqykoBh Mh-,u-b- dkfyt iqjkuk Hkou if'peh Hkkx d-u&3 | C85: 3 | D85: 246 | E85: 171 | F85: 4 | G85: 1 | H85: 0 | I85: 1 | J85: 0 | K85: 2 | L85: 3 | M85: 0 | N85: 1 | O85: =C85+D85+E85+F85+G85+H85+I85+J85+K85+L85+M85+N85 -> 432 | P85: 0 | Q85: =O85-P85 -> 432 | R85: 0
A86: 77 | B86: xqykoBh Mh-,u-fMxzh dkfyt iwohZ Hkkx d-u&1 | C86: 77 | D86: 244 | E86: 236 | F86: 7 | G86: 1 | H86: 1 | I86: 3 | J86: 0 | K86: 8 | L86: 7 | M86: 2 | N86: 3 | O86: =C86+D86+E86+F86+G86+H86+I86+J86+K86+L86+M86+N86 -> 589 | P86: 0 | Q86: =O86-P86 -> 589 | R86: 0
A87: 78 | B87: xqykoBh Mh-,u-fMxzh dkfyt iwohZ Hkkx d-u&2 | C87: 109 | D87: 172 | E87: 250 | F87: 4 | G87: 0 | H87: 0 | I87: 0 | J87: 1 | K87: 1 | L87: 1 | M87: 1 | N87: 1 | O87: =C87+D87+E87+F87+G87+H87+I87+J87+K87+L87+M87+N87 -> 540 | P87: 0 | Q87: =O87-P87 -> 540 | R87: 0
A88: 79 | B88: xqykoBh Mh-,u-fMxzh dkfyt iwohZ Hkkx d-u&3 | C88: 70 | D88: 238 | E88: 286 | F88: 4 | G88: 0 | H88: 1 | I88: 2 | J88: 0 | K88: 22 | L88: 9 | M88: 0 | N88: 1 | O88: =C88+D88+E88+F88+G88+H88+I88+J88+K88+L88+M88+N88 -> 633 | P88: 0 | Q88: =O88-P88 -> 633 | R88: 0
A89: 80 | B89: xqykoBh Mh-,u-fMxzh dkfyt if'peh Hkkx d-u&1 | C89: 40 | D89: 394 | E89: 139 | F89: 3 | G89: 0 | H89: 0 | I89: 1 | J89: 0 | K89: 16 | L89: 5 | M89: 0 | N89: 6 | O89: =C89+D89+E89+F89+G89+H89+I89+J89+K89+L89+M89+N89 -> 604 | P89: 0 | Q89: =O89-P89 -> 604 | R89: 0
A90: 81 | B90: xqykoBh Mh-,u-fMxzh dkfyt if'peh Hkkx d-u&2 | C90: 50 | D90: 323 | E90: 83 | F90: 9 | G90: 0 | H90: 1 | I90: 0 | J90: 0 | K90: 15 | L90: 1 | M90: 1 | N90: 2 | O90: =C90+D90+E90+F90+G90+H90+I90+J90+K90+L90+M90+N90 -> 485 | P90: 0 | Q90: =O90-P90 -> 485 | R90: 0
A91: 82 | B91: xqykoBh Mh-,u-fMxzh dkfyt if'peh Hkkx d-u&3 | C91: 8 | D91: 146 | E91: 190 | F91: 7 | G91: 0 | H91: 1 | I91: 0 | J91: 0 | K91: 4 | L91: 1 | M91: 0 | N91: 1 | O91: =C91+D91+E91+F91+G91+H91+I91+J91+K91+L91+M91+N91 -> 358 | P91: 0 | Q91: =O91-P91 -> 358 | R91: 0
A92: 83 | B92: xqykoBh Mh-,u-fMxzh dkfyt if'peh Hkkx d-u&4 | C92: 14 | D92: 62 | E92: 369 | F92: 4 | G92: 0 | H92: 0 | I92: 0 | J92: 2 | K92: 0 | L92: 0 | M92: 1 | N92: 1 | O92: =C92+D92+E92+F92+G92+H92+I92+J92+K92+L92+M92+N92 -> 453 | P92: 0 | Q92: =O92-P92 -> 453 | R92: 0
A93: 84 | B93: xqykoBh izkbZejh Ldwy Hkhe uxj d-u&1 | C93: 495 | D93: 14 | E93: 159 | F93: 2 | G93: 1 | H93: 0 | I93: 0 | J93: 4 | K93: 1 | L93: 2 | M93: 1 | N93: 7 | O93: =C93+D93+E93+F93+G93+H93+I93+J93+K93+L93+M93+N93 -> 686 | P93: 0 | Q93: =O93-P93 -> 686 | R93: 0
A94: 85 | B94: xqykoBh izkbZejh Ldwy Hkhe uxj d-u&2 | C94: {=TRANSPOSE(Constiuence!C205:P216)} -> 284 | D94: 230 | E94: 66 | F94: 6 | G94: 0 | H94: 1 | I94: 0 | J94: 0 | K94: 6 | L94: 3 | M94: 0 | N94: 4 | O94: =C94+D94+E94+F94+G94+H94+I94+J94+K94+L94+M94+N94 -> 600 | P94: 0 | Q94: =O94-P94 -> 600 | R94: 0
A95: 86 | B95: xqykoBh izkbZejh Ldwy Hkhe uxj d-u&3 | C95: 101 | D95: 399 | E95: 95 | F95: 4 | G95: 0 | H95: 0 | I95: 0 | J95: 0 | K95: 1 | L95: 1 | M95: 2 | N95: 1 | O95: =C95+D95+E95+F95+G95+H95+I95+J95+K95+L95+M95+N95 -> 604 | P95: 0 | Q95: =O95-P95 -> 604 | R95: 0
A96: 87 | B96: xqykoBh eqQhnsvke gk;j lSds.Mªh Ldwy d-ua&1 | C96: 1 | D96: 486 | E96: 62 | F96: 2 | G96: 0 | H96: 0 | I96: 0 | J96: 1 | K96: 5 | L96: 1 | M96: 4 | N96: 1 | O96: =C96+D96+E96+F96+G96+H96+I96+J96+K96+L96+M96+N96 -> 563 | P96: 0 | Q96: =O96-P96 -> 563 | R96: 0
A97: 88 | B97: xqykoBh eqQhnsvke gk;j lSds.Mªh Ldwy d-ua&2 | C97: 2 | D97: 409 | E97: 70 | F97: 9 | G97: 1 | H97: 1 | I97: 2 | J97: 1 | K97: 10 | L97: 2 | M97: 2 | N97: 3 | O97: =C97+D97+E97+F97+G97+H97+I97+J97+K97+L97+M97+N97 -> 512 | P97: 0 | Q97: =O97-P97 -> 512 | R97: 0
A98: 89 | B98: xqykoBh eqQhnsvke gk;j lSds.Mªh Ldwy d-ua&3 | C98: 2 | D98: 466 | E98: 22 | F98: 6 | G98: 0 | H98: 0 | I98: 1 | J98: 0 | K98: 2 | L98: 5 | M98: 0 | N98: 2 | O98: =C98+D98+E98+F98+G98+H98+I98+J98+K98+L98+M98+N98 -> 506 | P98: 0 | Q98: =O98-P98 -> 506 | R98: 0
A99: 90 | B99: xqykoBh eqQhnsvke gk;j lSd.Mªh Ldwy d-ua&1 ¼iqjkuk Hkou½ | C99: 8 | D99: 410 | E99: 129 | F99: 7 | G99: 1 | H99: 1 | I99: 0 | J99: 1 | K99: 12 | L99: 4 | M99: 2 | N99: 1 | O99: =C99+D99+E99+F99+G99+H99+I99+J99+K99+L99+M99+N99 -> 576 | P99: 0 | Q99: =O99-P99 -> 576 | R99: 0
A100: 91 | B100: xqykoBh eqQhnsvke gk;j lSd.Mªh Ldwy d-ua&2 ¼iqjkuk Hkou½ | C100: 8 | D100: 318 | E100: 262 | F100: 5 | G100: 0 | H100: 0 | I100: 1 | J100: 1 | K100: 9 | L100: 6 | M100: 0 | N100: 6 | O100: =C100+D100+E100+F100+G100+H100+I100+J100+K100+L100+M100+N100 -> 616 | P100: 0 | Q100: =O100-P100 -> 616 | R100: 0
A101: 92 | B101: xqykoBh eqQhnsvke gk;j lSd.Mªh Ldwy d-ua&3 ¼iqjkuk Hkou½ | C101: 1 | D101: 422 | E101: 8 | F101: 5 | G101: 0 | H101: 1 | I101: 0 | J101: 0 | K101: 20 | L101: 6 | M101: 1 | N101: 0 | O101: =C101+D101+E101+F101+G101+H101+I101+J101+K101+L101+M101+N101 -> 464 | P101: 0 | Q101: =O101-P101 -> 464 | R101: 0
A102: 93 | B102: xqykoBh ftyk ifj"knh; twfu;j gkbZ Ldwy d ua&1 | C102: 4 | D102: 479 | E102: 167 | F102: 9 | G102: 0 | H102: 0 | I102: 0 | J102: 1 | K102: 7 | L102: 3 | M102: 1 | N102: 2 | O102: =C102+D102+E102+F102+G102+H102+I102+J102+K102+L102+M102+N102 -> 673 | P102: 0 | Q102: =O102-P102 -> 673 | R102: 0
...

Sheet Sheet1
A1: स्ट्रांग रूम से राउण्डवार ई0वी0एम0 दिये जाने का विवरण विधानसभा-64 सिकन्दराबाद
A2: Round | B2: ARO-1 | I2: ARO-2
B3: Table | I3: Table
A4: R-1 | B4: 1 | C4: 2 | D4: 3 | E4: 4 | F4: 5 | G4: 6 | H4: 7 | I4: 8 | J4: 9 | K4: 10 | L4: 11 | M4: 12 | N4: 13 | O4: 14
B5: vdcjiqj >ks>k izkbejh Ldwy d-ua&1 | C5: vdcjiqj >ks>k izkbejh Ldwy d-ua&2 | D5: QStkckn fj<koyh izkbejh Ldwy | E5: ,sapkuk eqfLye Ldwy d-ua-&1 | F5: ,sapkuk eqfLye Ldwy d-ua-&2 | G5: mVljk izkbejh Ldwy d0u01 | H5: mVljk izkbejh Ldwy d0u02 | I5: cjeUnuxj izkbZejh Ldwy d-u-&1 | J5: cjeUnuxj izkbZejh Ldwy d-u-&2 | K5: cjeUnuxj izkbZejh Ldwy d-u-&3 | L5: fxj/kjiqj uoknk izkbejh Ldwy d-ua-&1 | M5: fxj/kjiqj uoknk izkbejh Ldwy d-ua-&2 | N5: [k.MokMgj etjk fxj/kjiqj uoknk izkbejh Ldwy | O5: ledkSyk izkbZejh Ldwy
B6: ECUEC64547 | C6: ECUEC57499 | D6: ECUEC53812 | E6: ECUEC50315 | F6: ECUEC29676 | G6: ECUEC57702 | H6: ECUEC64518 | I6: ECUEC64882 | J6: ECUEC51429 | K6: ECUEC64809 | L6: ECUEC54951 | M6: ECUEC57760 | N6: ECUEC47766 | O6: ECUEC50174
A7: R-2 | B7: 15 | C7: 16 | D7: 17 | E7: 18 | F7: 19 | G7: 20 | H7: 21 | I7: 22 | J7: 23 | K7: 24 | L7: 25 | M7: 26 | N7: 27 | O7: 28
B8: ledkSyk twfu;j gkbZ Ldwy | C8: ckxokyk twfu;j gkbZ Ldwy d-u-&1 | D8: ckxokyk twfu;j gkbZ Ldwy d-u-&2 | E8: ckxokyk twfu;j gkbZ Ldwy d-u-&3 | F8: egkoriqj x<h izkbZejh Ldwy | G8: u;kokWl izkbejh Ldwy | H8: lSniqj [kqjZeiqj izkbZejh Ldwy | I8: uwjiqj izkbZejh Ldwy | J8: fcyk;r uxj izkbZejh Ldwy | K8: lSaVk izkbZejh Ldwy d0ua0&1 | L8: lSaVk izkbZejh Ldwy d0ua0&2 | M8: Nijkor izkbZejh Ldwy d- u-&1 | N8: Nijkor izkbZzejh Ldwy d-u-2 | O8: Nijkor twfu;j gkbZ Ldwy
B9: ECUED29544 | C9: ECUEC64240 | D9: ECUEC52847 | E9: ECUEC57886 | F9: ECUEC51183 | G9: ECUEC64330 | H9: ECUEC57577 | I9: ECUEC64629 | J9: ECUEC64669 | K9: ECUEC67556 | L9: ECUEC51902 | M9: ECUEC64790 | N9: ECUEC60441 | O9: ECUEC67625
A10: R-3 | B10: 29 | C10: 30 | D10: 31 | E10: 32 | F10: 33 | G10: 34 | H10: 35 | I10: 36 | J10: 37 | K10: 38 | L10: 39 | M10: 40 | N10: 41 | O10: 42
B11: [kq'kgkyiqj izkbZejh Ldwy d-u-&1 | C11: [kq'kgkyiqj izkbZejh Ldwy d-u-&2 | D11: [kq'kgkyiqj izkbZejh Ldwy d-ua-&3 | E11: jlwyiqj izkbZejh Ldwy | F11: egkSyh izkbZejh Ldwy d0ua0&1 | G11: egkSyh izkbZejh Ldwy d0ua0&2 | H11: vklQkckn pUniqjk izkbZejh Ldwy d-u-&1 | I11: vklQkckn pUniqjk izkbZejh Ldwy d-u-&2 | J11: vklQkckn pUniqjk izkbZejh Ldwy d-u-&3 | K11: cjky izse b.Vj dkysst d-u-&1 | L11: cjky izse b.Vj dkysst d-u-&2 | M11: cjky izse b.Vj dkysst d-u-&3 | N11: cjky izse b.Vj dkysst d-u-&4 | O11: cjky izse b.Vj dkysst u;k Hkou d-u-&1
B12: ECUEC64718 | C12: ECUEC57643 | D12: ECUEC57935 | E12: ECUEC67180 | F12: ECUEC57289 | G12: ECUEC54284 | H12: ECUED21486 | I12: ECUEC67774 | J12: ECUEC48866 | K12: ECUEC51355 | L12: ECUEC57759 | M12: ECUEC64570 | N12: ECUEC51140 | O12: ECUEC57058
A13: R-4 | B13: 43 | C13: 44 | D13: 45 | E13: 46 | F13: 47 | G13: 48 | H13: 49 | I13: 50 | J13: 51 | K13: 52 | L13: 53 | M13: 54 | N13: 55 | O13: 56
B14: cjky izse b.Vj dkysst u;k Hkou d-ua-&2 | C14: cjky izse b.Vj dkysst u;k Hkou d-ua-&3 | D14: dSFkkyk izkbZejh Ldwy d-u-&1 | E14: dSFkkyk izkbZejh Ldwy d-u-&2 | F14: gjpuk twfu;j gkbZ Ldwy d-u-&1 | G14: gjpuk twfu;j gkbZ Ldwy d-u-&2 | H14: vkSys<+k izkbZejh Ldwy d-u-&1 | I14: vkSys<+k izkbZejh Ldwy d-u-&2 | J14: vkSys<+k izkbZejh Ldwy d-u-&3 | K14: fpMkod izkbZejh Ldwy d-u-&1 | L14: fpMkod izkbZejh Ldwy d-u-&2 | M14: fpMkod izkbZejh Ldwy d-u-&3 | N14: fpMkod izkbZejh Ldwy d-u-&4 | O14: lSxMk izkbZejh Ldwy
B15: ECUEC57429 | C15: ECUEC64461 | D15: ECUEC64242 | E15: ECUEC57867 | F15: ECUEC47938 | G15: ECUEC53960 | H15: ECUEC51884 | I15: ECUEC50064 | J15: ECUEC57178 | K15: ECUED14258 | L15: ECUEC98388 | M15: ECUED21809 | N15: ECUEC57567 | O15: ECUEC57297
A16: R-5 | B16: 57 | C16: 58 | D16: 59 | E16: 60 | F16: 61 | G16: 62 | H16: 63 | I16: 64 | J16: 65 | K16: 66 | L16: 67 | M16: 68 | N16: 69 | O16: 70
B17: e[knweuxj mQZ feBBsiqj izkbZejh Ldwy d-u-&1 | C17: e[knwe uxj mQZ feBBsiqj izkbZejh Ldwy d-u-&2 | D17: e[knwe uxj mQZ feBBsiqj izkbZejh Ldwy d-u-&3 | E17: Hkejk izkbZejh Ldwy d-u-&1 | F17: Hkejk izkbZejh Ldwy d-u-&2 | G17: Hkejk izkbZejh Ldwy d-u-&3 | H17: nsouxj mQZ nsoyh izkbZejh Ldwy d-ua-&1 | I17: nsouxj mQZ nsoyh izkbZejh Ldwy d-ua-&2 | J17: xqykoBh Mh-,u-bUVj dkfyt u;k Hkou d-u&1 | K17: xqykoBh Mh-,u-bUVj dkfyt u;k Hkou d-u&2 | L17: xqykoBh Mh-,u-bUVj dkfyt u;k Hkou d-u&3 | M17: xqykoBh Mh-,u-bUVj dkfyt u;k Hkou d-u&4 | N17: xqykoBh Mh-,u-bUVj dkfyt u;k Hkou d-u&5 | O17: xqykoBh Mh-,u-b- dkfyt iqjkuk Hkou iwohZ Hkkx d-u&1
B18: ECUEC50673 | C18: ECUEC99007 | D18: ECUEC55794 | E18: ECUEC64839 | F18: ECUEC50624 | G18: ECUEC60741 | H18: ECUEC48655 | I18: ECUEC54259 | J18: ECUEC64961 | K18: ECUEC64716 | L18: ECUED22273 | M18: ECUEC64702 | N18: ECUEC50237 | O18: ECUEC67331
A19: R-6 | B19: 71 | C19: 72 | D19: 73 | E19: 74 | F19: 75 | G19: 76 | H19: 77 | I19: 78 | J19: 79 | K19: 80 | L19: 81 | M19: 82 | N19: 83 | O19: 84
B20: xqykoBh Mh-,u-b- dkfyt iqjkuk Hkou iwohZ Hkkx d-u&2 | C20: xqykoBh Mh-,u-b- dkfyt iqjkuk Hkou iwohZ Hkkx d-u&3 | D20: xqykoBh Mh-,u-b- dkfyt iqjkuk Hkou iwohZ Hkkx d-u&4 | E20: xqykoBh Mh-,u-b- dkfyt iqjkuk Hkou if'peh Hkkx d-u&1 | F20: xqykoBh Mh-,u-b- dkfyt iqjkuk Hkou if'peh Hkkx d-u&2 | G20: xqykoBh Mh-,u-b- dkfyt iqjkuk Hkou if'peh Hkkx d-u&3 | H20: xqykoBh Mh-,u-fMxzh dkfyt iwohZ Hkkx d-u&1 | I20: xqykoBh Mh-,u-fMxzh dkfyt iwohZ Hkkx d-u&2 | J20: xqykoBh Mh-,u-fMxzh dkfyt iwohZ Hkkx d-u&3 | K20: xqykoBh Mh-,u-fMxzh dkfyt if'peh Hkkx d-u&1 | L20: xqykoBh Mh-,u-fMxzh dkfyt if'peh Hkkx d-u&2 | M20: xqykoBh Mh-,u-fMxzh dkfyt if'peh Hkkx d-u&3 | N20: xqykoBh Mh-,u-fMxzh dkfyt if'peh Hkkx d-u&4 | O20: xqykoBh izkbZejh Ldwy Hkhe uxj d-u&1
B21: ECUEC64355 | C21: ECUEC50447 | D21: ECUED23454 | E21: ECUEC57225 | F21: ECUEC64757 | G21: ECUEC63789 | H21: ECUEC67408 | I21: ECUED29149 | J21: ECUEC51904 | K21: ECUEC60105 | L21: ECUEC57485 | M21: ECUEC52549 | N21: ECUEC67909 | O21: ECUEC64732
L22: ECUEC63670
A23: R-7 | B23: 85 | C23: 86 | D23: 87 | E23: 88 | F23: 89 | G23: 90 | H23: 91 | I23: 92 | J23: 93 | K23: 94 | L23: 95 | M23: 96 | N23: 97 | O23: 98
B24: xqykoBh izkbZejh Ldwy Hkhe uxj d-u&2 | C24: xqykoBh izkbZejh Ldwy Hkhe uxj d-u&3 | D24: xqykoBh eqQhnsvke gk;j lSds.Mªh Ldwy d-ua&1 | E24: xqykoBh eqQhnsvke gk;j lSds.Mªh Ldwy d-ua&2 | F24: xqykoBh eqQhnsvke gk;j lSds.Mªh Ldwy d-ua&3 | G24: xqykoBh eqQhnsvke gk;j lSd.Mªh Ldwy d-ua&1 ¼iqjkuk Hkou½ | H24: xqykoBh eqQhnsvke gk;j lSd.Mªh Ldwy d-ua&2 ¼iqjkuk Hkou½ | I24: xqykoBh eqQhnsvke gk;j lSd.Mªh Ldwy d-ua&3 ¼iqjkuk Hkou½ | J24: xqykoBh ftyk ifj"knh; twfu;j gkbZ Ldwy d ua&1 | K24: xqykoBh ftyk ifj"knh; twfu;j gkbZ Ldwy d ua&2 | L24: xqykoBh ftyk ifj"knh; twfu;j gkbZ Ldwy d ua&3 | M24: xqykoBh vk;Z dU;k b.Vj dkyst iwohZ Hkkx d-ua&1 | N24: xqykoBh vk;Z dU;k b.Vj dkyst iwohZ Hkkx d-ua&2 | O24: xqykoBh vk;Z dU;k b.Vj dkyst iwohZ Hkkx d-ua&3
B25: ECUEC64252 | C25: ECUEC67125 | D25: ECUEC57795 | E25: ECUEC47827 | F25: ECUEC50087 | G25: ECUEC67504 | H25: ECUEC60070 | I25: ECUEC57938 | J25: ECUEC57505 | K25: ECUEC64592 | L25: ECUEC64624 | M25: ECUEC67463 | N25: ECUEC50246 | O25: ECUEC64335
A26: R-8 | B26: 99 | C26: 100 | D26: 101 | E26: 102 | F26: 103 | G26: 104 | H26: 105 | I26: 106 | J26: 107 | K26: 108 | L26: 109 | M26: 110 | N26: 111 | O26: 112
B27: xqykoBh vk;Z dU;k b.Vj dkyst iwohZ Hkkx d-ua&4 | C27: xqykoBh vk;Z dU;k b.Vj dkyst iwohZ Hkkx d-ua&5 | D27: xqykoBh vk;Z dU;k b.Vj dkyst if'peh Hkkx d-ua&1 | E27: xqykoBh vk;Z dU;k b.Vj dkyst if'peh Hkkx d-ua&2 | F27: xqykoBh vk;Z dU;k b.Vj dkyst if'peh Hkkx d-ua&3 | G27: xqykoBh vk;Z dU;k b.Vj dkyst if'peh Hkkx d-ua&4 | H27: gqlSuiqj izkbZejh Ldwy | I27: D;keiqj izkbZejh Ldwy | J27: lksguiqj izkbZejh Ldwy d0ua0&1 | K27: lksguiqj izkbZejh Ldwy d0ua0&2 | L27: Hkksxiqj izkbZejh Ldwy | M27: HkVkSuk izkbZejh Ldwy d-u-&1 | N27: HkVkSuk izkbZejh Ldwy d-u-&2 | O27: HkVkSuk pkS- pj.k flag baVj dkfyt d-ua-&1
B28: ECUEC50800 | C28: ECUEC64174 | D28: ECUEC64625 | E28: ECUEC54532 | F28: ECUEC51602 | G28: ECUEC64742 | H28: ECUEC64386 | I28: ECUEC50223 | J28: ECUEC64230 | K28: ECUEC57883 | L28: ECUED12254 | M28: ECUEC51702 | N28: ECUEC50429 | O28: ECUEC64957
A29: R-9 | B29: 113 | C29: 114 | D29: 115 | E29: 116 | F29: 117 | G29: 118 | H29: 119 | I29: 120 | J29: 121 | K29: 122 | L29: 123 | M29: 124 | N29: 125 | O29: 126
B30: HkVkSuk pkS- pj.k flag baVj dkfyt d-ua-&2 | C30: HkVkSuk pkS- pj.k flag baVj dkfyt d-ua-&3 | D30: HkVkSuk pkS- pj.k flag baVj dkfyt d-ua-&4 | E30: ftjkoBh izkbZejh Ldwy | F30: fclkbZp izkbZejh Ldwy | G30: dksVk izkbZejh Ldwy d-u-1 | H30: dksVk izkbZejh Ldwy d-u-2 | I30: dksVk izkbZejh Ldwy d-u-3 | J30: dqjyh izkbZejh Ldwy d-u&1 | K30: dqjyh izkbZejh Ldwy d-u&2 | L30: dqjyh izkbZejh Ldwy d-u&3 | M30: vksSjaxkckn vghj izkbZejh Ldwy d-u-&1 | N30: vksSjaxkckn vghj izkbZejh Ldwy d-u-&2 | O30: xslwiqj dU;k ikB'kkyk d ua&1
B31: ECUEC57163 | C31: ECUEC67502 | D31: ECUEC63888 | E31: ECUED02101 | F31: ECUEC67456 | G31: ECUED24138 | H31: ECUEC57426 | I31: ECUEC57993 | J31: ECUEC52991 | K31: ECUEC63859 | L31: ECUEC67668 | M31: ECUEC67678 | N31: ECUEC50170 | O31: ECUEC54579
A32: R-10 | B32: 127 | C32: 128 | D32: 129 | E32: 130 | F32: 131 | G32: 132 | H32: 133 | I32: 134 | J32: 135 | K32: 136 | L32: 137 | M32: 138 | N32: 139 | O32: 140
B33: xslwiqj dU;k ikB'kkyk d ua&2 | C33: xslwiqj egkRek xak/kh b.Vj dkfyt d-u&1 | D33: xslwiqj egkRek xak/kh b.Vj dkfyt d-u&2 | E33: xslwiqj egkRek xak/kh b.Vj dkfyt d-u&3 | F33: xslwiqj egkRek xak/kh b.Vj dkfyt d-u&4 | G33: xslwiqj egkRek xak/kh b.Vj dkfyt d-u&5 | H33: ekSykckn etjk xslwiqj izkbZejh Ldwy | I33: vxokuk izkbZejh Ldwy | J33: lukSVk Jh d`".k bUVj dkfyt d-ua&1 | K33: lukSVk Jh d`".k bUVj dkfyt d-ua&2 | L33: lukSVk Jh d`".k bUVj dkfyt d-ua&3 | M33: Hkjkuk Lokeh vuUrkuUn bUVj dkfyt d-u&1 | N33: Hkjkuk Lokeh vuUrkuUn bUVj dkfyt d-u&2 | O33: Hkjkuk Lokeh vuUrkuUn bUVj dkfyt d-u&3
B34: ECUEC52431 | C34: ECUEC57502 | D34: ECUEC51550 | E34: ECUEC57698 | F34: ECUEC60514 | G34: ECUED21253 | H34: ECUEC60524 | I34: ECUEC67407 | J34: ECUEC60062 | K34: ECUEC57652 | L34: ECUED25812 | M34: ECUEC47988 | N34: ECUEC57590 | O34: ECUED23799
A35: R-11 | B35: 141 | C35: 142 | D35: 143 | E35: 144 | F35: 145 | G35: 146 | H35: 147 | I35: 148 | J35: 149 | K35: 150 | L35: 151 | M35: 152 | N35: 153 | O35: 154
B36: ykBkSj izkbZejh Ldwy | C36: eqjknkckn izkbZejh Ldwy d-ua-&1 | D36: eqjknkckn izkbZejh Ldwy d-ua-&2 | E36: ihj fo;kokuh izkbZejh Ldwy d-ua-&1 | F36: ihj fo;kokuh izkbZejh Ldwy d-ua-&2 | G36: xkthoh:iqj izkbZejh Ldwy d0u01 | H36: xkthoh:iqj izkbZejh Ldwy d0u02 | I36: cSuhiqj izkbZejh Ldwy | J36: ykMykokl izkbZejh Ldwy | K36: eqgkuk n;kuUn pkSchlk dU;k baVj dkfyt d-ua&1 | L36: eqgkuk n;kuUn pkSchlk dU;k baVj dkfyt d-ua&2 | M36: bZlsiqj izkbZejh Ldwy d-ua&1 | N36: bZlsiqj izkbZejh Ldwy d-ua&2 | O36: firksckl izkbZejh Ldwy
B37: ECUEC47912 | C37: ECUEC50598 | D37: ECUEC57424 | E37: ECUEC57739 | F37: ECUEC64634 | G37: ECUEC64357 | H37: ECUEC64070 | I37: ECUEC50122 | J37: ECUEC53760 | K37: ECUEC57820 | L37: ECUED21469 | M37: ECUEC54571 | N37: ECUEC50155 | O37: ECUEC63814
A38: R-12 | B38: 155 | C38: 156 | D38: 157 | E38: 158 | F38: 159 | G38: 160 | H38: 161 | I38: 162 | J38: 163 | K38: 164 | L38: 165 | M38: 166 | N38: 167 | O38: 168
B39: euksokl izkbZejh Ldwy | C39: Qdkuk izkbZejh Ldwy | D39: nknwiqj uhyk izkbZejh Ldwy d-ua-&1 | E39: nknwiqj uhyk izkbZejh Ldwy d-ua-&2 | F39: fjVksSyh izkbZejh Ldwy d-ua-&1 | G39: fjVksSyh izkbZejh Ldwy d-ua-&2 | H39: uxyk dkyk izkbZejh Ldwy | I39: bLekbZyiqj izkbZejh Ldwy d-ua&1 | J39: bLekbZyiqj izkbZejh Ldwy d-ua&2 | K39: bLekbZyiqj izkbZejh Ldwy d-ua&3 | L39: 'kgikuh izkbZejh Ldwy d-ua-&1 | M39: 'kgikuh izkbZejh Ldwy d-ua-&2 | N39: gluiqj Qd:nnhuiqj mQZ ubZ cLrh izkbZejh Ldwy | O39: ekSgEeniqj dyka izkbZejh Ldwy d-ua&1
B40: ECUEC54366 | C40: ECUEC57675 | D40: ECUEC50225 | E40: ECUEC47949 | F40: ECUED11571 | G40: ECUEC60410 | H40: ECUEC50691 | I40: ECUEC50481 | J40: ECUED21424 | K40: ECUEC51559 | L40: ECUEC57450 | M40: ECUEC59989 | N40: ECUEC64692 | O40: ECUEC59952
A41: R-13 | B41: 169 | C41: 170 | D41: 171 | E41: 172 | F41: 173 | G41: 174 | H41: 175 | I41: 176 | J41: 177 | K41: 178 | L41: 179 | M41: 180 | N41: 181 | O41: 182
B42: ekSgEeniqj dyka izkbZejh Ldwy d-ua&2 | C42: ohj[ksMk bUVj dkfyt d-u-&1 | D42: ohj[ksMk bUVj dkfyt d-u-&2 | E42: ohj[ksMk bUVj dkfyt d-u-&3 | F42: fiy[kuokyh izkbZejh Ldwy dua&1 | G42: fiy[kuokyh izkbZejh Ldwy d-ua&2 | H42: fiy[kuokyh izkbZejh Ldwy d-ua&3 | I42: fcylwjh ';ke flag bUVj dkyst d-ua&1 | J42: fcylwjh ';ke flag bUVj dkyst d-ua&2 | K42: fcylwjh ';ke flag bUVj dkyst d-ua&3 | L42: fcylwjh ';ke flag bUVj dkyst d-ua&4 | M42: ykyiqj izkbZejh Ldwy | N42: xSaniqj 'ks[kiqj izkbZejh Ldwy d0u0 1 | O42: xSaniqj 'ks[kiqj izkbZejh Ldwy d0u0 2
B43: ECUEC63064 | C43: ECUEC67759 | D43: ECUED14045 | E43: ECUED24195 | F43: ECUEC50541 | G43: ECUEC57578 | H43: ECUEC57839 | I43: ECUEC60568 | J43: ECUEC64566 | K43: ECUEC57483 | L43: ECUEC64546 | M43: ECUEC55334 | N43: ECUEC53874 | O43: ECUEC47914
A44: R-14 | B44: 183 | C44: 184 | D44: 185 | E44: 186 | F44: 187 | G44: 188 | H44: 189 | I44: 190 | J44: 191 | K44: 192 | L44: 193 | M44: 194 | N44: 195 | O44: 196
B45: fljksa/ku vkn'kZ fo|ky; d-ua&1 | C45: fljksa/ku vkn'kZ fo|ky; d-ua&2 | D45: fljksa/ku vkn'kZ fo|ky; d-ua&3 | E45: fljksa/ku vkn'kZ fo|ky; d-ua&4 | F45: HkViqjk twfu;j gkbZ Ldwy | G45: HkViqjk izkbZejh Ldwy | H45: [kxqvkokl izkbZejh Ldwy | I45: eaMkojk twfu;j gkbZ Ldwy d-u-&1 | J45: eaMkojk twfu;j gkbZ Ldwy d0ua-&2 | K45: eaMkojk twfu;j gkbZ Ldwy d0ua-&3 | L45: eaMkojk izkbZejh Ldwy | M45: dkaojk mPp izkFkfed fo|ky;&1 | N45: dkaojk mPp izkFkfed fo|ky;&2 | O45: thrx<h izkbZejh Ldwy
B46: ECUEC60157 | C46: ECUEC52363 | D46: ECUEC63596 | E46: ECUEC51278 | F46: ECUEC53730 | G46: ECUEC57895 | H46: ECUEC54526 | I46: ECUEC64759 | J46: ECUEC57438 | K46: ECUEC54425 | L46: ECUEC48582 | M46: ECUEC47873 | N46: ECUEC64236 | O46: ECUEC50613
A47: R-15 | B47: 197 | C47: 198 | D47: 199 | E47: 200 | F47: 201 | G47: 202 | H47: 203 | I47: 204 | J47: 205 | K47: 206 | L47: 207 | M47: 208 | N47: 209 | O47: 210
B48: uUnx<h izkbZejh Ldwy | C48: fd'kuiqj izkbZejh Ldwy | D48: jktkjkeiqj izkbZejh Ldwy | E48: usdukeiqj mQZ fo'kuiqj | F48: xksikyiqj izkbZejh Ldwy | G48: frye<S;k izkbZejh Ldwy | H48: frycsxeiqj izkbZejh Ldwy d0ua0&1 | I48: frycsxeiqj izkbZejh Ldwy d0ua0&2 | J48: frycsxeiqj twfu;j gkbZLdwy d0u0&1 | K48: frycsxeiqj twfu;j gkbZLdwy d0u0&2 | L48: fryMsjh etjk fry csxeiqj izkbZejh Ldwy | M48: 'ksjiqj izkbZejh Ldwy | N48: jktiqj [kqnZ izkbZejh Ldwy | O48: tks[kkckn izkbZejh Ldwy
B49: ECUEC54414 | C49: ECUEC55593 | D49: ECUEC54765 | E49: ECUEC57525 | F49: ECUEC47872 | G49: ECUEC48978 | H49: ECUEC97810 | I49: ECUEC57932 | J49: ECUEC47418 | K49: ECUEC51128 | L49: ECUEC67748 | M49: ECUEC64854 | N49: ECUED12136 | O49: ECUEC57944
A50: R-16 | B50: 211 | C50: 212 | D50: 213 | E50: 214 | F50: 215 | G50: 216 | H50: 217 | I50: 218 | J50: 219 | K50: 220 | L50: 221 | M50: 222 | N50: 223 | O50: 224
B51: lkaoyh izkbZejh Ldwy d-ua-&1 | C51: lkaoyh izkbZejh Ldwy d-ua-&2 | D51: ân;iqj izkbZejh Ldwy d0ua01 | E51: ân;iqj izkbZejh Ldwy d0ua02 | F51: lySeiqj dk;LFk izkbZejh Ldwy d- ua&1 | G51: lySeiqj dk;LFk izkbZejh Ldwy d- ua&2 | H51: va/kSy izkbZejh Ldwy d0ua0 1 | I51: va/kSy izkbZejh Ldwy d0ua0 2 | J51: gluiqj tkxhj izkbZejh Ldwy d0u0&1 | K51: gluiqj tkxhj izkbZejh Ldwy d0u0&2 | L51: folokuk izkbZejh Ldwy d-u&1 | M51: folokuk izkbZejh Ldwy d-u&2 | N51: [ksjiqj fry izkbZejh Ldwy | O51: Qjhniqj izkbZejh Ldwy d0ua0&1
B52: ECUEC51620 | C52: ECUED12152 | D52: ECUEC67949 | E52: ECUEC64903 | F52: ECUEC60614 | G52: ECUED25753 | H52: ECUEC64632 | I52: ECUEC60494 | J52: ECUEC50422 | K52: ECUEC64964 | L52: ECUEC67799 | M52: ECUEC51379 | N52: ECUEC64980 | O52: ECUEC48878
A53: R-17 | B53: 225 | C53: 226 | D53: 227 | E53: 228 | F53: 229 | G53: 230 | H53: 231 | I53: 232 | J53: 233 | K53: 234 | L53: 235 | M53: 236 | N53: 237 | O53: 238
B54: Qjhniqj izkbZejh Ldwy d0ua0&2 | C54: Qjhniqj twfu;j gkbZLdwy | D54: fldUnzkckn ,e-,l-bUVj dkfyt d-ua&1 | E54: fldUnzkckn ,e-,l-bUVj dkfyt d-ua&2 | F54: fldUnzkckn ,e-,l-bUVj dkfyt d-ua&3 | G54: fldUnzkckn ,e-,l-bUVj dkfyt d-ua&4 | H54: fldUnzkckn ,e-,l-bUVj dkfyt d-ua&5 | I54: fldUnzkckn ,e-,l-bUVj dkfyt d-ua&6 | J54: fldUnzkckn ts0,l0fMxzh dkfyt mRrjh Hkkx d-ua&1 | K54: fldUnzkckn ts0,l0fMxzh dkfyt mRrjh Hkkx d-ua&2 | L54: fldUnzkckn ts0,l0fMxzh dkfyt mRrjh Hkkx d-ua&3 | M54: fldUnzkckn ts0,l0fMxzh dkfyt mRrjh Hkkx d-ua&4 | N54: fldUnzkckn ts0,l0fMxzh dkfyt mRrjh Hkkx d-ua&5 | O54: fldUnzkckn ts0,l0fMxzh dkfyt d-u&1 nf{k.kh Hkkx
B55: ECUEC64930 | C55: ECUEC57696 | D55: ECUEC50396 | E55: ECUED24545 | F55: ECUEC98811 | G55: ECUEC55905 | H55: ECUED23064 | I55: ECUEC67998 | J55: ECUEC60802 | K55: ECUEC64474 | L55: ECUEC67794 | M55: ECUEC67480 | N55: ECUED23861 | O55: ECUED24516
A56: R-18 | B56: 239 | C56: 240 | D56: 241 | E56: 242 | F56: 243 | G56: 244 | H56: 245 | I56: 246 | J56: 247 | K56: 248 | L56: 249 | M56: 250 | N56: 251 | O56: 252
B57: fldUnzkckn ts0,l0fMxzh dkfyt d-u&2 nf{k.kh Hkkx | C57: fldUnzkckn Lokeh n;ky iq=h bUVj dkfyt d-ua&1 | D57: fldUnzkckn Lokeh n;ky iq=h bUVj dkfyt d-ua&2 | E57: fldUnzkckn Lokeh n;ky iq=h bUVj dkfyt d-ua&3 | F57: fldUnzkckn Lokeh n;ky iq=h bUVj dkfyt d-ua&4 | G57: fldUnzkckn Lokeh n;ky iq=h bUVj dkfyt d-ua&5 | H57: fldUnzkckn tSu bUVj dkfyt mRrjh Hkkx d0ua&1 | I57: fldUnzkckn tSu bUVj dkfyt mRrjh Hkkx d0ua&2 | J57: fldUnzkckn tSu bUVj dkfyt mRrjh Hkkx d0ua&3 | K57: fldUnzkckn tSu bUVj dkfyt mRrjh Hkkx d0ua&4 | L57: fldUnzkckn tSu bUVj dkfyt mRrjh Hkkx d0ua&5 | M57: fldUnzkckn tSu bUVj dkfyt mRrjh Hkkx d0ua&6 | N57: fldUnzkckn tSu bUVj dkfyt nf{k.kh Hkkx d0ua&1 | O57: fldUnzkckn tSu bUVj dkfyt nf{k.kh Hkkx d0ua&2
B58: ECUEC64921 | C58: ECUEC55735 | D58: ECUEC51209 | E58: ECUED11340 | F58: ECUEC57677 | G58: ECUEC64359 | H58: ECUEC65059 | I58: ECUEC47740 | J58: ECUEC52588 | K58: ECUEC50220 | L58: ECUEC57713 | M58: ECUEC57831 | N58: ECUED00162 | O58: ECUEC50811
A59: R-19 | B59: 253 | C59: 254 | D59: 255 | E59: 256 | F59: 257 | G59: 258 | H59: 259 | I59: 260 | J59: 261 | K59: 262 | L59: 263 | M59: 264 | N59: 265 | O59: 266
B60: fldUnzkckn tSu bUVj dkfyt nf{k.kh Hkkx d0ua&3 | C60: fldUnzkckn tSu bUVj dkfyt nf{k.kh Hkkx d0ua&4 | D60: fldUnzkckn tSu bUVj dkfyt nf{k.kh Hkkx d0ua&5 | E60: fldUnzkckn uxj ikfydk dk;kZy; d0ua0&1 | F60: fldUnzkckn uxj ikfydk dk;kZy; d0ua0&2 | G60: fldUnzkckn uxj ikfydk dk;kZy; d0ua0&3 | H60: fldUnzkckn uxj ikfydk dk;kZy; d0ua0&4 | I60: fldUnzkckn Mh0 Mh0 dckMh xYlZ bUVj dkyst d-u&1 | J60: fldUnzkckn Mh0 Mh0 dckMh xYlZ bUVj dkyst d-u&2 | K60: fldUnzkckn uxj ikfydk ckfydk twfu;j gkbZ Ldwy d-u&1 | L60: fldUnzkckn uxj ikfydk ckfydk twfu;j gkbZ Ldwy d-u&2 | M60: fldUnzkckn uxj ikfydk ckfydk twfu;j gkbZ Ldwy d-u&3 | N60: fldUnzkckn izkbZejh ikB'kkyk ua-&12 HkkfV;kokMk d-ua&1 | O60: fldUnzkckn izkbZejh ikB'kkyk ua-&12 HkkfV;kokMk d-ua&2
B61: ECUEC50097 | C61: ECUED29579 | D61: ECUEC67721 | E61: ECUEC67421 | F61: ECUEC60721 | G61: ECUEC57492 | H61: ECUEC51172 | I61: ECUEC57477 | J61: ECUED29317 | K61: ECUEC67413 | L61: ECUEC54603 | M61: ECUEC50943 | N61: ECUEC64682 | O61: ECUEC64193
A62: R-20 | B62: 267 | C62: 268 | D62: 269 | E62: 270 | F62: 271 | G62: 272 | H62: 273 | I62: 274 | J62: 275 | K62: 276 | L62: 277 | M62: 278 | N62: 279 | O62: 280
B63: fldUnzkckn uxjikfydk izk0Ldwy ua0 1 d0u0 1 | C63: fldUnzkckn uxjikfydk izk0Ldwy ua0 1 d0u0 2 | D63: fldUnzkckn uxjikfydk izk0Ldwy ua0 1 d0u0 3 | E63: fldUnzkckn uxjikfydk izk0Ldwy ua0 11 d0u0 1 | F63: fldUnzkckn uxjikfydk izk0Ldwy ua0 11 d0u0 2 | G63: dkdk xYlZ fMxzh dkfyt fldUnzkckn d-ua-&1 | H63: dkdk xYlZ fMxzh dkfyt fldUnzkckn d-ua-&2 | I63: dkdk xYlZ fMxzh dkfyt fldUnzkckn d-ua-&3 | J63: dkdk xYlZ fMxzh dkfyt fldUnzkckn d-ua-&4 | K63: dkdk xYlZ fMxzh dkfyt fldUnzkckn d-ua-&5 | L63: dkdk xYlZ fMxzh dkfyt fldUnzkckn d-ua-&6 | M63: fldUnzkckn vxzlSu bUVj dkfyt eq[; Hkou d0ua0&1 | N63: fldUnzkckn vxzlSu bUVj dkfyt eq[; Hkou d0ua0&2 | O63: fldUnzkckn vxzlSu bUVj dkfyt eq[; Hkou d0ua0&3
B64: ECUEC47732 | C64: ECUEC64545 | D64: ECUEC60295 | E64: ECUEC50450 | F64: ECUEC63782 | G64: ECUEC60520 | H64: ECUEC60347 | I64: ECUEC53986 | J64: ECUED29239 | K64: ECUEC47909 | L64: ECUED29891 | M64: ECUED21446 | N64: ECUEC57122 | O64: ECUEC47962
A65: R-21 | B65: 281 | C65: 282 | D65: 283 | E65: 284 | F65: 285 | G65: 286 | H65: 287 | I65: 288 | J65: 289 | K65: 290 | L65: 291 | M65: 292 | N65: 293 | O65: 294
B66: fldUnzkckn vxzlSu bUVj dkfyt eq[; Hkou d0ua0&4 | C66: fldUnzkckn vxzlSu bUVj dkfyt eq[; Hkou d0ua0&5 | D66: fldUnzkckn vxzlSu bUVj dkfyt u;k Hkou d0ua&1 | E66: fldUnzkckn vxzlSu bUVj dkfyt u;k Hkou d0ua&2 | F66: fldUnzkckn vxzlSu bUVj dkfyt Vadh okyk Hkou d-ua&1 | G66: fldUnzkckn vxzlSu bUVj dkfyt Vadh okyk Hkou d-ua&2 | H66: fldUnzkckn vxzlSu bUVj dkfyt Vadh okyk Hkou d-ua&3 | I66: fldUnzkckn vxzlSu bUVj dkfyt Vadh okyk Hkou d-ua&4 | J66: fldUnzkckn vxzlSu ckfydk b0dk0 d0u0 1 | K66: fldUnzkckn vxzlSu ckfydk b0dk0 d0u0 2 | L66: fldUnzkckn vxzlSu ckfydk b0dk0 d0u0 3 | M66: fldUnzkckn vxzlSu ckfydk b0dk0 d0u0 4 | N66: fldUnzkckn vxzlSu ckfydk b0dk0 d0u0 5 | O66: u;k xkao izkbZejh Ldwy d-u&1
B67: ECUEC51319 | C67: ECUEC51268 | D67: ECUED23812 | E67: ECUEC51177 | F67: ECUED29285 | G67: ECUEC51296 | H67: ECUEC67335 | I67: ECUEC50126 | J67: ECUEC52620 | K67: ECUEC50745 | L67: ECUEC50178 | M67: ECUEC67981 | N67: ECUEC48796 | O67: ECUEC57308
A68: R-22 | B68: 295 | C68: 296 | D68: 297 | E68: 298 | F68: 299 | G68: 300 | H68: 301 | I68: 302 | J68: 303 | K68: 304 | L68: 305 | M68: 306 | N68: 307 | O68: 308
B69: u;k xkao izkbZejh Ldwy d-u&2 | C69: lq[kYkkyiqj izkbZejh Ldwy | D69: xQwjx<h izkbZejh Ldwy | E69: eqdUnx<h izkbZejh Ldwy | F69: fldUnzkckn [k.M fodkl dk;kZy; d0u0&1 | G69: fldUnzkckn [k.M fodkl dk;kZy; d0u0&2 | H69: fldUnzkckn [k.M fodkl dk;kZy; d0u0&3 | I69: fldUnzkckn [k.M fodkl dk;kZy; d0u0&4 | J69: fldUnzkckn [k.M fodkl dk;kZy; d0u0&5 | K69: fdlku lsok lgdkjh lfefr fldUnzkckn d-ua-&1 | L69: fdlku lsok lgdkjh lfefr fldUnzkckn d-ua-&2 | M69: n;korh nhoku flag 'kqDy ljLorh fo|k efUnj b.Vj dkfyt d-ua-&1 | N69: n;korh nhoku flag 'kqDy ljLorh fo|k efUnj b.Vj dkfyt d-ua-&2 | O69: n;korh nhoku flag 'kqDy ljLorh fo|k efUnj b.Vj dkfyt d-ua-&3
B70: ECUEC67959 | C70: ECUEC52485 | D70: ECUEC57980 | E70: ECUEC57741 | F70: ECUEC67245 | G70: ECUEC53767 | H70: ECUEC64418 | I70: ECUEC63590 | J70: ECUEC60594 | K70: ECUEC47807 | L70: ECUEC52759 | M70: ECUEC53030 | N70: ECUEC57548 | O70: ECUEC67570
A71: R-23 | B71: 309 | C71: 310 | D71: 311 | E71: 312 | F71: 313 | G71: 314 | H71: 315 | I71: 316 | J71: 317 | K71: 318 | L71: 319 | M71: 320 | N71: 321 | O71: 322
B72: n;korh nhoku flag 'kqDy ljLorh fo|k efUnj b.Vj dkfyt d-ua-&4 | C72: ljLorh fo|k efUnj gksyh esyk jksM fldUnzkckn d-ua-&1 | D72: ljLorh fo|k efUnj gksyh esyk jksM fldUnzkckn d-ua-&2 | E72: ljLorh fo|k efUnj gksyh esyk jksM fldUnzkckn d-ua-&3 | F72: ljLorh fo|k efUnj gksyh esyk jksM fldUnzkckn d-ua-&4 | G72: ljLorh f'k'kq efUnj gksyh esyk jksM fldUnzkckn d0u0 1 | H72: ljLorh f'k'kq efUnj gksyh esyk jksM fldUnzkckn d0u0 2 | I72: futkeiqj izkbZejh Ldwy d0ua0&1 | J72: futkeiqj izkbZejh Ldwy d0ua0&2 | K72: egrkcuxj izkbZejh Ldwy | L72: elkSrk izkbZejh Ldwy d-ua-&1 | M72: elkSrk izkbZejh Ldwy d-ua-&2 | N72: egsik tkxhj izkbZejh Ldwy d0ua0&1 | O72: egsik tkxhj izkbZejh Ldwy d0ua0&2
B73: ECUED23406 | C73: ECUEC50389 | D73: ECUED29938 | E73: ECUEC67080 | F73: ECUEC57948 | G73: ECUEC60219 | H73: ECUEC59978 | I73: ECUEC57229 | J73: ECUEC67321 | K73: ECUEC67420 | L73: ECUEC67662 | M73: ECUED21857 | N73: ECUEC63674 | O73: ECUEC48411
A74: R-24 | B74: 323 | C74: 324 | D74: 325 | E74: 326 | F74: 327 | G74: 328 | H74: 329 | I74: 330 | J74: 331 | K74: 332 | L74: 333 | M74: 334 | N74: 335 | O74: 336
B75: egsik tkxhj twfu;j gkbZLdwy | C75: HkkSa[ksMk izkbZejh Ldwy | D75: eYgiqj izkbZejh Ldwy | E75: tkSyh izkbZejh Ldwy d ua0&1 | F75: tkSyh izkbZejh Ldwy d ua0&2 | G75: cqVSuk izkbZejh Ldwy d0ua01 | H75: cqVSuk izkbZejh Ldwy d0ua02 | I75: izkux< izkbZejh Ldwy ua0&1 | J75: izkux< izkbZejh Ldwy ua0&2 | K75: izkux< izkbZejh Ldwy ua0&3 | L75: gehniqj izkbZejh Ldwy | M75: tqusniqj izkbZejh Ldwy d0ua0 1 | N75: tqusniqj izkbZejh Ldwy d0ua0 2 | O75: ljk;nwYgk izkbZejh Ldwy
B76: ECUEC57211 | C76: ECUEC50095 | D76: ECUEC67425 | E76: ECUED25095 | F76: ECUED14315 | G76: ECUEC54024 | H76: ECUED12259 | I76: ECUEC57415 | J76: ECUEC50653 | K76: ECUEC64929 | L76: ECUEC50532 | M76: ECUEC67617 | N76: ECUEC50648 | O76: ECUEC51527
A77: R-25 | B77: 337 | C77: 338 | D77: 339 | E77: 340 | F77: 341 | G77: 342 | H77: 343 | I77: 344 | J77: 345 | K77: 346 | L77: 347 | M77: 348 | N77: 349 | O77: 350
B78: ljk; txUukFk izkbZejh Ldwy | C78: vk<k izkbZejh Ldwy d-ua&1 | D78: vk<k izkbZejh Ldwy d-ua&2 | E78: pUns: twfu;j gkbZ Ldwy d-ua&1 | F78: pUns: twfu;j gkbZ Ldwy d-ua&2 | G78: pUns: twfu;j gkbZ Ldwy d-ua&3 | H78: vehuxj izk0Ldwy | I78: buk;rx<h izkbZejh Ldwy | J78: ljk; ?kklh e?kkuUn bUVj dkfyt d-ua&1 | K78: ljk; ?kklh e?kkuUn bUVj dkfyt d-ua&2 | L78: ljk; ?kklh e?kkuUn bUVj dkfyt d-ua&3 | M78: pUnzkoyh izkbZejh Ldwy d-u&1 | N78: pUnzkoyh izkbZejh Ldwy] d- u-&2 | O78: HkVkSyk izkbZejh Ldwy
B79: ECUED14247 | C79: ECUED24989 | D79: ECUEC47893 | E79: ECUEC57922 | F79: ECUEC67343 | G79: ECUEC57766 | H79: ECUEC64373 | I79: ECUEC47955 | J79: ECUEC63179 | K79: ECUEC50102 | L79: ECUEC64794 | M79: ECUEC67535 | N79: ECUEC63678 | O79: ECUEC60935
A80: R-26 | B80: 351 | C80: 352 | D80: 353 | E80: 354 | F80: 355 | G80: 356 | H80: 357 | I80: 358 | J80: 359 | K80: 360 | L80: 361 | M80: 362 | N80: 363 | O80: 364
B81: cks<k izkbZejh Ldwy | C81: rkyciqj mQZ dudiqj izkbZejh Ldwy d-ua-&1 | D81: rkyciqj mQZ dudiqj izkbZejh Ldwy d-ua-&2 | E81: yqgkdj izkbZejh Ldwy | F81: uxyk cMkSnk izkbZejh Ldwy | G81: cMkSnk dju flag gk;j lSdUMjh Ldwy d0ua0&1 | H81: cMkSnk dju flag gk;j lSdUMjh Ldwy d0ua0&2 | I81: fQjkstiqj izkbZejh Ldwy | J81: tkfgniqj izkbZejh Ldwy d0u0 1 | K81: tkfgniqj izkbZejh Ldwy d0u0 2 | L81: nqYgSjk izkbZejh Ldwy | M81: uwjiqj izkbZejh Ldwy | N81: vfy;kckn izkbZejh Ldwy | O81: cSj ckn'kkgiqj vklq HkkVh bUVj dkfyt d-ua&1
B82: ECUEC98675 | C82: ECUED25020 | D82: ECUEC54150 | E82: ECUEC64710 | F82: ECUEC64688 | G82: ECUED25211 | H82: ECUEC57227 | I82: ECUEC67560 | J82: ECUED22276 | K82: ECUEC64130 | L82: ECUEC64605 | M82: ECUEC55762 | N82: ECUEC64148 | O82: ECUEC67055
A83: R-27 | B83: 365 | C83: 366 | D83: 367 | E83: 368 | F83: 369 | G83: 370 | H83: 371 | I83: 372 | J83: 373 | K83: 374 | L83: 375 | M83: 376 | N83: 377 | O83: 378
B84: cSj ckn'kkgiqj vklq HkkVh bUVj dkfyt d-ua&2 | C84: cSj ckn'kkgiqj vklq HkkVh bUVj dkfyt d-ua&3 | D84: cSj ckn'kkgiqj vklq HkkVh bUVj dkfyt d-ua&4 | E84: cSj ckn'kkgiqj vklq HkkVh bUVj dkfyt d-ua&5 | F84: ckn'kkgiqj izkbZejh Ldwy | G84: HkkSjk dykorh NqVVuyky dkdk fMxzh dkfyt d0ua0 1 | H84: HkkSjk dykorh NqVVuyky dkdk fMxzh dkfyt d0ua0 2 | I84: HkkSjk dykorh NqVVuyky dkdk fMxzh dkfyt d0ua0 3 | J84: jksuh mQZ lykSuh izkbZejh Ldwy | K84: edjUniqj mQZ Qrgiqj izkbZejh Ldwy | L84: fgjukSVh izkbZejh Ldwy d-ua-&1 | M84: fgjukSVh izkbZejh Ldwy d-ua-&2 | N84: vykSnk tkxhj izkbZejh Ldwy d-u-a&1 | O84: vykSnk tkxhj izkbZejh Ldwy d-u-a&2
B85: ECUEC57563 | C85: ECUEC52102 | D85: ECUEC63623 | E85: ECUEC67765 | F85: ECUEC50403 | G85: ECUEC53743 | H85: ECUEC64939 | I85: ECUEC64382 | J85: ECUEC50604 | K85: ECUED25639 | L85: ECUED29128 | M85: ECUEC51505 | N85: ECUEC67087 | O85: ECUEC64835
N86: ECUED11300
A87: R-28 | B87: 379 | C87: 380 | D87: 381 | E87: 382 | F87: 383 | G87: 384 | H87: 385 | I87: 386 | J87: 387 | K87: 388 | L87: 389 | M87: 390 | N87: 391 | O87: 392
B88: xMkuk izkbZejh Ldwy | C88: vjfu;k dekyiqj izkbZejh Ldwy | D88: ekSgEeniqj dsgjh izkbZejh Ldwy | E88: gluiqj cdlqvk izkbZejh Ldwy | F88: lquisMk twfu;j gkbZ Ldwy d0ua0&1 | G88: lquisMk twfu;j gkbZ Ldwy d0ua0&2 | H88: vkteiqj gqlSuiqj twfu;j gkbZ Ldwy | I88: vyhiqjk izkbZejh Ldwy | J88: vehiqj ckaxj izkbZejh Ldwy | K88: cSykuk izkbZejh Ldwy d0-u0&1 | L88: cSykuk izkbZejh Ldwy d0-u0&2 | M88: jokuh cqtZ izkbZejh Ldwy | N88: pkSdh izkbZejh Ldwy | O88: [oktiqj vehukckn mQZ Qdhjx<h izkbZejh Ldwy
B89: ECUED07082 | C89: ECUEC57218 | D89: ECUEC50427 | E89: ECUED24881 | F89: ECUED23652 | G89: ECUEC64920 | H89: ECUEC67567 | I89: ECUEC52557 | J89: ECUEC51064 | K89: ECUEC60119 | L89: ECUEC57873 | M89: ECUED25082 | N89: ECUEC64714 | O89: ECUEC64982
A90: R-29 | B90: 393 | C90: 394 | D90: 395 | E90: 396 | F90: 397 | G90: 398 | H90: 399 | I90: 400 | J90: 401 | K90: 402 | L90: 403 | M90: 404 | N90: 405 | O90: 406
B91: tSriqj izkbZejh Ldwy | C91: >k>j rkjk pUnz prqosZnh b.Vj dkfyt d0ua0&1 | D91: >k>j rkjk pUnz prqosZnh b.Vj dkfyt d0ua0&2 | E91: >k>j rkjk pUnz prqosZnh b.Vj dkfyt d0ua0&3 | F91: >k>j rkjk pUnz prqosZnh b.Vj dkfyt d0ua0&4 | G91: >k>j rkjk pUnz prqosZnh b.Vj dkfyt d0ua0&5 | H91: >k>j rkjk pUnz prqosZnh b.Vj dkfyt d0ua0&6 | I91: >k>j izkbZejh Ldwy d0 ua0&1 | J91: >k>j izkbZejh Ldwy da0 ua0&2 | K91: >k>j izkbZejh Ldwy d0 ua0&3 | L91: buk;riqj gk;j lSdUMjh Ldwy d-ua-&1 | M91: buk;riqj gk;j lSdUMjh Ldwy d-ua-&2 | N91: dqVok;k izkbZejh Ldwy | O91: lwcjk izkbZejh Ldwy
B92: ECUEC64918 | C92: ECUEC60670 | D92: ECUEC54129 | E92: ECUEC53920 | F92: ECUEC67991 | G92: ECUED24951 | H92: ECUED22341 | I92: ECUEC57188 | J92: ECUEC64975 | K92: ECUEC57890 | L92: ECUEC50995 | M92: ECUEC64841 | N92: ECUEC64959 | O92: ECUEC67605
A93: R-30 | B93: 407 | C93: 408 | D93: 409 | E93: 410 | F93: 411 | G93: 412 | H93: 413 | I93: 414 | J93: 415 | K93: 416 | L93: 417 | M93: 418 | N93: 419 | O93: 420
B94: vt; uxj mQZ tkQjiqj cqgw izkbZejh Ldwy | C94: ddksM bUVj dkfyt d0 ua0&1 | D94: ddksM bUVj dkfyt d0 ua0&2 | E94: ddksM bUVj dkfyt d0 ua0&3 | F94: ddksM bUVj dkfyt d0 ua0&4 | G94: ddksM bUVj dkfyt d0 ua0&5 | H94: ddksM bUVj dkfyt d0 ua0&6 | I94: ddksM bUVj dkfyt d0 ua0&7 | J94: ddksM izkbZejh Ldwy d0 ua0&1 | K94: ddksM izkbZejh Ldwy d0 ua0&2 | L94: ddksM chtxksnke d0 ua0&1 | M94: ddksM chtxksnke d0 ua0&2 | N94: lSneiqj izkbZejh Ldwy | O94: Hkksiriqj izkbZejh Ldwy
B95: ECUEC54320 | C95: ECUEC57854 | D95: ECUEC47765 | E95: ECUEC54084 | F95: ECUEC51365 | G95: ECUEC67677 | H95: ECUEC60730 | I95: ECUEC57726 | J95: ECUED24121 | K95: ECUEC50066 | L95: ECUEC50830 | M95: ECUEC51470 | N95: ECUEC57513 | O95: ECUEC98442
A96: R-31 | B96: 421 | C96: 422 | D96: 423 | E96: 424 | F96: 425 | G96: 426 | H96: 427 | I96: 428 | J96: 429 | K96: 430 | L96: 431 | M96: 432 | N96: 433 | O96: 434
B97: lySeiqj tkV izkbZejh Ldwy d0ua0&1 | C97: lySeiqj tkV izkbZejh Ldwy d0ua0&2 | D97: lySeiqj tkV izkbZejh Ldwy d0ua0&3 | E97: uxyk xksfoUniqj izkbZejh Ldwy | F97: vjkSMk izkbZejh Ldwy d0ua0 1 | G97: vjkSMk izkbZejh Ldwy d0ua0 2 | H97: /kukSjk bUVj dkfyt d0ua0&1 | I97: /kukSjk bUVj dkfyt d0ua0&2 | J97: /kukSjk bUVj dkfyt d0ua0&3 | K97: /kukSjk bUVj dkfyt d0ua0&4 | L97: /kukSjk bUVj dkfyt d0ua0&5 | M97: /kukSjk bUVj dkfyt d0ua0&6 | N97: Qrgiqj tknksa izkbZejh Ldwy | O97: fuBkjh twfu;j gkbZ Ldwy d0ua0&1
B98: ECUEC60554 | C98: ECUEC57861 | D98: ECUEC60579 | E98: ECUEC57413 | F98: ECUEC60978 | G98: ECUEC64211 | H98: ECUEC57673 | I98: ECUEC51828 | J98: ECUED15456 | K98: ECUED00327 | L98: ECUEC64621 | M98: ECUED24977 | N98: ECUEC64559 | O98: ECUEC50731
D99: ECUEC50182
A100: R-32 | B100: 435 | C100: 436 | D100: 437 | E100: 438 | F100: 439 | G100: 440 | H100: 441 | I100: 442 | J100: 443 | K100: 444 | L100: 445 | M100: 446 | N100: 447 | O100: 448
...

Sheet PB
A1: fo/kku lHkk lkekU; fuokZpu&2022&Mkd eri=ksa dk fooj.k
A2: dza0la0 | B2: fo/kku lHkk fuokZpu {ks= dk uke | C2: lsok ernkrkvksa ds laca/k esa fooj.k | F2: ernku dkfeZdksa ds laca/k esa fooj.k
C3: lsok ernkrkvksa dh dqy la[;k | D3: lsok ernkrkvksa dks tkjh fd;s x;s Mkd eri=ksa dh dqy la[;k | E3: lsok ernkrkvksa ls okil izkIr gq, Mkd eri=ksa dh dqy la[;k | F3: ernku dkfeZdksa dh dqy la[;k ¼flfoy$iqfyl½ tks fuokZpu M;wVh ij rSukr gS ,oa Mkd eri= ds fy, vf/kd`r gSA | G3: mDr ernku dkfeZdksa dks tkjh fd;s x;s Mkd eri=ksa dh dqy la[;k | H3: mDr ernku dkfeZdksa ls okil izkIr gq, Mkd eri=ksa dh dqy la[;k
A4: 1 | B4: 2 | C4: 3 | D4: 4 | E4: 5 | F4: 6 | G4: 7 | H4: 8
A5: 1 | B5: 64 fldUnjkckn
A6: dqy ;ksx
A7: LFkku & e.Mh lfefr ifjlj] vuwi'kgj jksM] cqyUn'kgj
A8: fnukad& 10& ekpZ&2022
G11: fjVfuZax vkWfQlj
G12: fo/kkulHkk& 64 fldUnjkckn

Sheet PB-1
A1: FORMAT FOR RECORDING OF TALLY OF POSTAL BALLOTS ISSUED TO SERVICE PERSONNEL AND RECEIVED BACK
A2: Name of State/UT: Uttar Pradesh
A3: No.& Name of Parliamentary/ Assembly Constitueney : 64 Sikandrabad
A4: Total Electors in the last part of electoral Roll | B4: No of CSVs if any (who have appointed proxy) | C4: Total no of PBs issued | D4: PBs received back in time (before the date & time fixed for counting of votes) | E4: PBs received back undelivered
A5: 1 | B5: 2 | C5: 3 | D5: 4 | E5: 5
A17: Place- Mandi Samiti Paricer Anoopshahr Road Bulandshahr
A18: Date: 10-March-2022
E21: Returning Officer
E22: 64-Sikandrabad
