Workbook

Sheet POSTAL BALLOT H
A1: fo/kku lHkk lkekU; fuokZpu&2022&Mkd eri=ksa dk fooj.k
A2: dza0la0 | B2: fo/kku lHkk fuokZpu {ks= dk uke | C2: lsok ernkrkvksa ds laca/k esa fooj.k | F2: ernku dkfeZdksa ds laca/k esa fooj.k
C3: lsok ernkrkvksa dh dqy la[;k | D3: lsok ernkrkvksa dks tkjh fd;s x;s Mkd eri=ksa dh dqy la[;k | E3: lsok ernkrkvksa ls okil izkIr gq, Mkd eri=ksa dh dqy la[;k | F3: ernku dkfeZdksa dh dqy la[;k ¼flfoy$iqfyl½ tks fuokZpu M;wVh ij rSukr gS ,oa Mkd eri= ds fy, vf/kd`r gSA | G3: mDr ernku dkfeZdksa dks tkjh fd;s x;s Mkd eri=ksa dh dqy la[;k | H3: mDr ernku dkfeZdksa ls okil izkIr gq, Mkd eri=ksa dh dqy la[;k
A4: 1 | B4: 2 | C4: 3 | D4: 4 | E4: 5 | F4: 6 | G4: 7 | H4: 8
A5: 1 | B5: 66 L;kuk
A6: dqy ;ksx
A7: LFkku & e.Mh lfefr ifjlj] vuwi'kgj jksM] cqyUn'kgj
A8: fnukad& 10& ekpZ&2022
G11: fjVfuZax vkWfQlj
G12: fo/kkulHkk& 66 L;kuk

Sheet POSTAL BALLOT 1 (2)
A1: FORMAT FOR RECORDING OF TALLY OF POSTAL BALLOTS ISSUED TO SERVICE PERSONNEL AND RECEIVED BACK
A2: Name of State/UT: Uttar Pradesh
A3: No.& Name of Parliamentary/ Assembly Constitueney : 66 Syana
A4: Total Electors in the last part of electoral Roll | B4: No of CSVs if any (who have appointed proxy) | C4: Total no of PBs issued | D4: PBs received back in time (before the date & time fixed for counting of votes) | E4: PBs received back undelivered
A5: 1 | B5: 2 | C5: 3 | D5: 4 | E5: 5
A22: Place- Mandi Samiti Paricer Anoopshahr Road Bulandshahr
A23: Date: 10-March-2022
E26: Returning Officer
E27: 66-Syana

Sheet POSTAL BALLOT 1
A1: FORMAT FOR RECORDING OF TALLY OF VOTES POLLED BY POSTAL BALLOT PAPPER WHEN COUNTED IN MORE THAN ONE TABLE
A2: Name of State/UT: Uttar Pradesh Table No-----------------
A3: No.& Name of Parliamentary/ Assembly Constitueney : 66 Syana
A4: Round No.---------------- (if Applicable)
A5: No. of Postal Ballots supplied to this Counting Table for Counting ---------------------
A6: S.No. | B6: Name of Candidate | C6: Party Affilliation | D6: Number of Votes Polled
A7: 1 | B7: 2 | C7: 3 | D7: 4
A8: 1 | B8: Dilnawaz Khan | C8: Rashtriya Lokdal
A9: 2 | B9: Devendra Singh Lodhi | C9: Bharatiya Janata Party
A10: 3 | B10: Km. Poonam | C10: Indian National Congress
A11: 4 | B11: Sunil Kumar | C11: Bahujan Samaj Party
A12: 5 | B12: Satvir Singh | C12: Aam Aadmi Party
A13: 6 | B13: Gyanesh Kumar Chauhan | C13: Hindustan Uttan Party
A14: 7 | B14: Dinesh | C14: Independent
A15: 8 | B15: Sangeeta | C15: Independent
A16: 9 | B16: NOTA
A17: 10 | B17: Rejected Votes
A18: Place- Mandi Samiti Paricer Anoopshahr Road Bulandshahr
A19: Date: 10-March-2022
D23: Returning Officer
D24: 66-Syana

Sheet PRARUP- 17G- 2
A1: fo/kku lHkk fuokZpu {ks= dh la[;k o uke & 66 L;kuk
A2: Vsfcy la[;k&1
A3: pdz la[;k&
A4: erns; LFky la[;k&
A5: dUVªksy ;wfuV dzekad&
A6: izekf.kr fd;k tkrk gS fd ge mDr x.kuk i`"B ¼1½ ls iw.kZr;k larq"V gS vkSj gesa x.kuk dk;Z ls fdlh izdkj dh dksbZ vkifr ugh gSA
A7: dza0la0 | B7: vH;FkhZ dk uke | C7: erx.kuk vfHkdrkZ dk uke | D7: iwjs gLrk{kj
A8: 1 | B8: 2 | C8: 3 | D8: 4
A9: 1 | B9: fnyuokt [kku
A10: 2 | B10: nsosUnz flag yks/kh
A11: 3 | B11: dq0 iwue
A12: 4 | B12: lquhy dqekj
A13: 5 | B13: lrohj flag
A14: 6 | B14: Kkus'k dqekj pkSgku
A15: 7 | B15: fnus'k
A16: 8 | B16: laxhrk
A17: LFkku & e.Mh lfefr ifjlj] vuwi'kgj jksM] cqyUn'kgj
A18: fnukad& 10& ekpZ&2022
D24: fjVfuZax vkWfQlj
D25: fo/kkulHkk& 66 L;kuk

Sheet PRARUP- 17G- 1
A1: fo/kku lHkk lkekU; fuokZpu&2022
A2: izk:i& 17x dk Hkkx&2
A3: erx.kuk dk ifj.kke
A4: fo/kku lHkk fuokZpu {ks= dh la[;k o uke & 66 L;kuk
A5: Vsfcy la[;k&
A6: pdz la[;k&
A7: erns; LFky la[;k&
A8: dUVªksy ;wfuV dzekad&
A9: dza0la0 | B9: vH;FkhZ dk uke | C9: dUVªksy ;wfuV esa fn[kk;s x;s erksa dh la[;k | D9: Hkkx&1 dh en la[;k&05 ds vuqlkj ?kVk;s tkus okys ijh{k.k erksa dh la[;k | E9: fof/kekU; erksa dh la[;k ¼3&4½
A10: 1 | B10: 2 | C10: 3 | D10: 4 | E10: 5
A11: 1 | B11: fnyuokt [kku
A12: 2 | B12: nsosUnz flag yks/kh
A13: 3 | B13: dq0 iwue
A14: 4 | B14: lquhy dqekj
A15: 5 | B15: lrohj flag
A16: 6 | B16: Kkus'k dqekj pkSgku
A17: 7 | B17: fnus'k
A18: 8 | B18: laxhrk
A19: 14 | B19: buesa ls dksbZ ugh ¼uksVk½
A20: dqy ;ksx
A21: D;k mij nf'kZr erksa dh dqy la[;k Hkkx&1 dh en la[;k&6 esa fn[kk;s x;sa erksa dk dqy la[;k ls esy [kkrh gS vFkok nksuksa dh dqy la[;k esa dksbZ folaxfr ikbZ x;h gSA
A22: LFkku& e.Mh lfefr ifjlj] vuwi'kgj jksM] cqyUn'kgjA
A23: fnukad& 10& ekpZ&2022
D27: x.kuk i;Zos{kd ds gLrk{kj
D28: ¼iwjk uke&----------------------------------------------------½

Sheet Refer Para 27
A1: Annexure for tabulating round-wise figures (Refer Para 27)
A2: Number & Name of Constituence - 66- SYANA | K2: Round No.1 | P2: Date | R2: 44630
A3: Table No. | C3: 1 | D3: 2 | E3: 3 | F3: 4 | G3: 5 | H3: 6 | I3: 7 | J3: 8 | K3: 9 | L3: 10 | M3: 11 | N3: 12 | O3: 13 | P3: 14 | Q3: Total | R3: Brought from Previous Round | S3: Cummulative Total
A4: Polling Booth No. | C4: 1 | D4: 2 | E4: 3 | F4: 4 | G4: 5 | H4: 6 | I4: 7 | J4: 8 | K4: 9 | L4: 10 | M4: 11 | N4: 12 | O4: 13 | P4: 14
A5: Control Unit No. | C5: ECUEC57730 | D5: ECUEC60998 | E5: ECUEC54512 | F5: ECUEC54315 | G5: ECUEC54992 | H5: ECUED23745 | I5: ECUEC64437 | J5: ECUEC57629 | K5: ECUED21307 | L5: ECUED24248 | M5: ECUEC47814 | N5: ECUEC54095 | O5: ECUEC54268 | P5: ECUED02725
A6: Number of Electors assigned to the polling Station | C6: 748 | D6: 663 | E6: 724 | F6: 495 | G6: 497 | H6: 750 | I6: 610 | J6: 796 | K6: 573 | L6: 634 | M6: 564 | N6: 507 | O6: 425 | P6: 492
A7: SI | B7: Name of Candidate | C7: - | D7: - | E7: - | F7: - | G7: - | H7: - | I7: - | J7: - | K7: - | L7: - | M7: - | N7: - | O7: - | P7: -
A8: 1 | B8: Dilnawaz Khan | C8: 258 | D8: 151 | E8: 45 | F8: 63 | G8: 67 | H8: 52 | I8: 28 | J8: 160 | K8: 161 | L8: 264 | M8: 200 | N8: 48 | O8: 213 | P8: 186 | Q8: =SUM(C8:P8) -> 1896 | R8: 0 | S8: =Q8+R8 -> 1896
A9: 2 | B9: Devendra Singh Lodhi | C9: 438 | D9: 197 | E9: 527 | F9: 339 | G9: 305 | H9: 666 | I9: 557 | J9: 613 | K9: 322 | L9: 321 | M9: 344 | N9: 319 | O9: 190 | P9: 138 | Q9: =SUM(C9:P9) -> 5276 | R9: 0 | S9: =Q9+R9 -> 5276
A10: 3 | B10: Km. Poonam | C10: 8 | D10: 10 | E10: 16 | F10: 18 | G10: 28 | H10: 9 | I10: 10 | J10: 13 | K10: 1 | L10: 2 | M10: 13 | N10: 8 | O10: 1 | P10: 3 | Q10: =SUM(C10:P10) -> 140 | R10: 0 | S10: =Q10+R10 -> 140
A11: 4 | B11: Sunil Kumar | C11: 35 | D11: 293 | E11: 95 | F11: 64 | G11: 75 | H11: 1 | I11: 7 | J11: 3 | K11: 78 | L11: 42 | M11: 4 | N11: 118 | O11: 12 | P11: 159 | Q11: =SUM(C11:P11) -> 986 | R11: 0 | S11: =Q11+R11 -> 986
A12: 5 | B12: Satvir Singh | C12: 1 | D12: 2 | E12: 5 | F12: 2 | G12: 0 | H12: 1 | I12: 1 | J12: 1 | K12: 2 | L12: 0 | M12: 1 | N12: 3 | O12: 0 | P12: 0 | Q12: =SUM(C12:P12) -> 19 | R12: 0 | S12: =Q12+R12 -> 19
A13: 6 | B13: Gyanesh Kumar Chauhan | C13: 2 | D13: 3 | E13: 6 | F13: 1 | G13: 2 | H13: 0 | I13: 2 | J13: 2 | K13: 2 | L13: 3 | M13: 1 | N13: 6 | O13: 0 | P13: 1 | Q13: =SUM(C13:P13) -> 31 | R13: 0 | S13: =Q13+R13 -> 31
A14: 7 | B14: Dinesh | C14: 2 | D14: 6 | E14: 12 | F14: 0 | G14: 5 | H14: 4 | I14: 1 | J14: 1 | K14: 1 | L14: 0 | M14: 0 | N14: 5 | O14: 2 | P14: 2 | Q14: =SUM(C14:P14) -> 41 | R14: 0 | S14: =Q14+R14 -> 41
A15: 8 | B15: Sangeeta | C15: 2 | D15: 0 | E15: 11 | F15: 6 | G15: 9 | H15: 7 | I15: 2 | J15: 2 | K15: 4 | L15: 0 | M15: 0 | N15: 0 | O15: 1 | P15: 2 | Q15: =SUM(C15:P15) -> 46 | R15: 0 | S15: =Q15+R15 -> 46
A16: 9 | B16: NOTA | C16: 2 | D16: 1 | E16: 7 | F16: 2 | G16: 6 | H16: 10 | I16: 2 | J16: 1 | K16: 2 | L16: 2 | M16: 1 | N16: 0 | O16: 6 | P16: 1 | Q16: =SUM(C16:P16) -> 43 | R16: 0 | S16: =Q16+R16 -> 43
A17: Rejected Votes | C17: 0 | D17: 0 | E17: 0 | F17: 0 | G17: 0 | H17: 0 | I17: 0 | J17: 0 | K17: 0 | L17: 0 | M17: 0 | N17: 0 | O17: 0 | P17: 0 | Q17: =SUM(C17:P17) -> 0 | R17: 0 | S17: =Q17+R17 -> 0
A18: Total Votes | C18: =SUM(C8:C16) -> 748 | D18: =SUM(D8:D16) -> 663 | E18: =SUM(E8:E16) -> 724 | F18: =SUM(F8:F16) -> 495 | G18: =SUM(G8:G16) -> 497 | H18: =SUM(H8:H16) -> 750 | I18: =SUM(I8:I16) -> 610 | J18: =SUM(J8:J16) -> 796 | ... S18: =SUM(S8:S16) -> 8478
C20: Initial of RO | D20: Initial of RO | E20: Initial of RO | F20: Initial of RO | G20: Initial of RO | H20: Initial of RO | I20: Initial of RO | J20: Initial of RO | K20: Initial of RO | L20: Initial of RO | M20: Initial of RO | N20: Initial of RO | O20: Initial of RO | P20: Initial of RO | Q20: Initial of RO | R20: Initial of RO | S20: Initial of RO
C22: Initial of observer | D22: Initial of observer | E22: Initial of observer | F22: Initial of observer | G22: Initial of observer | H22: Initial of observer | I22: Initial of observer | J22: Initial of observer | K22: Initial of observer | L22: Initial of observer | M22: Initial of observer | N22: Initial of observer | O22: Initial of observer | P22: Initial of observer | Q22: Initial of observer | R22: Initial of observer | S22: Initial of observer
A24: Important :- | C24: 1. All overwritings/cuttings should be certified by observer.
C25: 2. Polling station number whose votes are counted should be indicated below the table number.
C26: 3. The EVM (CU) no. used in the polling station will be specifically verified and tick marked by the form Part II of 17C
C27: 4. A copy of this is to be kept by observer in a separate folder for cross checking later.
B28: Note:- | C28: This is not final.The result of this report is subjected to approval of concern RO and Observer.
A30: Annexure for tabulating round-wise figures (Refer Para 27)
A31: Number & Name of Constituence - 66- SYANA | K31: Round No.2 | P31: Date | R31: 44630
A32: Table No. | C32: 1 | D32: 2 | E32: 3 | F32: 4 | G32: 5 | H32: 6 | I32: 7 | J32: 8 | K32: 9 | L32: 10 | M32: 11 | N32: 12 | O32: 13 | P32: 14 | Q32: Total | R32: Brought from Previous Round | S32: Cummulative Total
A33: Polling Booth No. | C33: 15 | D33: 16 | E33: 17 | F33: 18 | G33: 19 | H33: 20 | I33: 21 | J33: 22 | K33: 23 | L33: 24 | M33: 25 | N33: 26 | O33: 27 | P33: 28
A34: Control Unit No. | C34: ECUEC57731 | D34: ECUEC67183 | E34: ECUEC47929 | F34: ECUEC50247 | G34: ECUEC57828 | H34: ECUEC60512 | I34: ECUEC57060 | J34: ECUEC50277 | K34: ECUEC64586 | L34: ECUEC64297 | M34: ECUEC57441 | N34: ECUEC56097 | O34: ECUEC67396 | P34: ECUEC64598
A35: Number of Electors assigned to the polling Station | C35: 633 | D35: 739 | E35: 391 | F35: 324 | G35: 617 | H35: 574 | I35: 527 | J35: 620 | K35: 519 | L35: 455 | M35: 650 | N35: 696 | O35: 581 | P35: 683
A36: SI | B36: Name of Candidate | C36: - | D36: - | E36: - | F36: - | G36: - | H36: - | I36: - | J36: - | K36: - | L36: - | M36: - | N36: - | O36: - | P36: -
A37: 1 | B37: Dilnawaz Khan | C37: 170 | D37: 44 | E37: 179 | F37: 133 | G37: 234 | H37: 113 | I37: 126 | J37: 63 | K37: 23 | L37: 26 | M37: 195 | N37: 313 | O37: 157 | P37: 78 | Q37: =SUM(C37:P37) -> 1854 | R37: =S8 -> 1896 | S37: =Q37+R37 -> 3750
A38: 2 | B38: Devendra Singh Lodhi | C38: 379 | D38: 601 | E38: 199 | F38: 157 | G38: 196 | H38: 167 | I38: 188 | J38: 321 | K38: 392 | L38: 398 | M38: 443 | N38: 367 | O38: 379 | P38: 199 | Q38: =SUM(C38:P38) -> 4386 | R38: =S9 -> 5276 | S38: =Q38+R38 -> 9662
A39: 3 | B39: Km. Poonam | C39: 10 | D39: 7 | E39: 4 | F39: 2 | G39: 2 | H39: 0 | I39: 3 | J39: 6 | K39: 6 | L39: 6 | M39: 4 | N39: 1 | O39: 14 | P39: 7 | Q39: =SUM(C39:P39) -> 72 | R39: =S10 -> 140 | S39: =Q39+R39 -> 212
A40: 4 | B40: Sunil Kumar | C40: 59 | D40: 63 | E40: 2 | F40: 30 | G40: 174 | H40: 281 | I40: 206 | J40: 215 | K40: 92 | L40: 9 | M40: 4 | N40: 7 | O40: 14 | P40: 371 | Q40: =SUM(C40:P40) -> 1527 | R40: =S11 -> 986 | S40: =Q40+R40 -> 2513
A41: 5 | B41: Satvir Singh | C41: 2 | D41: 10 | E41: 0 | F41: 0 | G41: 0 | H41: 3 | I41: 1 | J41: 2 | K41: 0 | L41: 2 | M41: 0 | N41: 1 | O41: 6 | P41: 10 | Q41: =SUM(C41:P41) -> 37 | R41: =S12 -> 19 | S41: =Q41+R41 -> 56
A42: 6 | B42: Gyanesh Kumar Chauhan | C42: 3 | D42: 1 | E42: 5 | F42: 0 | G42: 5 | H42: 5 | I42: 0 | J42: 5 | K42: 2 | L42: 4 | M42: 1 | N42: 0 | O42: 2 | P42: 9 | Q42: =SUM(C42:P42) -> 42 | R42: =S13 -> 31 | S42: =Q42+R42 -> 73
A43: 7 | B43: Dinesh | C43: 1 | D43: 1 | E43: 0 | F43: 1 | G43: 2 | H43: 1 | I43: 1 | J43: 4 | K43: 2 | L43: 8 | M43: 0 | N43: 3 | O43: 3 | P43: 5 | Q43: =SUM(C43:P43) -> 32 | R43: =S14 -> 41 | S43: =Q43+R43 -> 73
A44: 8 | B44: Sangeeta | C44: 3 | D44: 4 | E44: 2 | F44: 0 | G44: 1 | H44: 4 | I44: 1 | J44: 1 | K44: 0 | L44: 1 | M44: 0 | N44: 1 | O44: 2 | P44: 1 | Q44: =SUM(C44:P44) -> 21 | R44: =S15 -> 46 | S44: =Q44+R44 -> 67
A45: 9 | B45: NOTA | C45: 6 | D45: 8 | E45: 0 | F45: 1 | G45: 3 | H45: 0 | I45: 1 | J45: 3 | K45: 2 | L45: 1 | M45: 3 | N45: 3 | O45: 4 | P45: 3 | Q45: =SUM(C45:P45) -> 38 | R45: =S16 -> 43 | S45: =Q45+R45 -> 81
A46: Rejected Votes | C46: 0 | D46: 0 | E46: 0 | F46: 0 | G46: 0 | H46: 0 | I46: 0 | J46: 0 | K46: 0 | L46: 0 | M46: 0 | N46: 0 | O46: 0 | P46: 0 | Q46: =SUM(C46:P46) -> 0 | R46: =S17 -> 0 | S46: =Q46+R46 -> 0
A47: Total Votes | C47: =SUM(C37:C45) -> 633 | D47: =SUM(D37:D45) -> 739 | E47: =SUM(E37:E45) -> 391 | F47: =SUM(F37:F45) -> 324 | G47: =SUM(G37:G45) -> 617 | H47: =SUM(H37:H45) -> 574 | I47: =SUM(I37:I45) -> 527 | J47: =SUM(J37:J45) -> 620 | ... S47: =SUM(S37:S45) -> 16487
C49: Initial of RO | D49: Initial of RO | E49: Initial of RO | F49: Initial of RO | G49: Initial of RO | H49: Initial of RO | I49: Initial of RO | J49: Initial of RO | K49: Initial of RO | L49: Initial of RO | M49: Initial of RO | N49: Initial of RO | O49: Initial of RO | P49: Initial of RO | Q49: Initial of RO | R49: Initial of RO | S49: Initial of RO
C51: Initial of observer | D51: Initial of observer | E51: Initial of observer | F51: Initial of observer | G51: Initial of observer | H51: Initial of observer | I51: Initial of observer | J51: Initial of observer | K51: Initial of observer | L51: Initial of observer | M51: Initial of observer | N51: Initial of observer | O51: Initial of observer | P51: Initial of observer | Q51: Initial of observer | R51: Initial of observer | S51: Initial of observer
A53: Important :- | C53: 1. All overwritings/cuttings should be certified by observer.
C54: 2. Polling station number whose votes are counted should be indicated below the table number.
C55: 3. The EVM (CU) no. used in the polling station will be specifically verified and tick marked by the form Part II of 17C
C56: 4. A copy of this is to be kept by observer in a separate folder for cross checking later.
B57: Note:- | C57: This is not final.The result of this report is subjected to approval of concern RO and Observer.
A59: Annexure for tabulating round-wise figures (Refer Para 27)
A60: Number & Name of Constituence - 66- SYANA | K60: Round No.3 | P60: Date | R60: 44630
A61: Table No. | C61: 1 | D61: 2 | E61: 3 | F61: 4 | G61: 5 | H61: 6 | I61: 7 | J61: 8 | K61: 9 | L61: 10 | M61: 11 | N61: 12 | O61: 13 | P61: 14 | Q61: Total | R61: Brought from Previous Round | S61: Cummulative Total
A62: Polling Booth No. | C62: 29 | D62: 30 | E62: 31 | F62: 32 | G62: 33 | H62: 34 | I62: 35 | J62: 36 | K62: 37 | L62: 38 | M62: 39 | N62: 40 | O62: 41 | P62: 42
A63: Control Unit No. | C63: ECUEC64717 | D63: ECUEC50297 | E63: ECUEC64504 | F63: ECUEC47951 | G63: ECUEC47975 | H63: ECUEC63681 | I63: ECUEC60551 | J63: ECUED29110 | K63: ECUEC60672 | L63: ECUED29359 | M63: ECUEC60094 | N63: ECUEC57421 | O63: ECUEC50154 | P63: ECUEC50196
A64: Number of Electors assigned to the polling Station | C64: 684 | D64: 406 | E64: 442 | F64: 550 | G64: 400 | H64: 405 | I64: 557 | J64: 589 | K64: 693 | L64: 810 | M64: 682 | N64: 642 | O64: 625 | P64: 665
A65: SI | B65: Name of Candidate | C65: - | D65: - | E65: - | F65: - | G65: - | H65: - | I65: - | J65: - | K65: - | L65: - | M65: - | N65: - | O65: - | P65: -
A66: 1 | B66: Dilnawaz Khan | C66: 134 | D66: 43 | E66: 66 | F66: 348 | G66: 226 | H66: 119 | I66: 222 | J66: 270 | K66: 290 | L66: 206 | M66: 169 | N66: 341 | O66: 152 | P66: 171 | Q66: =SUM(C66:P66) -> 2757 | R66: =S37 -> 3750 | S66: =Q66+R66 -> 6507
A67: 2 | B67: Devendra Singh Lodhi | C67: 447 | D67: 327 | E67: 369 | F67: 188 | G67: 171 | H67: 237 | I67: 309 | J67: 85 | K67: 374 | L67: 196 | M67: 208 | N67: 273 | O67: 314 | P67: 456 | Q67: =SUM(C67:P67) -> 3954 | R67: =S38 -> 9662 | S67: =Q67+R67 -> 13616
A68: 3 | B68: Km. Poonam | C68: 3 | D68: 1 | E68: 4 | F68: 2 | G68: 0 | H68: 3 | I68: 1 | J68: 1 | K68: 8 | L68: 5 | M68: 8 | N68: 8 | O68: 2 | P68: 5 | Q68: =SUM(C68:P68) -> 51 | R68: =S39 -> 212 | S68: =Q68+R68 -> 263
A69: 4 | B69: Sunil Kumar | C69: 87 | D69: 31 | E69: 2 | F69: 12 | G69: 0 | H69: 44 | I69: 15 | J69: 224 | K69: 10 | L69: 393 | M69: 285 | N69: 11 | O69: 141 | P69: 15 | Q69: =SUM(C69:P69) -> 1270 | R69: =S40 -> 2513 | S69: =Q69+R69 -> 3783
A70: 5 | B70: Satvir Singh | C70: 0 | D70: 0 | E70: 1 | F70: 0 | G70: 1 | H70: 0 | I70: 1 | J70: 2 | K70: 1 | L70: 1 | M70: 4 | N70: 1 | O70: 4 | P70: 3 | Q70: =SUM(C70:P70) -> 19 | R70: =S41 -> 56 | S70: =Q70+R70 -> 75
A71: 6 | B71: Gyanesh Kumar Chauhan | C71: 1 | D71: 1 | E71: 0 | F71: 0 | G71: 1 | H71: 0 | I71: 2 | J71: 0 | K71: 3 | L71: 1 | M71: 3 | N71: 1 | O71: 3 | P71: 2 | Q71: =SUM(C71:P71) -> 18 | R71: =S42 -> 73 | S71: =Q71+R71 -> 91
A72: 7 | B72: Dinesh | C72: 6 | D72: 3 | E72: 0 | F72: 0 | G72: 0 | H72: 0 | I72: 2 | J72: 2 | K72: 3 | L72: 3 | M72: 3 | N72: 4 | O72: 6 | P72: 3 | Q72: =SUM(C72:P72) -> 35 | R72: =S43 -> 73 | S72: =Q72+R72 -> 108
A73: 8 | B73: Sangeeta | C73: 1 | D73: 0 | E73: 0 | F73: 0 | G73: 1 | H73: 1 | I73: 1 | J73: 2 | K73: 2 | L73: 2 | M73: 0 | N73: 2 | O73: 1 | P73: 3 | Q73: =SUM(C73:P73) -> 16 | R73: =S44 -> 67 | S73: =Q73+R73 -> 83
A74: 9 | B74: NOTA | C74: 5 | D74: 0 | E74: 0 | F74: 0 | G74: 0 | H74: 1 | I74: 4 | J74: 3 | K74: 2 | L74: 3 | M74: 2 | N74: 1 | O74: 2 | P74: 7 | Q74: =SUM(C74:P74) -> 30 | R74: =S45 -> 81 | S74: =Q74+R74 -> 111
A75: Rejected Votes | C75: 0 | D75: 0 | E75: 0 | F75: 0 | G75: 0 | H75: 0 | I75: 0 | J75: 0 | K75: 0 | L75: 0 | M75: 0 | N75: 0 | O75: 0 | P75: 0 | Q75: =SUM(C75:P75) -> 0 | R75: =S46 -> 0 | S75: =Q75+R75 -> 0
A76: Total Votes | C76: =SUM(C66:C74) -> 684 | D76: =SUM(D66:D74) -> 406 | E76: =SUM(E66:E74) -> 442 | F76: =SUM(F66:F74) -> 550 | G76: =SUM(G66:G74) -> 400 | H76: =SUM(H66:H74) -> 405 | I76: =SUM(I66:I74) -> 557 | J76: =SUM(J66:J74) -> 589 | ... S76: =SUM(S66:S74) -> 24637
C78: Initial of RO | D78: Initial of RO | E78: Initial of RO | F78: Initial of RO | G78: Initial of RO | H78: Initial of RO | I78: Initial of RO | J78: Initial of RO | K78: Initial of RO | L78: Initial of RO | M78: Initial of RO | N78: Initial of RO | O78: Initial of RO | P78: Initial of RO | Q78: Initial of RO | R78: Initial of RO | S78: Initial of RO
C80: Initial of observer | D80: Initial of observer | E80: Initial of observer | F80: Initial of observer | G80: Initial of observer | H80: Initial of observer | I80: Initial of observer | J80: Initial of observer | K80: Initial of observer | L80: Initial of observer | M80: Initial of observer | N80: Initial of observer | O80: Initial of observer | P80: Initial of observer | Q80: Initial of observer | R80: Initial of observer | S80: Initial of observer
A82: Important :- | C82: 1. All overwritings/cuttings should be certified by observer.
C83: 2. Polling station number whose votes are counted should be indicated below the table number.
C84: 3. The EVM (CU) no. used in the polling station will be specifically verified and tick marked by the form Part II of 17C
C85: 4. A copy of this is to be kept by observer in a separate folder for cross checking later.
B86: Note:- | C86: This is not final.The result of this report is subjected to approval of concern RO and Observer.
A88: Annexure for tabulating round-wise figures (Refer Para 27)
A89: Number & Name of Constituence - 66- SYANA | K89: Round No.4 | P89: Date | R89: 44630
A90: Table No. | C90: 1 | D90: 2 | E90: 3 | F90: 4 | G90: 5 | H90: 6 | I90: 7 | J90: 8 | K90: 9 | L90: 10 | M90: 11 | N90: 12 | O90: 13 | P90: 14 | Q90: Total | R90: Brought from Previous Round | S90: Cummulative Total
A91: Polling Booth No. | C91: 43 | D91: 44 | E91: 45 | F91: 46 | G91: 47 | H91: 48 | I91: 49 | J91: 50 | K91: 51 | L91: 52 | M91: 53 | N91: 54 | O91: 55 | P91: 56
A92: Control Unit No. | C92: ECUEC51247 | D92: ECUEC64771 | E92: ECUEC51220 | F92: ECUEC52494 | G92: ECUEC57530 | H92: ECUEC64553 | I92: ECUEC47689 | J92: ECUEC64333 | K92: ECUEC50742 | L92: ECUEC51658 | M92: ECUEC64760 | N92: ECUEC67160 | O92: ECUEC64678 | P92: ECUEC67531
A93: Number of Electors assigned to the polling Station | C93: 642 | D93: 577 | E93: 529 | F93: 538 | G93: 455 | H93: 463 | I93: 598 | J93: 484 | K93: 500 | L93: 744 | M93: 740 | N93: 635 | O93: 762 | P93: 408
A94: SI | B94: Name of Candidate | C94: - | D94: - | E94: - | F94: - | G94: - | H94: - | I94: - | J94: - | K94: - | L94: - | M94: - | N94: - | O94: - | P94: -
A95: 1 | B95: Dilnawaz Khan | C95: 130 | D95: 85 | E95: 249 | F95: 182 | G95: 68 | H95: 58 | I95: 108 | J95: 233 | K95: 257 | L95: 136 | M95: 17 | N95: 87 | O95: 222 | P95: 217 | Q95: =SUM(C95:P95) -> 2049 | R95: =S66 -> 6507 | S95: =Q95+R95 -> 8556
A96: 2 | B96: Devendra Singh Lodhi | C96: 379 | D96: 455 | E96: 227 | F96: 181 | G96: 296 | H96: 362 | I96: 471 | J96: 198 | K96: 229 | L96: 583 | M96: 45 | N96: 527 | O96: 502 | P96: 182 | Q96: =SUM(C96:P96) -> 4637 | R96: =S67 -> 13616 | S96: =Q96+R96 -> 18253
A97: 3 | B97: Km. Poonam | C97: 11 | D97: 5 | E97: 3 | F97: 3 | G97: 5 | H97: 9 | I97: 5 | J97: 3 | K97: 1 | L97: 7 | M97: 2 | N97: 10 | O97: 14 | P97: 3 | Q97: =SUM(C97:P97) -> 81 | R97: =S68 -> 263 | S97: =Q97+R97 -> 344
A98: 4 | B98: Sunil Kumar | C98: 106 | D98: 8 | E98: 44 | F98: 161 | G98: 79 | H98: 30 | I98: 5 | J98: 47 | K98: 6 | L98: 9 | M98: 660 | N98: 7 | O98: 6 | P98: 2 | Q98: =SUM(C98:P98) -> 1170 | R98: =S69 -> 3783 | S98: =Q98+R98 -> 4953
A99: 5 | B99: Satvir Singh | C99: 2 | D99: 1 | E99: 2 | F99: 0 | G99: 0 | H99: 0 | I99: 0 | J99: 1 | K99: 0 | L99: 1 | M99: 3 | N99: 1 | O99: 1 | P99: 1 | Q99: =SUM(C99:P99) -> 13 | R99: =S70 -> 75 | S99: =Q99+R99 -> 88
A100: 6 | B100: Gyanesh Kumar Chauhan | C100: 1 | D100: 3 | E100: 0 | F100: 0 | G100: 2 | H100: 0 | I100: 1 | J100: 0 | K100: 2 | L100: 2 | M100: 4 | N100: 1 | O100: 1 | P100: 0 | Q100: =SUM(C100:P100) -> 17 | R100: =S71 -> 91 | S100: =Q100+R100 -> 108
A101: 7 | B101: Dinesh | C101: 5 | D101: 1 | E101: 0 | F101: 4 | G101: 0 | H101: 1 | I101: 1 | J101: 1 | K101: 1 | L101: 4 | M101: 4 | N101: 0 | O101: 4 | P101: 0 | Q101: =SUM(C101:P101) -> 26 | R101: =S72 -> 108 | S101: =Q101+R101 -> 134
A102: 8 | B102: Sangeeta | C102: 3 | D102: 1 | E102: 2 | F102: 3 | G102: 1 | H102: 2 | I102: 2 | J102: 0 | K102: 2 | L102: 2 | M102: 4 | N102: 1 | O102: 5 | P102: 0 | Q102: =SUM(C102:P102) -> 28 | R102: =S73 -> 83 | S102: =Q102+R102 -> 111
A103: 9 | B103: NOTA | C103: 5 | D103: 18 | E103: 2 | F103: 4 | G103: 4 | H103: 1 | I103: 5 | J103: 1 | K103: 2 | L103: 0 | M103: 1 | N103: 1 | O103: 7 | P103: 3 | Q103: =SUM(C103:P103) -> 54 | R103: =S74 -> 111 | S103: =Q103+R103 -> 165
A104: Rejected Votes | C104: 0 | D104: 0 | E104: 0 | F104: 0 | G104: 0 | H104: 0 | I104: 0 | J104: 0 | K104: 0 | L104: 0 | M104: 0 | N104: 0 | O104: 0 | P104: 0 | Q104: =SUM(C104:P104) -> 0 | R104: =S75 -> 0 | S104: =Q104+R104 -> 0
A105: Total Votes | C105: =SUM(C95:C104) -> 642 | D105: =SUM(D95:D104) -> 577 | E105: =SUM(E95:E104) -> 529 | F105: =SUM(F95:F104) -> 538 | G105: =SUM(G95:G104) -> 455 | H105: =SUM(H95:H104) -> 463 | I105: =SUM(I95:I104) -> 598 | J105: =SUM(J95:J104) -> 484 | ... Q105: =SUM(Q95:Q104) -> 8075 | R105: =S76 -> 24637 | S105: =Q105+R105 -> 32712
C107: Initial of RO | D107: Initial of RO | E107: Initial of RO | F107: Initial of RO | G107: Initial of RO | H107: Initial of RO | I107: Initial of RO | J107: Initial of RO | K107: Initial of RO | L107: Initial of RO | M107: Initial of RO | N107: Initial of RO | O107: Initial of RO | P107: Initial of RO | Q107: Initial of RO | R107: Initial of RO | S107: Initial of RO
C109: Initial of observer | D109: Initial of observer | E109: Initial of observer | F109: Initial of observer | G109: Initial of observer | H109: Initial of observer | I109: Initial of observer | J109: Initial of observer | K109: Initial of observer | L109: Initial of observer | M109: Initial of observer | N109: Initial of observer | O109: Initial of observer | P109: Initial of observer | Q109: Initial of observer | R109: Initial of observer | S109: Initial of observer
A111: Important :- | C111: 1. All overwritings/cuttings should be certified by observer.
C112: 2. Polling station number whose votes are counted should be indicated below the table number.
C113: 3. The EVM (CU) no. used in the polling station will be specifically verified and tick marked by the form Part II of 17C
C114: 4. A copy of this is to be kept by observer in a separate folder for cross checking later.
B115: Note:- | C115: This is not final.The result of this report is subjected to approval of concern RO and Observer.
...

Sheet round-wise
A1: izk:Ik & 20
A2: vfUre ifj.kke&Ik=
A3: fu;e 56 lh ¼2½ lh
A4: fo/kkulHkk fuokZpu {ks= dk lkekU; fuokZpu&2022
A5: Hkkx&1
A6: fo/kku lHkk [k.M dk uke & 66 & L;kuk | H6: fo/kku lHkk fuokZpu {ks= es dqy ernkrkvksa dh la[;k & 385012
A7: dz0la0 | B7: jkm.M la[;k | C7: fnyuokt [kku | D7: nsosUnz flag yks/kh | E7: dq0 iwue | F7: lquhy dqekj | G7: lrohj flag | H7: Kkus'k dqekj pkSgku | I7: fnus'k | J7: laxhrk | K7: buesa ls dksbZ ugh ¼uksVk½ | L7: dqy fof/kekU; er | M7: (Rejected) izfr{ksfir erksa dh la[;k | N7: ;ksx | O7: ¼VsaMj½ fufonRr erksa dh la[;k
C8: 1 | D8: 2 | E8: 3 | F8: 4 | G8: 5 | H8: 6 | I8: 7 | J8: 8 | K8: 9
A9: 1 | B9: Round-1 | C9: ='Refer Para 27'!Q8 -> 1896 | D9: ='Refer Para 27'!Q9 -> 5276 | E9: ='Refer Para 27'!Q10 -> 140 | F9: ='Refer Para 27'!Q11 -> 986 | G9: ='Refer Para 27'!Q12 -> 19 | H9: ='Refer Para 27'!Q13 -> 31 | I9: ='Refer Para 27'!Q14 -> 41 | J9: ='Refer Para 27'!Q15 -> 46 | K9: ='Refer Para 27'!Q16 -> 43 | L9: =SUM(C9:K9) -> 8478 | M9: 0 | N9: =L9-M9 -> 8478 | O9: 0
A10: 2 | B10: Round-2 | C10: ='Refer Para 27'!Q37 -> 1854 | D10: ='Refer Para 27'!Q38 -> 4386 | E10: ='Refer Para 27'!Q39 -> 72 | F10: ='Refer Para 27'!Q40 -> 1527 | G10: ='Refer Para 27'!Q41 -> 37 | H10: ='Refer Para 27'!Q42 -> 42 | I10: ='Refer Para 27'!Q43 -> 32 | J10: ='Refer Para 27'!Q44 -> 21 | K10: ='Refer Para 27'!Q45 -> 38 | L10: =SUM(C10:K10) -> 8009 | M10: 0 | N10: =L10-M10 -> 8009 | O10: 0
A11: 3 | B11: Round-3 | C11: ='Refer Para 27'!Q66 -> 2757 | D11: ='Refer Para 27'!Q67 -> 3954 | E11: ='Refer Para 27'!Q68 -> 51 | F11: ='Refer Para 27'!Q69 -> 1270 | G11: ='Refer Para 27'!Q70 -> 19 | H11: ='Refer Para 27'!Q71 -> 18 | I11: ='Refer Para 27'!Q72 -> 35 | J11: ='Refer Para 27'!Q73 -> 16 | K11: ='Refer Para 27'!Q74 -> 30 | L11: =SUM(C11:K11) -> 8150 | M11: 0 | N11: =L11-M11 -> 8150 | O11: 0
A12: 4 | B12: Round-4 | C12: ='Refer Para 27'!Q95 -> 2049 | D12: ='Refer Para 27'!Q96 -> 4637 | E12: ='Refer Para 27'!Q97 -> 81 | F12: ='Refer Para 27'!Q98 -> 1170 | G12: ='Refer Para 27'!Q99 -> 13 | H12: ='Refer Para 27'!Q100 -> 17 | I12: ='Refer Para 27'!Q101 -> 26 | J12: ='Refer Para 27'!Q102 -> 28 | K12: ='Refer Para 27'!Q103 -> 54 | L12: =SUM(C12:K12) -> 8075 | M12: 0 | N12: =L12-M12 -> 8075 | O12: 0
A13: 5 | B13: Round-5 | C13: ='Refer Para 27'!Q124 -> 1632 | D13: ='Refer Para 27'!Q125 -> 4352 | E13: ='Refer Para 27'!Q126 -> 85 | F13: ='Refer Para 27'!Q127 -> 1673 | G13: ='Refer Para 27'!Q128 -> 25 | H13: ='Refer Para 27'!Q129 -> 40 | I13: ='Refer Para 27'!Q130 -> 28 | J13: ='Refer Para 27'!Q131 -> 30 | K13: ='Refer Para 27'!Q132 -> 34 | L13: =SUM(C13:K13) -> 7899 | M13: 0 | N13: =L13-M13 -> 7899 | O13: 0
A14: 6 | B14: Round-6 | C14: ='Refer Para 27'!Q153 -> 1511 | D14: ='Refer Para 27'!Q154 -> 4937 | E14: ='Refer Para 27'!Q155 -> 144 | F14: ='Refer Para 27'!Q156 -> 1660 | G14: ='Refer Para 27'!Q157 -> 26 | H14: ='Refer Para 27'!Q158 -> 51 | I14: ='Refer Para 27'!Q159 -> 47 | J14: ='Refer Para 27'!Q160 -> 25 | K14: ='Refer Para 27'!Q161 -> 25 | L14: =SUM(C14:K14) -> 8426 | M14: 0 | N14: =L14-M14 -> 8426 | O14: 0
A15: 7 | B15: Round-7 | C15: ='Refer Para 27'!Q182 -> 1427 | D15: ='Refer Para 27'!Q183 -> 5112 | E15: ='Refer Para 27'!Q184 -> 101 | F15: ='Refer Para 27'!Q185 -> 1037 | G15: ='Refer Para 27'!Q186 -> 20 | H15: ='Refer Para 27'!Q187 -> 29 | I15: ='Refer Para 27'!Q188 -> 29 | J15: ='Refer Para 27'!Q189 -> 42 | K15: ='Refer Para 27'!Q190 -> 43 | L15: =SUM(C15:K15) -> 7840 | M15: 0 | N15: =L15-M15 -> 7840 | O15: 0
A16: 8 | B16: Round-8 | C16: ='Refer Para 27'!Q211 -> 1380 | D16: ='Refer Para 27'!Q212 -> 5695 | E16: ='Refer Para 27'!Q213 -> 73 | F16: ='Refer Para 27'!Q214 -> 1699 | G16: ='Refer Para 27'!Q215 -> 24 | H16: ='Refer Para 27'!Q216 -> 38 | I16: ='Refer Para 27'!Q217 -> 27 | J16: ='Refer Para 27'!Q218 -> 29 | K16: ='Refer Para 27'!Q219 -> 28 | L16: =SUM(C16:K16) -> 8993 | M16: 0 | N16: =L16-M16 -> 8993 | O16: 0
A17: 9 | B17: Round-9 | C17: ='Refer Para 27'!Q240 -> 3402 | D17: ='Refer Para 27'!Q241 -> 3636 | E17: ='Refer Para 27'!Q242 -> 77 | F17: ='Refer Para 27'!Q243 -> 1610 | G17: ='Refer Para 27'!Q244 -> 27 | H17: ='Refer Para 27'!Q245 -> 20 | I17: ='Refer Para 27'!Q246 -> 24 | J17: ='Refer Para 27'!Q247 -> 26 | K17: ='Refer Para 27'!Q248 -> 47 | L17: =SUM(C17:K17) -> 8869 | M17: 0 | N17: =L17-M17 -> 8869 | O17: 0
A18: 10 | B18: Round-10 | C18: ='Refer Para 27'!Q269 -> 5414 | D18: ='Refer Para 27'!Q270 -> 2999 | E18: ='Refer Para 27'!Q271 -> 113 | F18: ='Refer Para 27'!Q272 -> 860 | G18: ='Refer Para 27'!Q273 -> 16 | H18: ='Refer Para 27'!Q274 -> 18 | I18: ='Refer Para 27'!Q275 -> 21 | J18: ='Refer Para 27'!Q276 -> 9 | K18: ='Refer Para 27'!Q277 -> 98 | L18: =SUM(C18:K18) -> 9548 | M18: 0 | N18: =L18-M18 -> 9548 | O18: 0
A19: 11 | B19: Round-11 | C19: ='Refer Para 27'!Q298 -> 1861 | D19: ='Refer Para 27'!Q299 -> 4893 | E19: ='Refer Para 27'!Q300 -> 76 | F19: ='Refer Para 27'!Q301 -> 1020 | G19: ='Refer Para 27'!Q302 -> 29 | H19: ='Refer Para 27'!Q303 -> 30 | I19: ='Refer Para 27'!Q304 -> 30 | J19: ='Refer Para 27'!Q305 -> 21 | K19: ='Refer Para 27'!Q306 -> 35 | L19: =SUM(C19:K19) -> 7995 | M19: 0 | N19: =L19-M19 -> 7995 | O19: 0
A20: 12 | B20: Round-12 | C20: ='Refer Para 27'!Q327 -> 1164 | D20: ='Refer Para 27'!Q328 -> 5137 | E20: ='Refer Para 27'!Q329 -> 74 | F20: ='Refer Para 27'!Q330 -> 815 | G20: ='Refer Para 27'!Q331 -> 64 | H20: ='Refer Para 27'!Q332 -> 62 | I20: ='Refer Para 27'!Q333 -> 31 | J20: ='Refer Para 27'!Q334 -> 18 | K20: ='Refer Para 27'!Q335 -> 22 | L20: =SUM(C20:K20) -> 7387 | M20: 0 | N20: =L20-M20 -> 7387 | O20: 0
A21: 13 | B21: Round-13 | C21: ='Refer Para 27'!Q356 -> 1128 | D21: ='Refer Para 27'!Q357 -> 4298 | E21: ='Refer Para 27'!Q358 -> 76 | F21: ='Refer Para 27'!Q359 -> 1465 | G21: ='Refer Para 27'!Q360 -> 10 | H21: ='Refer Para 27'!Q361 -> 142 | I21: ='Refer Para 27'!Q362 -> 19 | J21: ='Refer Para 27'!Q363 -> 25 | K21: ='Refer Para 27'!Q364 -> 32 | L21: =SUM(C21:K21) -> 7195 | M21: 0 | N21: =L21-M21 -> 7195 | O21: 0
A22: 14 | B22: Round-14 | C22: ='Refer Para 27'!Q385 -> 3151 | D22: ='Refer Para 27'!Q386 -> 3774 | E22: ='Refer Para 27'!Q387 -> 73 | F22: ='Refer Para 27'!Q388 -> 1325 | G22: ='Refer Para 27'!Q389 -> 25 | H22: ='Refer Para 27'!Q390 -> 26 | I22: ='Refer Para 27'!Q391 -> 27 | J22: ='Refer Para 27'!Q392 -> 33 | K22: ='Refer Para 27'!Q393 -> 40 | L22: =SUM(C22:K22) -> 8474 | M22: 0 | N22: =L22-M22 -> 8474 | O22: 0
A23: 15 | B23: Round-15 | C23: ='Refer Para 27'!Q414 -> 2194 | D23: ='Refer Para 27'!Q415 -> 4837 | E23: ='Refer Para 27'!Q416 -> 110 | F23: ='Refer Para 27'!Q417 -> 1365 | G23: ='Refer Para 27'!Q418 -> 15 | H23: ='Refer Para 27'!Q419 -> 39 | I23: ='Refer Para 27'!Q420 -> 33 | J23: ='Refer Para 27'!Q421 -> 52 | K23: ='Refer Para 27'!Q422 -> 35 | L23: =SUM(C23:K23) -> 8680 | M23: 0 | N23: =L23-M23 -> 8680 | O23: 0
A24: 16 | B24: Round-16 | C24: ='Refer Para 27'!Q443 -> 583 | D24: ='Refer Para 27'!Q444 -> 6785 | E24: ='Refer Para 27'!Q445 -> 156 | F24: ='Refer Para 27'!Q446 -> 1375 | G24: ='Refer Para 27'!Q447 -> 26 | H24: ='Refer Para 27'!Q448 -> 48 | I24: ='Refer Para 27'!Q449 -> 85 | J24: ='Refer Para 27'!Q450 -> 49 | K24: ='Refer Para 27'!Q451 -> 60 | L24: =SUM(C24:K24) -> 9167 | M24: 0 | N24: =L24-M24 -> 9167 | O24: 0
A25: 17 | B25: Round-17 | C25: ='Refer Para 27'!Q472 -> 2388 | D25: ='Refer Para 27'!Q473 -> 4194 | E25: ='Refer Para 27'!Q474 -> 54 | F25: ='Refer Para 27'!Q475 -> 771 | G25: ='Refer Para 27'!Q476 -> 14 | H25: ='Refer Para 27'!Q477 -> 11 | I25: ='Refer Para 27'!Q478 -> 33 | J25: ='Refer Para 27'!Q479 -> 34 | K25: ='Refer Para 27'!Q480 -> 36 | L25: =SUM(C25:K25) -> 7535 | M25: 0 | N25: =L25-M25 -> 7535 | O25: 0
A26: 18 | B26: Round-18 | C26: ='Refer Para 27'!Q501 -> 3667 | D26: ='Refer Para 27'!Q502 -> 4064 | E26: ='Refer Para 27'!Q503 -> 42 | F26: ='Refer Para 27'!Q504 -> 802 | G26: ='Refer Para 27'!Q505 -> 21 | H26: ='Refer Para 27'!Q506 -> 12 | I26: ='Refer Para 27'!Q507 -> 37 | J26: ='Refer Para 27'!Q508 -> 26 | K26: ='Refer Para 27'!Q509 -> 59 | L26: =SUM(C26:K26) -> 8730 | M26: 0 | N26: =L26-M26 -> 8730 | O26: 0
A27: 19 | B27: Round-19 | C27: ='Refer Para 27'!Q530 -> 1047 | D27: ='Refer Para 27'!Q531 -> 6370 | E27: ='Refer Para 27'!Q532 -> 83 | F27: ='Refer Para 27'!Q533 -> 535 | G27: ='Refer Para 27'!Q534 -> 19 | H27: ='Refer Para 27'!Q535 -> 27 | I27: ='Refer Para 27'!Q536 -> 56 | J27: ='Refer Para 27'!Q537 -> 56 | K27: ='Refer Para 27'!Q538 -> 54 | L27: =SUM(C27:K27) -> 8247 | M27: 0 | N27: =L27-M27 -> 8247 | O27: 0
A28: 20 | B28: Round-20 | C28: ='Refer Para 27'!Q559 -> 1282 | D28: ='Refer Para 27'!Q560 -> 5961 | E28: ='Refer Para 27'!Q561 -> 92 | F28: ='Refer Para 27'!Q562 -> 937 | G28: ='Refer Para 27'!Q563 -> 17 | H28: ='Refer Para 27'!Q564 -> 32 | I28: ='Refer Para 27'!Q565 -> 43 | J28: ='Refer Para 27'!Q566 -> 43 | K28: ='Refer Para 27'!Q567 -> 47 | L28: =SUM(C28:K28) -> 8454 | M28: 0 | N28: =L28-M28 -> 8454 | O28: 0
A29: 21 | B29: Round-21 | C29: ='Refer Para 27'!Q588 -> 831 | D29: ='Refer Para 27'!Q589 -> 5905 | E29: ='Refer Para 27'!Q590 -> 178 | F29: ='Refer Para 27'!Q591 -> 842 | G29: ='Refer Para 27'!Q592 -> 13 | H29: ='Refer Para 27'!Q593 -> 24 | I29: ='Refer Para 27'!Q594 -> 48 | J29: ='Refer Para 27'!Q595 -> 47 | K29: ='Refer Para 27'!Q596 -> 52 | L29: =SUM(C29:K29) -> 7940 | M29: 0 | N29: =L29-M29 -> 7940 | O29: 0
A30: 22 | B30: Round-22 | C30: ='Refer Para 27'!Q617 -> 985 | D30: ='Refer Para 27'!Q618 -> 4274 | E30: ='Refer Para 27'!Q619 -> 111 | F30: ='Refer Para 27'!Q620 -> 1230 | G30: ='Refer Para 27'!Q621 -> 13 | H30: ='Refer Para 27'!Q622 -> 20 | I30: ='Refer Para 27'!Q623 -> 21 | J30: ='Refer Para 27'!Q624 -> 27 | K30: ='Refer Para 27'!Q625 -> 19 | L30: =SUM(C30:K30) -> 6700 | M30: 0 | N30: =L30-M30 -> 6700 | O30: 0
A31: 23 | B31: Round-23 | C31: ='Refer Para 27'!Q646 -> 681 | D31: ='Refer Para 27'!Q647 -> 5931 | E31: ='Refer Para 27'!Q648 -> 58 | F31: ='Refer Para 27'!Q649 -> 1194 | G31: ='Refer Para 27'!Q650 -> 16 | H31: ='Refer Para 27'!Q651 -> 40 | I31: ='Refer Para 27'!Q652 -> 43 | J31: ='Refer Para 27'!Q653 -> 30 | K31: ='Refer Para 27'!Q654 -> 46 | L31: =SUM(C31:K31) -> 8039 | M31: 0 | N31: =L31-M31 -> 8039 | O31: 0
A32: 24 | B32: Round-24 | C32: ='Refer Para 27'!Q675 -> 777 | D32: ='Refer Para 27'!Q676 -> 4930 | E32: ='Refer Para 27'!Q677 -> 104 | F32: ='Refer Para 27'!Q678 -> 1181 | G32: ='Refer Para 27'!Q679 -> 33 | H32: ='Refer Para 27'!Q680 -> 59 | I32: ='Refer Para 27'!Q681 -> 35 | J32: ='Refer Para 27'!Q682 -> 39 | K32: ='Refer Para 27'!Q683 -> 54 | L32: =SUM(C32:K32) -> 7212 | M32: 0 | N32: =L32-M32 -> 7212 | O32: 0
A33: 25 | B33: Round-25 | C33: ='Refer Para 27'!Q704 -> 1167 | D33: ='Refer Para 27'!Q705 -> 5651 | E33: ='Refer Para 27'!Q706 -> 94 | F33: ='Refer Para 27'!Q707 -> 798 | G33: ='Refer Para 27'!Q708 -> 25 | H33: ='Refer Para 27'!Q709 -> 29 | I33: ='Refer Para 27'!Q710 -> 45 | J33: ='Refer Para 27'!Q711 -> 40 | K33: ='Refer Para 27'!Q712 -> 55 | L33: =SUM(C33:K33) -> 7904 | M33: 0 | N33: =L33-M33 -> 7904 | O33: 0
A34: 26 | B34: Round-26 | C34: ='Refer Para 27'!Q733 -> 905 | D34: ='Refer Para 27'!Q734 -> 4621 | E34: ='Refer Para 27'!Q735 -> 123 | F34: ='Refer Para 27'!Q736 -> 1293 | G34: ='Refer Para 27'!Q737 -> 31 | H34: ='Refer Para 27'!Q738 -> 36 | I34: ='Refer Para 27'!Q739 -> 41 | J34: ='Refer Para 27'!Q740 -> 29 | K34: ='Refer Para 27'!Q741 -> 35 | L34: =SUM(C34:K34) -> 7114 | M34: 0 | N34: =L34-M34 -> 7114 | O34: 0
A35: 27 | B35: Round-27 | C35: ='Refer Para 27'!Q762 -> 1223 | D35: ='Refer Para 27'!Q763 -> 4922 | E35: ='Refer Para 27'!Q764 -> 48 | F35: ='Refer Para 27'!Q765 -> 1037 | G35: ='Refer Para 27'!Q766 -> 18 | H35: ='Refer Para 27'!Q767 -> 37 | I35: ='Refer Para 27'!Q768 -> 38 | J35: ='Refer Para 27'!Q769 -> 45 | K35: ='Refer Para 27'!Q770 -> 59 | L35: =SUM(C35:K35) -> 7427 | M35: 0 | N35: =L35-M35 -> 7427 | O35: 0
A36: 28 | B36: Round-28 | C36: ='Refer Para 27'!Q791 -> 5380 | D36: ='Refer Para 27'!Q792 -> 1730 | E36: ='Refer Para 27'!Q793 -> 53 | F36: ='Refer Para 27'!Q794 -> 1294 | G36: ='Refer Para 27'!Q795 -> 40 | H36: ='Refer Para 27'!Q796 -> 26 | I36: ='Refer Para 27'!Q797 -> 28 | J36: ='Refer Para 27'!Q798 -> 24 | K36: ='Refer Para 27'!Q799 -> 65 | L36: =SUM(C36:K36) -> 8640 | M36: 0 | N36: =L36-M36 -> 8640 | O36: 0
A37: 29 | B37: Round-29 | C37: ='Refer Para 27'!Q820 -> 1915 | D37: ='Refer Para 27'!Q821 -> 4050 | E37: ='Refer Para 27'!Q822 -> 147 | F37: ='Refer Para 27'!Q823 -> 1095 | G37: ='Refer Para 27'!Q824 -> 23 | H37: ='Refer Para 27'!Q825 -> 151 | I37: ='Refer Para 27'!Q826 -> 41 | J37: ='Refer Para 27'!Q827 -> 34 | K37: ='Refer Para 27'!Q828 -> 52 | L37: =SUM(C37:K37) -> 7508 | M37: 0 | N37: =L37-M37 -> 7508 | O37: 0
A38: 30 | B38: Round-30 | C38: ='Refer Para 27'!Q849 -> 1927 | D38: ='Refer Para 27'!Q850 -> 4436 | E38: ='Refer Para 27'!Q851 -> 62 | F38: ='Refer Para 27'!Q852 -> 853 | G38: ='Refer Para 27'!Q853 -> 18 | H38: ='Refer Para 27'!Q854 -> 34 | I38: ='Refer Para 27'!Q855 -> 29 | J38: ='Refer Para 27'!Q856 -> 31 | K38: ='Refer Para 27'!Q857 -> 45 | L38: =SUM(C38:K38) -> 7435 | M38: 0 | N38: =L38-M38 -> 7435 | O38: 0
A39: 31 | B39: Round-31 | C39: ='Refer Para 27'!Q878 -> 1360 | D39: ='Refer Para 27'!Q879 -> 5179 | E39: ='Refer Para 27'!Q880 -> 106 | F39: ='Refer Para 27'!Q881 -> 925 | G39: ='Refer Para 27'!Q882 -> 26 | H39: ='Refer Para 27'!Q883 -> 35 | I39: ='Refer Para 27'!Q884 -> 31 | J39: ='Refer Para 27'!Q885 -> 29 | K39: ='Refer Para 27'!Q886 -> 54 | L39: =SUM(C39:K39) -> 7745 | M39: 0 | N39: =L39-M39 -> 7745 | O39: 0
A40: 32 | B40: Round-32 | C40: ='Refer Para 27'!Q907 -> 269 | D40: ='Refer Para 27'!Q908 -> 1416 | E40: ='Refer Para 27'!Q909 -> 31 | F40: ='Refer Para 27'!Q910 -> 399 | G40: ='Refer Para 27'!Q911 -> 6 | H40: ='Refer Para 27'!Q912 -> 11 | I40: ='Refer Para 27'!Q913 -> 5 | J40: ='Refer Para 27'!Q914 -> 5 | K40: ='Refer Para 27'!Q915 -> 4 | L40: =SUM(C40:K40) -> 2146 | M40: 0 | N40: =L40-M40 -> 2146 | O40: 0
A41: ;ksx | C41: =SUM(C9:C40) -> 59207 | D41: =SUM(D9:D40) -> 148342 | E41: =SUM(E9:E40) -> 2888 | F41: =SUM(F9:F40) -> 36043 | G41: =SUM(G9:G40) -> 728 | H41: =SUM(H9:H40) -> 1235 | I41: =SUM(I9:I40) -> 1109 | J41: =SUM(J9:J40) -> 1009 | ... O41: =SUM(O9:O40) -> 0
A42: Postal Ballot | C42: 261 | D42: 783 | E42: 26 | F42: 150 | G42: 10 | H42: 2 | I42: 0 | J42: 2 | K42: 2 | L42: =SUM(C42:K42) -> 1236 | M42: 542 | N42: =L42+M42 -> 1778 | O42: 0
A43: egk;ksx | C43: =C41+C42 -> 59468 | D43: =D41+D42 -> 149125 | E43: =E41+E42 -> 2914 | F43: =F41+F42 -> 36193 | G43: =G41+G42 -> 738 | H43: =H41+H42 -> 1237 | I43: =I41+I42 -> 1109 | J43: =J41+J42 -> 1011 | ... O43: =O41+O42 -> 0

Sheet 66 SYANA PRAROOP-20
A1: izk:Ik & 20
A2: vfUre ifj.kke&Ik=
A3: fu;e 56 lh ¼2½ lh
A4: fo/kkulHkk fuokZpu {ks= dk lkekU; fuokZpu&2022
A5: Hkkx&1
B6: fo/kku lHkk [k.M dk uke & 66 & L;kuk | G6: fo/kku lHkk fuokZpu {ks= es dqy ernkrkvksa dh la[;k & 385012
B7: iksfyax LVs'ku dh dze la[;k | C7: fnyuokt [kku | D7: nsosUnz flag yks/kh | E7: dq0 iwue | F7: lquhy dqekj | G7: lrohj flag | H7: Kkus'k dqekj pkSgku | I7: fnus'k | J7: laxhrk | K7: dqy fof/kekU; er | L7: (Rejected) izfr{ksfir erksa dh la[;k | M7: buesa ls dksbZ ugh ¼uksVk½ | N7: ;ksx | O7: ¼VsaMj½ fufonRr erksa dh la[;k
B8: 1 | C8: ='Refer Para 27'!C8 -> 258 | D8: ='Refer Para 27'!C9 -> 438 | E8: ='Refer Para 27'!C10 -> 8 | F8: ='Refer Para 27'!C11 -> 35 | G8: ='Refer Para 27'!C12 -> 1 | H8: ='Refer Para 27'!C13 -> 2 | I8: ='Refer Para 27'!C14 -> 2 | J8: ='Refer Para 27'!C15 -> 2 | K8: =SUM(C8:J8) -> 746 | L8: 0 | M8: ='Refer Para 27'!C16 -> 2 | N8: =K8+M8-L8 -> 748 | O8: 0
B9: 2 | C9: ='Refer Para 27'!D8 -> 151 | D9: ='Refer Para 27'!D9 -> 197 | E9: ='Refer Para 27'!D10 -> 10 | F9: ='Refer Para 27'!D11 -> 293 | G9: ='Refer Para 27'!D12 -> 2 | H9: ='Refer Para 27'!D13 -> 3 | I9: ='Refer Para 27'!D14 -> 6 | J9: ='Refer Para 27'!D15 -> 0 | K9: =SUM(C9:J9) -> 662 | L9: 0 | M9: ='Refer Para 27'!D16 -> 1 | N9: =K9+M9-L9 -> 663 | O9: 0
B10: 3 | C10: ='Refer Para 27'!E8 -> 45 | D10: ='Refer Para 27'!E9 -> 527 | E10: ='Refer Para 27'!E10 -> 16 | F10: ='Refer Para 27'!E11 -> 95 | G10: ='Refer Para 27'!E12 -> 5 | H10: ='Refer Para 27'!E13 -> 6 | I10: ='Refer Para 27'!E14 -> 12 | J10: ='Refer Para 27'!E15 -> 11 | K10: =SUM(C10:J10) -> 717 | L10: 0 | M10: ='Refer Para 27'!E16 -> 7 | N10: =K10+M10-L10 -> 724 | O10: 0
B11: 4 | C11: ='Refer Para 27'!F8 -> 63 | D11: ='Refer Para 27'!F9 -> 339 | E11: ='Refer Para 27'!F10 -> 18 | F11: ='Refer Para 27'!F11 -> 64 | G11: ='Refer Para 27'!F12 -> 2 | H11: ='Refer Para 27'!F13 -> 1 | I11: ='Refer Para 27'!F14 -> 0 | J11: ='Refer Para 27'!F15 -> 6 | K11: =SUM(C11:J11) -> 493 | L11: 0 | M11: ='Refer Para 27'!F16 -> 2 | N11: =K11+M11-L11 -> 495 | O11: 0
B12: 5 | C12: ='Refer Para 27'!G8 -> 67 | D12: ='Refer Para 27'!G9 -> 305 | E12: ='Refer Para 27'!G10 -> 28 | F12: ='Refer Para 27'!G11 -> 75 | G12: ='Refer Para 27'!G12 -> 0 | H12: ='Refer Para 27'!G13 -> 2 | I12: ='Refer Para 27'!G14 -> 5 | J12: ='Refer Para 27'!G15 -> 9 | K12: =SUM(C12:J12) -> 491 | L12: 0 | M12: ='Refer Para 27'!G16 -> 6 | N12: =K12+M12-L12 -> 497 | O12: 0
B13: 6 | C13: ='Refer Para 27'!H8 -> 52 | D13: ='Refer Para 27'!H9 -> 666 | E13: ='Refer Para 27'!H10 -> 9 | F13: ='Refer Para 27'!H11 -> 1 | G13: ='Refer Para 27'!H12 -> 1 | H13: ='Refer Para 27'!H13 -> 0 | I13: ='Refer Para 27'!H14 -> 4 | J13: ='Refer Para 27'!H15 -> 7 | K13: =SUM(C13:J13) -> 740 | L13: 0 | M13: ='Refer Para 27'!H16 -> 10 | N13: =K13+M13-L13 -> 750 | O13: 0
B14: 7 | C14: ='Refer Para 27'!I8 -> 28 | D14: ='Refer Para 27'!I9 -> 557 | E14: ='Refer Para 27'!I10 -> 10 | F14: ='Refer Para 27'!I11 -> 7 | G14: ='Refer Para 27'!I12 -> 1 | H14: ='Refer Para 27'!I13 -> 2 | I14: ='Refer Para 27'!I14 -> 1 | J14: ='Refer Para 27'!I15 -> 2 | K14: =SUM(C14:J14) -> 608 | L14: 0 | M14: ='Refer Para 27'!I16 -> 2 | N14: =K14+M14-L14 -> 610 | O14: 0
B15: 8 | C15: ='Refer Para 27'!J8 -> 160 | D15: ='Refer Para 27'!J9 -> 613 | E15: ='Refer Para 27'!J10 -> 13 | F15: ='Refer Para 27'!J11 -> 3 | G15: ='Refer Para 27'!J12 -> 1 | H15: ='Refer Para 27'!J13 -> 2 | I15: ='Refer Para 27'!J14 -> 1 | J15: ='Refer Para 27'!J15 -> 2 | K15: =SUM(C15:J15) -> 795 | L15: 0 | M15: ='Refer Para 27'!J16 -> 1 | N15: =K15+M15-L15 -> 796 | O15: 0
B16: 9 | C16: ='Refer Para 27'!K8 -> 161 | D16: ='Refer Para 27'!K9 -> 322 | E16: ='Refer Para 27'!K10 -> 1 | F16: ='Refer Para 27'!K11 -> 78 | G16: ='Refer Para 27'!K12 -> 2 | H16: ='Refer Para 27'!K13 -> 2 | I16: ='Refer Para 27'!K14 -> 1 | J16: ='Refer Para 27'!K15 -> 4 | K16: =SUM(C16:J16) -> 571 | L16: 0 | M16: ='Refer Para 27'!K16 -> 2 | N16: =K16+M16-L16 -> 573 | O16: 0
B17: 10 | C17: ='Refer Para 27'!L8 -> 264 | D17: ='Refer Para 27'!L9 -> 321 | E17: ='Refer Para 27'!L10 -> 2 | F17: ='Refer Para 27'!L11 -> 42 | G17: ='Refer Para 27'!L12 -> 0 | H17: ='Refer Para 27'!L13 -> 3 | I17: ='Refer Para 27'!L14 -> 0 | J17: ='Refer Para 27'!L15 -> 0 | K17: =SUM(C17:J17) -> 632 | L17: 0 | M17: ='Refer Para 27'!L16 -> 2 | N17: =K17+M17-L17 -> 634 | O17: 0
B18: 11 | C18: ='Refer Para 27'!M8 -> 200 | D18: ='Refer Para 27'!M9 -> 344 | E18: ='Refer Para 27'!M10 -> 13 | F18: ='Refer Para 27'!M11 -> 4 | G18: ='Refer Para 27'!M12 -> 1 | H18: ='Refer Para 27'!M13 -> 1 | I18: ='Refer Para 27'!M14 -> 0 | J18: ='Refer Para 27'!M15 -> 0 | K18: =SUM(C18:J18) -> 563 | L18: 0 | M18: ='Refer Para 27'!M16 -> 1 | N18: =K18+M18-L18 -> 564 | O18: 0
B19: 12 | C19: ='Refer Para 27'!N8 -> 48 | D19: ='Refer Para 27'!N9 -> 319 | E19: ='Refer Para 27'!N10 -> 8 | F19: ='Refer Para 27'!N11 -> 118 | G19: ='Refer Para 27'!N12 -> 3 | H19: ='Refer Para 27'!N13 -> 6 | I19: ='Refer Para 27'!N14 -> 5 | J19: ='Refer Para 27'!N15 -> 0 | K19: =SUM(C19:J19) -> 507 | L19: 0 | M19: ='Refer Para 27'!N16 -> 0 | N19: =K19+M19-L19 -> 507 | O19: 0
B20: 13 | C20: ='Refer Para 27'!O8 -> 213 | D20: ='Refer Para 27'!O9 -> 190 | E20: ='Refer Para 27'!O10 -> 1 | F20: ='Refer Para 27'!O11 -> 12 | G20: ='Refer Para 27'!O12 -> 0 | H20: ='Refer Para 27'!O13 -> 0 | I20: ='Refer Para 27'!O14 -> 2 | J20: ='Refer Para 27'!O15 -> 1 | K20: =SUM(C20:J20) -> 419 | L20: 0 | M20: ='Refer Para 27'!O16 -> 6 | N20: =K20+M20-L20 -> 425 | O20: 0
B21: 14 | C21: ='Refer Para 27'!P8 -> 186 | D21: ='Refer Para 27'!P9 -> 138 | E21: ='Refer Para 27'!P10 -> 3 | F21: ='Refer Para 27'!P11 -> 159 | G21: ='Refer Para 27'!P12 -> 0 | H21: ='Refer Para 27'!P13 -> 1 | I21: ='Refer Para 27'!P14 -> 2 | J21: ='Refer Para 27'!P15 -> 2 | K21: =SUM(C21:J21) -> 491 | L21: 0 | M21: ='Refer Para 27'!P16 -> 1 | N21: =K21+M21-L21 -> 492 | O21: 0
B22: 15 | C22: ='Refer Para 27'!C37 -> 170 | D22: ='Refer Para 27'!C38 -> 379 | E22: ='Refer Para 27'!C39 -> 10 | F22: ='Refer Para 27'!C40 -> 59 | G22: ='Refer Para 27'!C41 -> 2 | H22: ='Refer Para 27'!C42 -> 3 | I22: ='Refer Para 27'!C43 -> 1 | J22: ='Refer Para 27'!C44 -> 3 | K22: =SUM(C22:J22) -> 627 | L22: 0 | M22: ='Refer Para 27'!C45 -> 6 | N22: =K22+M22-L22 -> 633 | O22: 0
B23: 16 | C23: ='Refer Para 27'!D37 -> 44 | D23: ='Refer Para 27'!D38 -> 601 | E23: ='Refer Para 27'!D39 -> 7 | F23: ='Refer Para 27'!D40 -> 63 | G23: ='Refer Para 27'!D41 -> 10 | H23: ='Refer Para 27'!D42 -> 1 | I23: ='Refer Para 27'!D43 -> 1 | J23: ='Refer Para 27'!D44 -> 4 | K23: =SUM(C23:J23) -> 731 | L23: 0 | M23: ='Refer Para 27'!D45 -> 8 | N23: =K23+M23-L23 -> 739 | O23: 0
B24: 17 | C24: ='Refer Para 27'!E37 -> 179 | D24: ='Refer Para 27'!E38 -> 199 | E24: ='Refer Para 27'!E39 -> 4 | F24: ='Refer Para 27'!E40 -> 2 | G24: ='Refer Para 27'!E41 -> 0 | H24: ='Refer Para 27'!E42 -> 5 | I24: ='Refer Para 27'!E43 -> 0 | J24: ='Refer Para 27'!E44 -> 2 | K24: =SUM(C24:J24) -> 391 | L24: 0 | M24: ='Refer Para 27'!E45 -> 0 | N24: =K24+M24-L24 -> 391 | O24: 0
B25: 18 | C25: ='Refer Para 27'!F37 -> 133 | D25: ='Refer Para 27'!F38 -> 157 | E25: ='Refer Para 27'!F39 -> 2 | F25: ='Refer Para 27'!F40 -> 30 | G25: ='Refer Para 27'!F41 -> 0 | H25: ='Refer Para 27'!F42 -> 0 | I25: ='Refer Para 27'!F43 -> 1 | J25: ='Refer Para 27'!F44 -> 0 | K25: =SUM(C25:J25) -> 323 | L25: 0 | M25: ='Refer Para 27'!F45 -> 1 | N25: =K25+M25-L25 -> 324 | O25: 0
B26: 19 | C26: ='Refer Para 27'!G37 -> 234 | D26: ='Refer Para 27'!G38 -> 196 | E26: ='Refer Para 27'!G39 -> 2 | F26: ='Refer Para 27'!G40 -> 174 | G26: ='Refer Para 27'!G41 -> 0 | H26: ='Refer Para 27'!G42 -> 5 | I26: ='Refer Para 27'!G43 -> 2 | J26: ='Refer Para 27'!G44 -> 1 | K26: =SUM(C26:J26) -> 614 | L26: 0 | M26: ='Refer Para 27'!G45 -> 3 | N26: =K26+M26-L26 -> 617 | O26: 0
B27: 20 | C27: ='Refer Para 27'!H37 -> 113 | D27: ='Refer Para 27'!H38 -> 167 | E27: ='Refer Para 27'!H39 -> 0 | F27: ='Refer Para 27'!H40 -> 281 | G27: ='Refer Para 27'!H41 -> 3 | H27: ='Refer Para 27'!H42 -> 5 | I27: ='Refer Para 27'!H43 -> 1 | J27: ='Refer Para 27'!H44 -> 4 | K27: =SUM(C27:J27) -> 574 | L27: 0 | M27: ='Refer Para 27'!H45 -> 0 | N27: =K27+M27-L27 -> 574 | O27: 0
B28: 21 | C28: ='Refer Para 27'!I37 -> 126 | D28: ='Refer Para 27'!I38 -> 188 | E28: ='Refer Para 27'!I39 -> 3 | F28: ='Refer Para 27'!I40 -> 206 | G28: ='Refer Para 27'!I41 -> 1 | H28: ='Refer Para 27'!I42 -> 0 | I28: ='Refer Para 27'!I43 -> 1 | J28: ='Refer Para 27'!I44 -> 1 | K28: =SUM(C28:J28) -> 526 | L28: 0 | M28: ='Refer Para 27'!I45 -> 1 | N28: =K28+M28-L28 -> 527 | O28: 0
B29: 22 | C29: ='Refer Para 27'!J37 -> 63 | D29: ='Refer Para 27'!J38 -> 321 | E29: ='Refer Para 27'!J39 -> 6 | F29: ='Refer Para 27'!J40 -> 215 | G29: ='Refer Para 27'!J41 -> 2 | H29: ='Refer Para 27'!J42 -> 5 | I29: ='Refer Para 27'!J43 -> 4 | J29: ='Refer Para 27'!J44 -> 1 | K29: =SUM(C29:J29) -> 617 | L29: 0 | M29: ='Refer Para 27'!J45 -> 3 | N29: =K29+M29-L29 -> 620 | O29: 0
B30: 23 | C30: ='Refer Para 27'!K37 -> 23 | D30: ='Refer Para 27'!K38 -> 392 | E30: ='Refer Para 27'!K39 -> 6 | F30: ='Refer Para 27'!K40 -> 92 | G30: ='Refer Para 27'!K41 -> 0 | H30: ='Refer Para 27'!K42 -> 2 | I30: ='Refer Para 27'!K43 -> 2 | J30: ='Refer Para 27'!K44 -> 0 | K30: =SUM(C30:J30) -> 517 | L30: 0 | M30: ='Refer Para 27'!K45 -> 2 | N30: =K30+M30-L30 -> 519 | O30: 0
B31: 24 | C31: ='Refer Para 27'!L37 -> 26 | D31: ='Refer Para 27'!L38 -> 398 | E31: ='Refer Para 27'!L39 -> 6 | F31: ='Refer Para 27'!L40 -> 9 | G31: ='Refer Para 27'!L41 -> 2 | H31: ='Refer Para 27'!L42 -> 4 | I31: ='Refer Para 27'!L43 -> 8 | J31: ='Refer Para 27'!L44 -> 1 | K31: =SUM(C31:J31) -> 454 | L31: 0 | M31: ='Refer Para 27'!L45 -> 1 | N31: =K31+M31-L31 -> 455 | O31: 0
B32: 25 | C32: ='Refer Para 27'!M37 -> 195 | D32: ='Refer Para 27'!M38 -> 443 | E32: ='Refer Para 27'!M39 -> 4 | F32: ='Refer Para 27'!M40 -> 4 | G32: ='Refer Para 27'!M41 -> 0 | H32: ='Refer Para 27'!M42 -> 1 | I32: ='Refer Para 27'!M43 -> 0 | J32: ='Refer Para 27'!M44 -> 0 | K32: =SUM(C32:J32) -> 647 | L32: 0 | M32: ='Refer Para 27'!M45 -> 3 | N32: =K32+M32-L32 -> 650 | O32: 0
B33: 26 | C33: ='Refer Para 27'!N37 -> 313 | D33: ='Refer Para 27'!N38 -> 367 | E33: ='Refer Para 27'!N39 -> 1 | F33: ='Refer Para 27'!N40 -> 7 | G33: ='Refer Para 27'!N41 -> 1 | H33: ='Refer Para 27'!N42 -> 0 | I33: ='Refer Para 27'!N43 -> 3 | J33: ='Refer Para 27'!N44 -> 1 | K33: =SUM(C33:J33) -> 693 | L33: 0 | M33: ='Refer Para 27'!N45 -> 3 | N33: =K33+M33-L33 -> 696 | O33: 0
B34: 27 | C34: ='Refer Para 27'!O37 -> 157 | D34: ='Refer Para 27'!O38 -> 379 | E34: ='Refer Para 27'!O39 -> 14 | F34: ='Refer Para 27'!O40 -> 14 | G34: ='Refer Para 27'!O41 -> 6 | H34: ='Refer Para 27'!O42 -> 2 | I34: ='Refer Para 27'!O43 -> 3 | J34: ='Refer Para 27'!O44 -> 2 | K34: =SUM(C34:J34) -> 577 | L34: 0 | M34: ='Refer Para 27'!O45 -> 4 | N34: =K34+M34-L34 -> 581 | O34: 0
B35: 28 | C35: ='Refer Para 27'!P37 -> 78 | D35: ='Refer Para 27'!P38 -> 199 | E35: ='Refer Para 27'!P39 -> 7 | F35: ='Refer Para 27'!P40 -> 371 | G35: ='Refer Para 27'!P41 -> 10 | H35: ='Refer Para 27'!P42 -> 9 | I35: ='Refer Para 27'!P43 -> 5 | J35: ='Refer Para 27'!P44 -> 1 | K35: =SUM(C35:J35) -> 680 | L35: 0 | M35: ='Refer Para 27'!P45 -> 3 | N35: =K35+M35-L35 -> 683 | O35: 0
B36: 29 | C36: ='Refer Para 27'!C66 -> 134 | D36: ='Refer Para 27'!C67 -> 447 | E36: ='Refer Para 27'!C68 -> 3 | F36: ='Refer Para 27'!C69 -> 87 | G36: ='Refer Para 27'!C70 -> 0 | H36: ='Refer Para 27'!C71 -> 1 | I36: ='Refer Para 27'!C72 -> 6 | J36: ='Refer Para 27'!C73 -> 1 | K36: =SUM(C36:J36) -> 679 | L36: 0 | M36: ='Refer Para 27'!C74 -> 5 | N36: =K36+M36-L36 -> 684 | O36: 0
B37: 30 | C37: ='Refer Para 27'!D66 -> 43 | D37: ='Refer Para 27'!D67 -> 327 | E37: ='Refer Para 27'!D68 -> 1 | F37: ='Refer Para 27'!D69 -> 31 | G37: ='Refer Para 27'!D70 -> 0 | H37: ='Refer Para 27'!D71 -> 1 | I37: ='Refer Para 27'!D72 -> 3 | J37: ='Refer Para 27'!D73 -> 0 | K37: =SUM(C37:J37) -> 406 | L37: 0 | M37: ='Refer Para 27'!D74 -> 0 | N37: =K37+M37-L37 -> 406 | O37: 0
B38: 31 | C38: ='Refer Para 27'!E66 -> 66 | D38: ='Refer Para 27'!E67 -> 369 | E38: ='Refer Para 27'!E68 -> 4 | F38: ='Refer Para 27'!E69 -> 2 | G38: ='Refer Para 27'!E70 -> 1 | H38: ='Refer Para 27'!E71 -> 0 | I38: ='Refer Para 27'!E72 -> 0 | J38: ='Refer Para 27'!E73 -> 0 | K38: =SUM(C38:J38) -> 442 | L38: 0 | M38: ='Refer Para 27'!E74 -> 0 | N38: =K38+M38-L38 -> 442 | O38: 0
B39: 32 | C39: ='Refer Para 27'!F66 -> 348 | D39: ='Refer Para 27'!F67 -> 188 | E39: ='Refer Para 27'!F68 -> 2 | F39: ='Refer Para 27'!F69 -> 12 | G39: ='Refer Para 27'!F70 -> 0 | H39: ='Refer Para 27'!F71 -> 0 | I39: ='Refer Para 27'!F72 -> 0 | J39: ='Refer Para 27'!F73 -> 0 | K39: =SUM(C39:J39) -> 550 | L39: 0 | M39: ='Refer Para 27'!F74 -> 0 | N39: =K39+M39-L39 -> 550 | O39: 0
B40: 33 | C40: ='Refer Para 27'!G66 -> 226 | D40: ='Refer Para 27'!G67 -> 171 | E40: ='Refer Para 27'!G68 -> 0 | F40: ='Refer Para 27'!G69 -> 0 | G40: ='Refer Para 27'!G70 -> 1 | H40: ='Refer Para 27'!G71 -> 1 | I40: ='Refer Para 27'!G72 -> 0 | J40: ='Refer Para 27'!G73 -> 1 | K40: =SUM(C40:J40) -> 400 | L40: 0 | M40: ='Refer Para 27'!G74 -> 0 | N40: =K40+M40-L40 -> 400 | O40: 0
B41: 34 | C41: ='Refer Para 27'!H66 -> 119 | D41: ='Refer Para 27'!H67 -> 237 | E41: ='Refer Para 27'!H68 -> 3 | F41: ='Refer Para 27'!H69 -> 44 | G41: ='Refer Para 27'!H70 -> 0 | H41: ='Refer Para 27'!H71 -> 0 | I41: ='Refer Para 27'!H72 -> 0 | J41: ='Refer Para 27'!H73 -> 1 | K41: =SUM(C41:J41) -> 404 | L41: 0 | M41: ='Refer Para 27'!H74 -> 1 | N41: =K41+M41-L41 -> 405 | O41: 0
B42: 35 | C42: ='Refer Para 27'!I66 -> 222 | D42: ='Refer Para 27'!I67 -> 309 | E42: ='Refer Para 27'!I68 -> 1 | F42: ='Refer Para 27'!I69 -> 15 | G42: ='Refer Para 27'!I70 -> 1 | H42: ='Refer Para 27'!I71 -> 2 | I42: ='Refer Para 27'!I72 -> 2 | J42: ='Refer Para 27'!I73 -> 1 | K42: =SUM(C42:J42) -> 553 | L42: 0 | M42: ='Refer Para 27'!I74 -> 4 | N42: =K42+M42-L42 -> 557 | O42: 0
B43: 36 | C43: ='Refer Para 27'!J66 -> 270 | D43: ='Refer Para 27'!J67 -> 85 | E43: ='Refer Para 27'!J68 -> 1 | F43: ='Refer Para 27'!J69 -> 224 | G43: ='Refer Para 27'!J70 -> 2 | H43: ='Refer Para 27'!J71 -> 0 | I43: ='Refer Para 27'!J72 -> 2 | J43: ='Refer Para 27'!J73 -> 2 | K43: =SUM(C43:J43) -> 586 | L43: 0 | M43: ='Refer Para 27'!J74 -> 3 | N43: =K43+M43-L43 -> 589 | O43: 0
B44: 37 | C44: ='Refer Para 27'!K66 -> 290 | D44: ='Refer Para 27'!K67 -> 374 | E44: ='Refer Para 27'!K68 -> 8 | F44: ='Refer Para 27'!K69 -> 10 | G44: ='Refer Para 27'!K70 -> 1 | H44: ='Refer Para 27'!K71 -> 3 | I44: ='Refer Para 27'!K72 -> 3 | J44: ='Refer Para 27'!K73 -> 2 | K44: =SUM(C44:J44) -> 691 | L44: 0 | M44: ='Refer Para 27'!K74 -> 2 | N44: =K44+M44-L44 -> 693 | O44: 0
B45: 38 | C45: ='Refer Para 27'!L66 -> 206 | D45: ='Refer Para 27'!L67 -> 196 | E45: ='Refer Para 27'!L68 -> 5 | F45: ='Refer Para 27'!L69 -> 393 | G45: ='Refer Para 27'!L70 -> 1 | H45: ='Refer Para 27'!L71 -> 1 | I45: ='Refer Para 27'!L72 -> 3 | J45: ='Refer Para 27'!L73 -> 2 | K45: =SUM(C45:J45) -> 807 | L45: 0 | M45: ='Refer Para 27'!L74 -> 3 | N45: =K45+M45-L45 -> 810 | O45: 0
B46: 39 | C46: ='Refer Para 27'!M66 -> 169 | D46: ='Refer Para 27'!M67 -> 208 | E46: ='Refer Para 27'!M68 -> 8 | F46: ='Refer Para 27'!M69 -> 285 | G46: ='Refer Para 27'!M70 -> 4 | H46: ='Refer Para 27'!M71 -> 3 | I46: ='Refer Para 27'!M72 -> 3 | J46: ='Refer Para 27'!M73 -> 0 | K46: =SUM(C46:J46) -> 680 | L46: 0 | M46: ='Refer Para 27'!M74 -> 2 | N46: =K46+M46-L46 -> 682 | O46: 0
B47: 40 | C47: ='Refer Para 27'!N66 -> 341 | D47: ='Refer Para 27'!N67 -> 273 | E47: ='Refer Para 27'!N68 -> 8 | F47: ='Refer Para 27'!N69 -> 11 | G47: ='Refer Para 27'!N70 -> 1 | H47: ='Refer Para 27'!N71 -> 1 | I47: ='Refer Para 27'!N72 -> 4 | J47: ='Refer Para 27'!N73 -> 2 | K47: =SUM(C47:J47) -> 641 | L47: 0 | M47: ='Refer Para 27'!N74 -> 1 | N47: =K47+M47-L47 -> 642 | O47: 0
B48: 41 | C48: ='Refer Para 27'!O66 -> 152 | D48: ='Refer Para 27'!O67 -> 314 | E48: ='Refer Para 27'!O68 -> 2 | F48: ='Refer Para 27'!O69 -> 141 | G48: ='Refer Para 27'!O70 -> 4 | H48: ='Refer Para 27'!O71 -> 3 | I48: ='Refer Para 27'!O72 -> 6 | J48: ='Refer Para 27'!O73 -> 1 | K48: =SUM(C48:J48) -> 623 | L48: 0 | M48: ='Refer Para 27'!O74 -> 2 | N48: =K48+M48-L48 -> 625 | O48: 0
B49: 42 | C49: ='Refer Para 27'!P66 -> 171 | D49: ='Refer Para 27'!P67 -> 456 | E49: ='Refer Para 27'!P68 -> 5 | F49: ='Refer Para 27'!P69 -> 15 | G49: ='Refer Para 27'!P70 -> 3 | H49: ='Refer Para 27'!P71 -> 2 | I49: ='Refer Para 27'!P72 -> 3 | J49: ='Refer Para 27'!P73 -> 3 | K49: =SUM(C49:J49) -> 658 | L49: 0 | M49: ='Refer Para 27'!P74 -> 7 | N49: =K49+M49-L49 -> 665 | O49: 0
B50: 43 | C50: ='Refer Para 27'!C95 -> 130 | D50: ='Refer Para 27'!C96 -> 379 | E50: ='Refer Para 27'!C97 -> 11 | F50: ='Refer Para 27'!C98 -> 106 | G50: ='Refer Para 27'!C99 -> 2 | H50: ='Refer Para 27'!C100 -> 1 | I50: ='Refer Para 27'!C101 -> 5 | J50: ='Refer Para 27'!C102 -> 3 | K50: =SUM(C50:J50) -> 637 | L50: 0 | M50: ='Refer Para 27'!C103 -> 5 | N50: =K50+M50-L50 -> 642 | O50: 0
B51: 44 | C51: ='Refer Para 27'!D95 -> 85 | D51: ='Refer Para 27'!D96 -> 455 | E51: ='Refer Para 27'!D97 -> 5 | F51: ='Refer Para 27'!D98 -> 8 | G51: ='Refer Para 27'!D99 -> 1 | H51: ='Refer Para 27'!D100 -> 3 | I51: ='Refer Para 27'!D101 -> 1 | J51: ='Refer Para 27'!D102 -> 1 | K51: =SUM(C51:J51) -> 559 | L51: 0 | M51: ='Refer Para 27'!D103 -> 18 | N51: =K51+M51-L51 -> 577 | O51: 0
B52: 45 | C52: ='Refer Para 27'!E95 -> 249 | D52: ='Refer Para 27'!E96 -> 227 | E52: ='Refer Para 27'!E97 -> 3 | F52: ='Refer Para 27'!E98 -> 44 | G52: ='Refer Para 27'!E99 -> 2 | H52: ='Refer Para 27'!E100 -> 0 | I52: ='Refer Para 27'!E101 -> 0 | J52: ='Refer Para 27'!E102 -> 2 | K52: =SUM(C52:J52) -> 527 | L52: 0 | M52: ='Refer Para 27'!E103 -> 2 | N52: =K52+M52-L52 -> 529 | O52: 0
B53: 46 | C53: ='Refer Para 27'!F95 -> 182 | D53: ='Refer Para 27'!F96 -> 181 | E53: ='Refer Para 27'!F97 -> 3 | F53: ='Refer Para 27'!F98 -> 161 | G53: ='Refer Para 27'!F99 -> 0 | H53: ='Refer Para 27'!F100 -> 0 | I53: ='Refer Para 27'!F101 -> 4 | J53: ='Refer Para 27'!F102 -> 3 | K53: =SUM(C53:J53) -> 534 | L53: 0 | M53: ='Refer Para 27'!F103 -> 4 | N53: =K53+M53-L53 -> 538 | O53: 0
B54: 47 | C54: ='Refer Para 27'!G95 -> 68 | D54: ='Refer Para 27'!G96 -> 296 | E54: ='Refer Para 27'!G97 -> 5 | F54: ='Refer Para 27'!G98 -> 79 | G54: ='Refer Para 27'!G99 -> 0 | H54: ='Refer Para 27'!G100 -> 2 | I54: ='Refer Para 27'!G101 -> 0 | J54: ='Refer Para 27'!G102 -> 1 | K54: =SUM(C54:J54) -> 451 | L54: 0 | M54: ='Refer Para 27'!G103 -> 4 | N54: =K54+M54-L54 -> 455 | O54: 0
B55: 48 | C55: ='Refer Para 27'!H95 -> 58 | D55: ='Refer Para 27'!H96 -> 362 | E55: ='Refer Para 27'!H97 -> 9 | F55: ='Refer Para 27'!H98 -> 30 | G55: ='Refer Para 27'!H99 -> 0 | H55: ='Refer Para 27'!H100 -> 0 | I55: ='Refer Para 27'!H101 -> 1 | J55: ='Refer Para 27'!H102 -> 2 | K55: =SUM(C55:J55) -> 462 | L55: 0 | M55: ='Refer Para 27'!H103 -> 1 | N55: =K55+M55-L55 -> 463 | O55: 0
B56: 49 | C56: ='Refer Para 27'!I95 -> 108 | D56: ='Refer Para 27'!I96 -> 471 | E56: ='Refer Para 27'!I97 -> 5 | F56: ='Refer Para 27'!I98 -> 5 | G56: ='Refer Para 27'!I99 -> 0 | H56: ='Refer Para 27'!I100 -> 1 | I56: ='Refer Para 27'!I101 -> 1 | J56: ='Refer Para 27'!I102 -> 2 | K56: =SUM(C56:J56) -> 593 | L56: 0 | M56: ='Refer Para 27'!I103 -> 5 | N56: =K56+M56-L56 -> 598 | O56: 0
B57: 50 | C57: ='Refer Para 27'!J95 -> 233 | D57: ='Refer Para 27'!J96 -> 198 | E57: ='Refer Para 27'!J97 -> 3 | F57: ='Refer Para 27'!J98 -> 47 | G57: ='Refer Para 27'!J99 -> 1 | H57: ='Refer Para 27'!J100 -> 0 | I57: ='Refer Para 27'!J101 -> 1 | J57: ='Refer Para 27'!J102 -> 0 | K57: =SUM(C57:J57) -> 483 | L57: 0 | M57: ='Refer Para 27'!J103 -> 1 | N57: =K57+M57-L57 -> 484 | O57: 0
B58: 51 | C58: ='Refer Para 27'!K95 -> 257 | D58: ='Refer Para 27'!K96 -> 229 | E58: ='Refer Para 27'!K97 -> 1 | F58: ='Refer Para 27'!K98 -> 6 | G58: ='Refer Para 27'!K99 -> 0 | H58: ='Refer Para 27'!K100 -> 2 | I58: ='Refer Para 27'!K101 -> 1 | J58: ='Refer Para 27'!K102 -> 2 | K58: =SUM(C58:J58) -> 498 | L58: 0 | M58: ='Refer Para 27'!K103 -> 2 | N58: =K58+M58-L58 -> 500 | O58: 0
B59: 52 | C59: ='Refer Para 27'!L95 -> 136 | D59: ='Refer Para 27'!L96 -> 583 | E59: ='Refer Para 27'!L97 -> 7 | F59: ='Refer Para 27'!L98 -> 9 | G59: ='Refer Para 27'!L99 -> 1 | H59: ='Refer Para 27'!L100 -> 2 | I59: ='Refer Para 27'!L101 -> 4 | J59: ='Refer Para 27'!L102 -> 2 | K59: =SUM(C59:J59) -> 744 | L59: 0 | M59: ='Refer Para 27'!L103 -> 0 | N59: =K59+M59-L59 -> 744 | O59: 0
B60: 53 | C60: ='Refer Para 27'!M95 -> 17 | D60: ='Refer Para 27'!M96 -> 45 | E60: ='Refer Para 27'!M97 -> 2 | F60: ='Refer Para 27'!M98 -> 660 | G60: ='Refer Para 27'!M99 -> 3 | H60: ='Refer Para 27'!M100 -> 4 | I60: ='Refer Para 27'!M101 -> 4 | J60: ='Refer Para 27'!M102 -> 4 | K60: =SUM(C60:J60) -> 739 | L60: 0 | M60: ='Refer Para 27'!M103 -> 1 | N60: =K60+M60-L60 -> 740 | O60: 0
B61: 54 | C61: ='Refer Para 27'!N95 -> 87 | D61: ='Refer Para 27'!N96 -> 527 | E61: ='Refer Para 27'!N97 -> 10 | F61: ='Refer Para 27'!N98 -> 7 | G61: ='Refer Para 27'!N99 -> 1 | H61: ='Refer Para 27'!N100 -> 1 | I61: ='Refer Para 27'!N101 -> 0 | J61: ='Refer Para 27'!N102 -> 1 | K61: =SUM(C61:J61) -> 634 | L61: 0 | M61: ='Refer Para 27'!N103 -> 1 | N61: =K61+M61-L61 -> 635 | O61: 0
B62: 55 | C62: ='Refer Para 27'!O95 -> 222 | D62: ='Refer Para 27'!O96 -> 502 | E62: ='Refer Para 27'!O97 -> 14 | F62: ='Refer Para 27'!O98 -> 6 | G62: ='Refer Para 27'!O99 -> 1 | H62: ='Refer Para 27'!O100 -> 1 | I62: ='Refer Para 27'!O101 -> 4 | J62: ='Refer Para 27'!O102 -> 5 | K62: =SUM(C62:J62) -> 755 | L62: 0 | M62: ='Refer Para 27'!O103 -> 7 | N62: =K62+M62-L62 -> 762 | O62: 0
B63: 56 | C63: ='Refer Para 27'!P95 -> 217 | D63: ='Refer Para 27'!P96 -> 182 | E63: ='Refer Para 27'!P97 -> 3 | F63: ='Refer Para 27'!P98 -> 2 | G63: ='Refer Para 27'!P99 -> 1 | H63: ='Refer Para 27'!P100 -> 0 | I63: ='Refer Para 27'!P101 -> 0 | J63: ='Refer Para 27'!P102 -> 0 | K63: =SUM(C63:J63) -> 405 | L63: 0 | M63: ='Refer Para 27'!P103 -> 3 | N63: =K63+M63-L63 -> 408 | O63: 0
B64: 57 | C64: ='Refer Para 27'!C124 -> 172 | D64: ='Refer Para 27'!C125 -> 409 | E64: ='Refer Para 27'!C126 -> 7 | F64: ='Refer Para 27'!C127 -> 10 | G64: ='Refer Para 27'!C128 -> 0 | H64: ='Refer Para 27'!C129 -> 3 | I64: ='Refer Para 27'!C130 -> 6 | J64: ='Refer Para 27'!C131 -> 4 | K64: =SUM(C64:J64) -> 611 | L64: 0 | M64: ='Refer Para 27'!C132 -> 3 | N64: =K64+M64-L64 -> 614 | O64: 0
B65: 58 | C65: ='Refer Para 27'!D124 -> 89 | D65: ='Refer Para 27'!D125 -> 501 | E65: ='Refer Para 27'!D126 -> 6 | F65: ='Refer Para 27'!D127 -> 10 | G65: ='Refer Para 27'!D128 -> 0 | H65: ='Refer Para 27'!D129 -> 4 | I65: ='Refer Para 27'!D130 -> 2 | J65: ='Refer Para 27'!D131 -> 1 | K65: =SUM(C65:J65) -> 613 | L65: 0 | M65: ='Refer Para 27'!D132 -> 0 | N65: =K65+M65-L65 -> 613 | O65: 0
B66: 59 | C66: ='Refer Para 27'!E124 -> 253 | D66: ='Refer Para 27'!E125 -> 425 | E66: ='Refer Para 27'!E126 -> 4 | F66: ='Refer Para 27'!E127 -> 2 | G66: ='Refer Para 27'!E128 -> 1 | H66: ='Refer Para 27'!E129 -> 3 | I66: ='Refer Para 27'!E130 -> 3 | J66: ='Refer Para 27'!E131 -> 1 | K66: =SUM(C66:J66) -> 692 | L66: 0 | M66: ='Refer Para 27'!E132 -> 2 | N66: =K66+M66-L66 -> 694 | O66: 0
B67: 60 | C67: ='Refer Para 27'!F124 -> 114 | D67: ='Refer Para 27'!F125 -> 172 | E67: ='Refer Para 27'!F126 -> 2 | F67: ='Refer Para 27'!F127 -> 152 | G67: ='Refer Para 27'!F128 -> 2 | H67: ='Refer Para 27'!F129 -> 1 | I67: ='Refer Para 27'!F130 -> 0 | J67: ='Refer Para 27'!F131 -> 0 | K67: =SUM(C67:J67) -> 443 | L67: 0 | M67: ='Refer Para 27'!F132 -> 2 | N67: =K67+M67-L67 -> 445 | O67: 0
B68: 61 | C68: ='Refer Para 27'!G124 -> 116 | D68: ='Refer Para 27'!G125 -> 134 | E68: ='Refer Para 27'!G126 -> 7 | F68: ='Refer Para 27'!G127 -> 261 | G68: ='Refer Para 27'!G128 -> 5 | H68: ='Refer Para 27'!G129 -> 5 | I68: ='Refer Para 27'!G130 -> 0 | J68: ='Refer Para 27'!G131 -> 1 | K68: =SUM(C68:J68) -> 529 | L68: 0 | M68: ='Refer Para 27'!G132 -> 6 | N68: =K68+M68-L68 -> 535 | O68: 0
B69: 62 | C69: ='Refer Para 27'!H124 -> 183 | D69: ='Refer Para 27'!H125 -> 227 | E69: ='Refer Para 27'!H126 -> 3 | F69: ='Refer Para 27'!H127 -> 201 | G69: ='Refer Para 27'!H128 -> 2 | H69: ='Refer Para 27'!H129 -> 2 | I69: ='Refer Para 27'!H130 -> 0 | J69: ='Refer Para 27'!H131 -> 2 | K69: =SUM(C69:J69) -> 620 | L69: 0 | M69: ='Refer Para 27'!H132 -> 2 | N69: =K69+M69-L69 -> 622 | O69: 0
B70: 63 | C70: ='Refer Para 27'!I124 -> 119 | D70: ='Refer Para 27'!I125 -> 279 | E70: ='Refer Para 27'!I126 -> 5 | F70: ='Refer Para 27'!I127 -> 45 | G70: ='Refer Para 27'!I128 -> 2 | H70: ='Refer Para 27'!I129 -> 6 | I70: ='Refer Para 27'!I130 -> 2 | J70: ='Refer Para 27'!I131 -> 4 | K70: =SUM(C70:J70) -> 462 | L70: 0 | M70: ='Refer Para 27'!I132 -> 3 | N70: =K70+M70-L70 -> 465 | O70: 0
B71: 64 | C71: ='Refer Para 27'!J124 -> 87 | D71: ='Refer Para 27'!J125 -> 284 | E71: ='Refer Para 27'!J126 -> 3 | F71: ='Refer Para 27'!J127 -> 189 | G71: ='Refer Para 27'!J128 -> 2 | H71: ='Refer Para 27'!J129 -> 3 | I71: ='Refer Para 27'!J130 -> 2 | J71: ='Refer Para 27'!J131 -> 1 | K71: =SUM(C71:J71) -> 571 | L71: 0 | M71: ='Refer Para 27'!J132 -> 4 | N71: =K71+M71-L71 -> 575 | O71: 0
B72: 65 | C72: ='Refer Para 27'!K124 -> 209 | D72: ='Refer Para 27'!K125 -> 418 | E72: ='Refer Para 27'!K126 -> 8 | F72: ='Refer Para 27'!K127 -> 14 | G72: ='Refer Para 27'!K128 -> 0 | H72: ='Refer Para 27'!K129 -> 0 | I72: ='Refer Para 27'!K130 -> 1 | J72: ='Refer Para 27'!K131 -> 0 | K72: =SUM(C72:J72) -> 650 | L72: 0 | M72: ='Refer Para 27'!K132 -> 4 | N72: =K72+M72-L72 -> 654 | O72: 0
B73: 66 | C73: ='Refer Para 27'!L124 -> 144 | D73: ='Refer Para 27'!L125 -> 221 | E73: ='Refer Para 27'!L126 -> 12 | F73: ='Refer Para 27'!L127 -> 138 | G73: ='Refer Para 27'!L128 -> 1 | H73: ='Refer Para 27'!L129 -> 4 | I73: ='Refer Para 27'!L130 -> 3 | J73: ='Refer Para 27'!L131 -> 2 | K73: =SUM(C73:J73) -> 525 | L73: 0 | M73: ='Refer Para 27'!L132 -> 1 | N73: =K73+M73-L73 -> 526 | O73: 0
B74: 67 | C74: ='Refer Para 27'!M124 -> 22 | D74: ='Refer Para 27'!M125 -> 73 | E74: ='Refer Para 27'!M126 -> 2 | F74: ='Refer Para 27'!M127 -> 399 | G74: ='Refer Para 27'!M128 -> 5 | H74: ='Refer Para 27'!M129 -> 6 | I74: ='Refer Para 27'!M130 -> 1 | J74: ='Refer Para 27'!M131 -> 1 | K74: =SUM(C74:J74) -> 509 | L74: 0 | M74: ='Refer Para 27'!M132 -> 0 | N74: =K74+M74-L74 -> 509 | O74: 0
B75: 68 | C75: ='Refer Para 27'!N124 -> 75 | D75: ='Refer Para 27'!N125 -> 206 | E75: ='Refer Para 27'!N126 -> 11 | F75: ='Refer Para 27'!N127 -> 197 | G75: ='Refer Para 27'!N128 -> 4 | H75: ='Refer Para 27'!N129 -> 0 | I75: ='Refer Para 27'!N130 -> 4 | J75: ='Refer Para 27'!N131 -> 2 | K75: =SUM(C75:J75) -> 499 | L75: 0 | M75: ='Refer Para 27'!N132 -> 2 | N75: =K75+M75-L75 -> 501 | O75: 0
B76: 69 | C76: ='Refer Para 27'!O124 -> 34 | D76: ='Refer Para 27'!O125 -> 463 | E76: ='Refer Para 27'!O126 -> 9 | F76: ='Refer Para 27'!O127 -> 49 | G76: ='Refer Para 27'!O128 -> 1 | H76: ='Refer Para 27'!O129 -> 2 | I76: ='Refer Para 27'!O130 -> 1 | J76: ='Refer Para 27'!O131 -> 2 | K76: =SUM(C76:J76) -> 561 | L76: 0 | M76: ='Refer Para 27'!O132 -> 3 | N76: =K76+M76-L76 -> 564 | O76: 0
B77: 70 | C77: ='Refer Para 27'!P124 -> 15 | D77: ='Refer Para 27'!P125 -> 540 | E77: ='Refer Para 27'!P126 -> 6 | F77: ='Refer Para 27'!P127 -> 6 | G77: ='Refer Para 27'!P128 -> 0 | H77: ='Refer Para 27'!P129 -> 1 | I77: ='Refer Para 27'!P130 -> 3 | J77: ='Refer Para 27'!P131 -> 9 | K77: =SUM(C77:J77) -> 580 | L77: 0 | M77: ='Refer Para 27'!P132 -> 2 | N77: =K77+M77-L77 -> 582 | O77: 0
B78: 71 | C78: ='Refer Para 27'!C153 -> 149 | D78: ='Refer Para 27'!C154 -> 376 | E78: ='Refer Para 27'!C155 -> 16 | F78: ='Refer Para 27'!C156 -> 4 | G78: ='Refer Para 27'!C157 -> 0 | H78: ='Refer Para 27'!C158 -> 9 | I78: ='Refer Para 27'!C159 -> 5 | J78: ='Refer Para 27'!C160 -> 2 | K78: =SUM(C78:J78) -> 561 | L78: 0 | M78: ='Refer Para 27'!C161 -> 0 | N78: =K78+M78-L78 -> 561 | O78: 0
B79: 72 | C79: ='Refer Para 27'!D153 -> 170 | D79: ='Refer Para 27'!D154 -> 387 | E79: ='Refer Para 27'!D155 -> 8 | F79: ='Refer Para 27'!D156 -> 4 | G79: ='Refer Para 27'!D157 -> 2 | H79: ='Refer Para 27'!D158 -> 2 | I79: ='Refer Para 27'!D159 -> 3 | J79: ='Refer Para 27'!D160 -> 1 | K79: =SUM(C79:J79) -> 577 | L79: 0 | M79: ='Refer Para 27'!D161 -> 0 | N79: =K79+M79-L79 -> 577 | O79: 0
B80: 73 | C80: ='Refer Para 27'!E153 -> 171 | D80: ='Refer Para 27'!E154 -> 318 | E80: ='Refer Para 27'!E155 -> 3 | F80: ='Refer Para 27'!E156 -> 109 | G80: ='Refer Para 27'!E157 -> 2 | H80: ='Refer Para 27'!E158 -> 7 | I80: ='Refer Para 27'!E159 -> 1 | J80: ='Refer Para 27'!E160 -> 6 | K80: =SUM(C80:J80) -> 617 | L80: 0 | M80: ='Refer Para 27'!E161 -> 2 | N80: =K80+M80-L80 -> 619 | O80: 0
B81: 74 | C81: ='Refer Para 27'!F153 -> 113 | D81: ='Refer Para 27'!F154 -> 201 | E81: ='Refer Para 27'!F155 -> 1 | F81: ='Refer Para 27'!F156 -> 279 | G81: ='Refer Para 27'!F157 -> 3 | H81: ='Refer Para 27'!F158 -> 7 | I81: ='Refer Para 27'!F159 -> 3 | J81: ='Refer Para 27'!F160 -> 0 | K81: =SUM(C81:J81) -> 607 | L81: 0 | M81: ='Refer Para 27'!F161 -> 4 | N81: =K81+M81-L81 -> 611 | O81: 0
B82: 75 | C82: ='Refer Para 27'!G153 -> 34 | D82: ='Refer Para 27'!G154 -> 659 | E82: ='Refer Para 27'!G155 -> 8 | F82: ='Refer Para 27'!G156 -> 14 | G82: ='Refer Para 27'!G157 -> 2 | H82: ='Refer Para 27'!G158 -> 3 | I82: ='Refer Para 27'!G159 -> 5 | J82: ='Refer Para 27'!G160 -> 5 | K82: =SUM(C82:J82) -> 730 | L82: 0 | M82: ='Refer Para 27'!G161 -> 5 | N82: =K82+M82-L82 -> 735 | O82: 0
B83: 76 | C83: ='Refer Para 27'!H153 -> 41 | D83: ='Refer Para 27'!H154 -> 661 | E83: ='Refer Para 27'!H155 -> 1 | F83: ='Refer Para 27'!H156 -> 4 | G83: ='Refer Para 27'!H157 -> 1 | H83: ='Refer Para 27'!H158 -> 6 | I83: ='Refer Para 27'!H159 -> 3 | J83: ='Refer Para 27'!H160 -> 0 | K83: =SUM(C83:J83) -> 717 | L83: 0 | M83: ='Refer Para 27'!H161 -> 2 | N83: =K83+M83-L83 -> 719 | O83: 0
B84: 77 | C84: ='Refer Para 27'!I153 -> 177 | D84: ='Refer Para 27'!I154 -> 184 | E84: ='Refer Para 27'!I155 -> 8 | F84: ='Refer Para 27'!I156 -> 243 | G84: ='Refer Para 27'!I157 -> 3 | H84: ='Refer Para 27'!I158 -> 4 | I84: ='Refer Para 27'!I159 -> 2 | J84: ='Refer Para 27'!I160 -> 2 | K84: =SUM(C84:J84) -> 623 | L84: 0 | M84: ='Refer Para 27'!I161 -> 2 | N84: =K84+M84-L84 -> 625 | O84: 0
B85: 78 | C85: ='Refer Para 27'!J153 -> 99 | D85: ='Refer Para 27'!J154 -> 278 | E85: ='Refer Para 27'!J155 -> 14 | F85: ='Refer Para 27'!J156 -> 73 | G85: ='Refer Para 27'!J157 -> 2 | H85: ='Refer Para 27'!J158 -> 2 | I85: ='Refer Para 27'!J159 -> 3 | J85: ='Refer Para 27'!J160 -> 1 | K85: =SUM(C85:J85) -> 472 | L85: 0 | M85: ='Refer Para 27'!J161 -> 1 | N85: =K85+M85-L85 -> 473 | O85: 0
B86: 79 | C86: ='Refer Para 27'!K153 -> 89 | D86: ='Refer Para 27'!K154 -> 157 | E86: ='Refer Para 27'!K155 -> 19 | F86: ='Refer Para 27'!K156 -> 174 | G86: ='Refer Para 27'!K157 -> 2 | H86: ='Refer Para 27'!K158 -> 2 | I86: ='Refer Para 27'!K159 -> 7 | J86: ='Refer Para 27'!K160 -> 1 | K86: =SUM(C86:J86) -> 451 | L86: 0 | M86: ='Refer Para 27'!K161 -> 0 | N86: =K86+M86-L86 -> 451 | O86: 0
B87: 80 | C87: ='Refer Para 27'!L153 -> 161 | D87: ='Refer Para 27'!L154 -> 288 | E87: ='Refer Para 27'!L155 -> 16 | F87: ='Refer Para 27'!L156 -> 25 | G87: ='Refer Para 27'!L157 -> 0 | H87: ='Refer Para 27'!L158 -> 2 | I87: ='Refer Para 27'!L159 -> 0 | J87: ='Refer Para 27'!L160 -> 1 | K87: =SUM(C87:J87) -> 493 | L87: 0 | M87: ='Refer Para 27'!L161 -> 0 | N87: =K87+M87-L87 -> 493 | O87: 0
B88: 81 | C88: ='Refer Para 27'!M153 -> 97 | D88: ='Refer Para 27'!M154 -> 180 | E88: ='Refer Para 27'!M155 -> 5 | F88: ='Refer Para 27'!M156 -> 186 | G88: ='Refer Para 27'!M157 -> 2 | H88: ='Refer Para 27'!M158 -> 1 | I88: ='Refer Para 27'!M159 -> 0 | J88: ='Refer Para 27'!M160 -> 1 | K88: =SUM(C88:J88) -> 472 | L88: 0 | M88: ='Refer Para 27'!M161 -> 2 | N88: =K88+M88-L88 -> 474 | O88: 0
B89: 82 | C89: ='Refer Para 27'!N153 -> 14 | D89: ='Refer Para 27'!N154 -> 549 | E89: ='Refer Para 27'!N155 -> 19 | F89: ='Refer Para 27'!N156 -> 44 | G89: ='Refer Para 27'!N157 -> 2 | H89: ='Refer Para 27'!N158 -> 1 | I89: ='Refer Para 27'!N159 -> 5 | J89: ='Refer Para 27'!N160 -> 1 | K89: =SUM(C89:J89) -> 635 | L89: 0 | M89: ='Refer Para 27'!N161 -> 6 | N89: =K89+M89-L89 -> 641 | O89: 0
B90: 83 | C90: ='Refer Para 27'!O153 -> 178 | D90: ='Refer Para 27'!O154 -> 460 | E90: ='Refer Para 27'!O155 -> 23 | F90: ='Refer Para 27'!O156 -> 46 | G90: ='Refer Para 27'!O157 -> 1 | H90: ='Refer Para 27'!O158 -> 4 | I90: ='Refer Para 27'!O159 -> 0 | J90: ='Refer Para 27'!O160 -> 1 | K90: =SUM(C90:J90) -> 713 | L90: 0 | M90: ='Refer Para 27'!O161 -> 0 | N90: =K90+M90-L90 -> 713 | O90: 0
B91: 84 | C91: ='Refer Para 27'!P153 -> 18 | D91: ='Refer Para 27'!P154 -> 239 | E91: ='Refer Para 27'!P155 -> 3 | F91: ='Refer Para 27'!P156 -> 455 | G91: ='Refer Para 27'!P157 -> 4 | H91: ='Refer Para 27'!P158 -> 1 | I91: ='Refer Para 27'!P159 -> 10 | J91: ='Refer Para 27'!P160 -> 3 | K91: =SUM(C91:J91) -> 733 | L91: 0 | M91: ='Refer Para 27'!P161 -> 1 | N91: =K91+M91-L91 -> 734 | O91: 0
B92: 85 | C92: ='Refer Para 27'!C182 -> 90 | D92: ='Refer Para 27'!C183 -> 273 | E92: ='Refer Para 27'!C184 -> 7 | F92: ='Refer Para 27'!C185 -> 74 | G92: ='Refer Para 27'!C186 -> 1 | H92: ='Refer Para 27'!C187 -> 1 | I92: ='Refer Para 27'!C188 -> 2 | J92: ='Refer Para 27'!C189 -> 5 | K92: =SUM(C92:J92) -> 453 | L92: 0 | M92: ='Refer Para 27'!C190 -> 4 | N92: =K92+M92-L92 -> 457 | O92: 0
B93: 86 | C93: ='Refer Para 27'!D182 -> 44 | D93: ='Refer Para 27'!D183 -> 249 | E93: ='Refer Para 27'!D184 -> 7 | F93: ='Refer Para 27'!D185 -> 154 | G93: ='Refer Para 27'!D186 -> 0 | H93: ='Refer Para 27'!D187 -> 2 | I93: ='Refer Para 27'!D188 -> 3 | J93: ='Refer Para 27'!D189 -> 0 | K93: =SUM(C93:J93) -> 459 | L93: 0 | M93: ='Refer Para 27'!D190 -> 0 | N93: =K93+M93-L93 -> 459 | O93: 0
B94: 87 | C94: ='Refer Para 27'!E182 -> 96 | D94: ='Refer Para 27'!E183 -> 417 | E94: ='Refer Para 27'!E184 -> 7 | F94: ='Refer Para 27'!E185 -> 5 | G94: ='Refer Para 27'!E186 -> 0 | H94: ='Refer Para 27'!E187 -> 1 | I94: ='Refer Para 27'!E188 -> 0 | J94: ='Refer Para 27'!E189 -> 1 | K94: =SUM(C94:J94) -> 527 | L94: 0 | M94: ='Refer Para 27'!E190 -> 6 | N94: =K94+M94-L94 -> 533 | O94: 0
B95: 88 | C95: ='Refer Para 27'!F182 -> 63 | D95: ='Refer Para 27'!F183 -> 250 | E95: ='Refer Para 27'!F184 -> 4 | F95: ='Refer Para 27'!F185 -> 228 | G95: ='Refer Para 27'!F186 -> 3 | H95: ='Refer Para 27'!F187 -> 4 | I95: ='Refer Para 27'!F188 -> 5 | J95: ='Refer Para 27'!F189 -> 2 | K95: =SUM(C95:J95) -> 559 | L95: 0 | M95: ='Refer Para 27'!F190 -> 4 | N95: =K95+M95-L95 -> 563 | O95: 0
B96: 89 | C96: ='Refer Para 27'!G182 -> 107 | D96: ='Refer Para 27'!G183 -> 440 | E96: ='Refer Para 27'!G184 -> 14 | F96: ='Refer Para 27'!G185 -> 30 | G96: ='Refer Para 27'!G186 -> 1 | H96: ='Refer Para 27'!G187 -> 0 | I96: ='Refer Para 27'!G188 -> 2 | J96: ='Refer Para 27'!G189 -> 6 | K96: =SUM(C96:J96) -> 600 | L96: 0 | M96: ='Refer Para 27'!G190 -> 2 | N96: =K96+M96-L96 -> 602 | O96: 0
B97: 90 | C97: ='Refer Para 27'!H182 -> 66 | D97: ='Refer Para 27'!H183 -> 184 | E97: ='Refer Para 27'!H184 -> 4 | F97: ='Refer Para 27'!H185 -> 194 | G97: ='Refer Para 27'!H186 -> 5 | H97: ='Refer Para 27'!H187 -> 7 | I97: ='Refer Para 27'!H188 -> 4 | J97: ='Refer Para 27'!H189 -> 4 | K97: =SUM(C97:J97) -> 468 | L97: 0 | M97: ='Refer Para 27'!H190 -> 3 | N97: =K97+M97-L97 -> 471 | O97: 0
B98: 91 | C98: ='Refer Para 27'!I182 -> 36 | D98: ='Refer Para 27'!I183 -> 443 | E98: ='Refer Para 27'!I184 -> 2 | F98: ='Refer Para 27'!I185 -> 25 | G98: ='Refer Para 27'!I186 -> 1 | H98: ='Refer Para 27'!I187 -> 2 | I98: ='Refer Para 27'!I188 -> 1 | J98: ='Refer Para 27'!I189 -> 4 | K98: =SUM(C98:J98) -> 514 | L98: 0 | M98: ='Refer Para 27'!I190 -> 2 | N98: =K98+M98-L98 -> 516 | O98: 0
B99: 92 | C99: ='Refer Para 27'!J182 -> 113 | D99: ='Refer Para 27'!J183 -> 466 | E99: ='Refer Para 27'!J184 -> 4 | F99: ='Refer Para 27'!J185 -> 1 | G99: ='Refer Para 27'!J186 -> 3 | H99: ='Refer Para 27'!J187 -> 2 | I99: ='Refer Para 27'!J188 -> 0 | J99: ='Refer Para 27'!J189 -> 3 | K99: =SUM(C99:J99) -> 592 | L99: 0 | M99: ='Refer Para 27'!J190 -> 1 | N99: =K99+M99-L99 -> 593 | O99: 0
B100: 93 | C100: ='Refer Para 27'!K182 -> 333 | D100: ='Refer Para 27'!K183 -> 312 | E100: ='Refer Para 27'!K184 -> 2 | F100: ='Refer Para 27'!K185 -> 3 | G100: ='Refer Para 27'!K186 -> 0 | H100: ='Refer Para 27'!K187 -> 1 | I100: ='Refer Para 27'!K188 -> 0 | J100: ='Refer Para 27'!K189 -> 0 | K100: =SUM(C100:J100) -> 651 | L100: 0 | M100: ='Refer Para 27'!K190 -> 7 | N100: =K100+M100-L100 -> 658 | O100: 0
...

Sheet 66 SYANA RESULT BUTH WISE-2022
B1: fo/kku lHkk lkekU; fuokZpu&2022
B2: vfUre ifj.kke erns; LFky okj
B3: 66&L;kuk fo/kku lHkk fuokZpu {ks=
B4: fo/kku lHkk fuokZpu {ks= esa dqy ernkrkvksa dh la[;k& 385012
B5: iksfyax LVs'ku dh dze la[;k | C5: dUVªksy ;wfuV dh la[;k | D5: erns; LFky ij Mkys x;s dqy erksa dh la[;k | E5: fuEufyf[kr vH;fFkZ;ksa ds i{k esa fn;s x;s fof/k ekU; erksa dh la[;k | M5: dqy fof/kekU; er | N5: ¼Rejected½ izfr{ksfir erksa dh la[;k | O5: buesa ls dksbZ ugh ¼uksVk½ | P5: ;ksx | Q5: ¼VsaMj½ fufonRr erksa dh la[;k
E6: fnyuokt [kku | F6: nsosUnz flag yks/kh | G6: dq0 iwue | H6: lquhy dqekj | I6: lrohj flag | J6: Kkus'k dqekj pkSgku | K6: fnus'k | L6: laxhrk
B7: 1 | C7: ECUEC57730 | D7: 748 | E7: ='66 SYANA PRAROOP-20'!C8 -> 258 | F7: ='66 SYANA PRAROOP-20'!D8 -> 438 | G7: ='66 SYANA PRAROOP-20'!E8 -> 8 | H7: ='66 SYANA PRAROOP-20'!F8 -> 35 | I7: ='66 SYANA PRAROOP-20'!G8 -> 1 | J7: ='66 SYANA PRAROOP-20'!H8 -> 2 | K7: ='66 SYANA PRAROOP-20'!I8 -> 2 | L7: ='66 SYANA PRAROOP-20'!J8 -> 2 | M7: =SUM(E7:L7) -> 746 | N7: 0 | O7: ='66 SYANA PRAROOP-20'!M8 -> 2 | P7: =M7+O7-N7 -> 748 | Q7: 0
B8: 2 | C8: ECUEC60998 | D8: 663 | E8: ='66 SYANA PRAROOP-20'!C9 -> 151 | F8: ='66 SYANA PRAROOP-20'!D9 -> 197 | G8: ='66 SYANA PRAROOP-20'!E9 -> 10 | H8: ='66 SYANA PRAROOP-20'!F9 -> 293 | I8: ='66 SYANA PRAROOP-20'!G9 -> 2 | J8: ='66 SYANA PRAROOP-20'!H9 -> 3 | K8: ='66 SYANA PRAROOP-20'!I9 -> 6 | L8: ='66 SYANA PRAROOP-20'!J9 -> 0 | M8: =SUM(E8:L8) -> 662 | N8: 0 | O8: ='66 SYANA PRAROOP-20'!M9 -> 1 | P8: =M8+O8-N8 -> 663 | Q8: 0
B9: 3 | C9: ECUEC54512 | D9: 724 | E9: ='66 SYANA PRAROOP-20'!C10 -> 45 | F9: ='66 SYANA PRAROOP-20'!D10 -> 527 | G9: ='66 SYANA PRAROOP-20'!E10 -> 16 | H9: ='66 SYANA PRAROOP-20'!F10 -> 95 | I9: ='66 SYANA PRAROOP-20'!G10 -> 5 | J9: ='66 SYANA PRAROOP-20'!H10 -> 6 | K9: ='66 SYANA PRAROOP-20'!I10 -> 12 | L9: ='66 SYANA PRAROOP-20'!J10 -> 11 | M9: =SUM(E9:L9) -> 717 | N9: 0 | O9: ='66 SYANA PRAROOP-20'!M10 -> 7 | P9: =M9+O9-N9 -> 724 | Q9: 0
B10: 4 | C10: ECUEC54315 | D10: 495 | E10: ='66 SYANA PRAROOP-20'!C11 -> 63 | F10: ='66 SYANA PRAROOP-20'!D11 -> 339 | G10: ='66 SYANA PRAROOP-20'!E11 -> 18 | H10: ='66 SYANA PRAROOP-20'!F11 -> 64 | I10: ='66 SYANA PRAROOP-20'!G11 -> 2 | J10: ='66 SYANA PRAROOP-20'!H11 -> 1 | K10: ='66 SYANA PRAROOP-20'!I11 -> 0 | L10: ='66 SYANA PRAROOP-20'!J11 -> 6 | M10: =SUM(E10:L10) -> 493 | N10: 0 | O10: ='66 SYANA PRAROOP-20'!M11 -> 2 | P10: =M10+O10-N10 -> 495 | Q10: 0
B11: 5 | C11: ECUEC54992 | D11: 497 | E11: ='66 SYANA PRAROOP-20'!C12 -> 67 | F11: ='66 SYANA PRAROOP-20'!D12 -> 305 | G11: ='66 SYANA PRAROOP-20'!E12 -> 28 | H11: ='66 SYANA PRAROOP-20'!F12 -> 75 | I11: ='66 SYANA PRAROOP-20'!G12 -> 0 | J11: ='66 SYANA PRAROOP-20'!H12 -> 2 | K11: ='66 SYANA PRAROOP-20'!I12 -> 5 | L11: ='66 SYANA PRAROOP-20'!J12 -> 9 | M11: =SUM(E11:L11) -> 491 | N11: 0 | O11: ='66 SYANA PRAROOP-20'!M12 -> 6 | P11: =M11+O11-N11 -> 497 | Q11: 0
B12: 6 | C12: ECUED23745 | D12: 750 | E12: ='66 SYANA PRAROOP-20'!C13 -> 52 | F12: ='66 SYANA PRAROOP-20'!D13 -> 666 | G12: ='66 SYANA PRAROOP-20'!E13 -> 9 | H12: ='66 SYANA PRAROOP-20'!F13 -> 1 | I12: ='66 SYANA PRAROOP-20'!G13 -> 1 | J12: ='66 SYANA PRAROOP-20'!H13 -> 0 | K12: ='66 SYANA PRAROOP-20'!I13 -> 4 | L12: ='66 SYANA PRAROOP-20'!J13 -> 7 | M12: =SUM(E12:L12) -> 740 | N12: 0 | O12: ='66 SYANA PRAROOP-20'!M13 -> 10 | P12: =M12+O12-N12 -> 750 | Q12: 0
B13: 7 | C13: ECUEC64437 | D13: 610 | E13: ='66 SYANA PRAROOP-20'!C14 -> 28 | F13: ='66 SYANA PRAROOP-20'!D14 -> 557 | G13: ='66 SYANA PRAROOP-20'!E14 -> 10 | H13: ='66 SYANA PRAROOP-20'!F14 -> 7 | I13: ='66 SYANA PRAROOP-20'!G14 -> 1 | J13: ='66 SYANA PRAROOP-20'!H14 -> 2 | K13: ='66 SYANA PRAROOP-20'!I14 -> 1 | L13: ='66 SYANA PRAROOP-20'!J14 -> 2 | M13: =SUM(E13:L13) -> 608 | N13: 0 | O13: ='66 SYANA PRAROOP-20'!M14 -> 2 | P13: =M13+O13-N13 -> 610 | Q13: 0
B14: 8 | C14: ECUEC57629 | D14: 796 | E14: ='66 SYANA PRAROOP-20'!C15 -> 160 | F14: ='66 SYANA PRAROOP-20'!D15 -> 613 | G14: ='66 SYANA PRAROOP-20'!E15 -> 13 | H14: ='66 SYANA PRAROOP-20'!F15 -> 3 | I14: ='66 SYANA PRAROOP-20'!G15 -> 1 | J14: ='66 SYANA PRAROOP-20'!H15 -> 2 | K14: ='66 SYANA PRAROOP-20'!I15 -> 1 | L14: ='66 SYANA PRAROOP-20'!J15 -> 2 | M14: =SUM(E14:L14) -> 795 | N14: 0 | O14: ='66 SYANA PRAROOP-20'!M15 -> 1 | P14: =M14+O14-N14 -> 796 | Q14: 0
B15: 9 | C15: ECUED21307 | D15: 573 | E15: ='66 SYANA PRAROOP-20'!C16 -> 161 | F15: ='66 SYANA PRAROOP-20'!D16 -> 322 | G15: ='66 SYANA PRAROOP-20'!E16 -> 1 | H15: ='66 SYANA PRAROOP-20'!F16 -> 78 | I15: ='66 SYANA PRAROOP-20'!G16 -> 2 | J15: ='66 SYANA PRAROOP-20'!H16 -> 2 | K15: ='66 SYANA PRAROOP-20'!I16 -> 1 | L15: ='66 SYANA PRAROOP-20'!J16 -> 4 | M15: =SUM(E15:L15) -> 571 | N15: 0 | O15: ='66 SYANA PRAROOP-20'!M16 -> 2 | P15: =M15+O15-N15 -> 573 | Q15: 0
B16: 10 | C16: ECUED24248 | D16: 634 | E16: ='66 SYANA PRAROOP-20'!C17 -> 264 | F16: ='66 SYANA PRAROOP-20'!D17 -> 321 | G16: ='66 SYANA PRAROOP-20'!E17 -> 2 | H16: ='66 SYANA PRAROOP-20'!F17 -> 42 | I16: ='66 SYANA PRAROOP-20'!G17 -> 0 | J16: ='66 SYANA PRAROOP-20'!H17 -> 3 | K16: ='66 SYANA PRAROOP-20'!I17 -> 0 | L16: ='66 SYANA PRAROOP-20'!J17 -> 0 | M16: =SUM(E16:L16) -> 632 | N16: 0 | O16: ='66 SYANA PRAROOP-20'!M17 -> 2 | P16: =M16+O16-N16 -> 634 | Q16: 0
B17: 11 | C17: ECUEC47814 | D17: 564 | E17: ='66 SYANA PRAROOP-20'!C18 -> 200 | F17: ='66 SYANA PRAROOP-20'!D18 -> 344 | G17: ='66 SYANA PRAROOP-20'!E18 -> 13 | H17: ='66 SYANA PRAROOP-20'!F18 -> 4 | I17: ='66 SYANA PRAROOP-20'!G18 -> 1 | J17: ='66 SYANA PRAROOP-20'!H18 -> 1 | K17: ='66 SYANA PRAROOP-20'!I18 -> 0 | L17: ='66 SYANA PRAROOP-20'!J18 -> 0 | M17: =SUM(E17:L17) -> 563 | N17: 0 | O17: ='66 SYANA PRAROOP-20'!M18 -> 1 | P17: =M17+O17-N17 -> 564 | Q17: 0
B18: 12 | C18: ECUEC54095 | D18: 507 | E18: ='66 SYANA PRAROOP-20'!C19 -> 48 | F18: ='66 SYANA PRAROOP-20'!D19 -> 319 | G18: ='66 SYANA PRAROOP-20'!E19 -> 8 | H18: ='66 SYANA PRAROOP-20'!F19 -> 118 | I18: ='66 SYANA PRAROOP-20'!G19 -> 3 | J18: ='66 SYANA PRAROOP-20'!H19 -> 6 | K18: ='66 SYANA PRAROOP-20'!I19 -> 5 | L18: ='66 SYANA PRAROOP-20'!J19 -> 0 | M18: =SUM(E18:L18) -> 507 | N18: 0 | O18: ='66 SYANA PRAROOP-20'!M19 -> 0 | P18: =M18+O18-N18 -> 507 | Q18: 0
... B444: 438 | C444: ECUEC57608 | D444: 231 | E444: ='66 SYANA PRAROOP-20'!C445 -> 103 | F444: ='66 SYANA PRAROOP-20'!D445 -> 120 | G444: ='66 SYANA PRAROOP-20'!E445 -> 1 | H444: ='66 SYANA PRAROOP-20'!F445 -> 3 | I444: ='66 SYANA PRAROOP-20'!G445 -> 0 | J444: ='66 SYANA PRAROOP-20'!H445 -> 2 | K444: ='66 SYANA PRAROOP-20'!I445 -> 0 | L444: ='66 SYANA PRAROOP-20'!J445 -> 2 | M444: =SUM(E444:L444) -> 231 | N444: 0 | O444: ='66 SYANA PRAROOP-20'!M445 -> 0 | P444: =M444+O444-N444 -> 231 | Q444: 0
B445: TOTAL | D445: =SUM(D7:D444) -> 251967 | E445: =SUM(E7:E444) -> 59207 | F445: =SUM(F7:F444) -> 148342 | G445: =SUM(G7:G444) -> 2888 | H445: =SUM(H7:H444) -> 36043 | I445: =SUM(I7:I444) -> 728 | J445: =SUM(J7:J444) -> 1235 | K445: =SUM(K7:K444) -> 1109 | ... Q445: =SUM(Q7:Q444) -> 0
B446: POSTAL BALLOT | D446: 0 | E446: 261 | F446: 783 | G446: 26 | H446: 150 | I446: 10 | J446: 2 | K446: 0 | L446: 2 | M446: =SUM(E446:L446) -> 1234 | N446: 542 | O446: ='66 SYANA PRAROOP-20'!M447 -> 2 | P446: =M446+O446+N446 -> 1778 | Q446: 0
B447: GRAND TOTAL | D447: =D445+D446 -> 251967 | E447: =E445+E446 -> 59468 | F447: =F445+F446 -> 149125 | G447: =G445+G446 -> 2914 | H447: =H445+H446 -> 36193 | I447: =I445+I446 -> 738 | J447: =J445+J446 -> 1237 | K447: =K445+K446 -> 1109 | ... Q447: =Q445+Q446 -> 0
N451: fjVfuZax vkWfQlj
N452: 66-L;kuk

Sheet All Data
A1: No. & Name Assembly Constituency- 66-Syana
A2: UTTAR PRADESH VIDHAN SABHA GENERAL ELECTION 2022
A3: DISTRICT - BULANDSHAHR
A4: Ac. No. | B4: Polling Station | D4: Total No. of Electors | E4: Voters Turnout | I4: No. of voters identified using EPIC | J4: No. of Ten-dered Voters | K4: Dilnawaz Khan | N4: Devendra Singh Lodhi | Q4: Km. Poonam | T4: Sunil Kumar | W4: Satvir Singh | Z4: Gyanesh Kumar Chauhan | AC4: Dinesh | AF4: Snageeta | AI4: Total voters Secured
B5: No. | C5: Name | E5: Male | F5: Female | G5: Other | H5: Total | K5: S.No. | L5: Party Affiliation | M5: Voters Secured | N5: S.No. | O5: Party Affiliation | P5: Voters Secured | Q5: S.No. | R5: Party Affiliation | S5: Voters Secured | T5: S.No. | U5: Party Affiliation | V5: Voters Secured | W5: S.No. | X5: Party Affiliation | Y5: Voters Secured | Z5: S.No. | AA5: Party Affiliation | AB5: Voters Secured | AC5: S.No. | AD5: Party Affiliation | AE5: Voters Secured | AF5: S.No. | AG5: Party Affiliation | AH5: Voters Secured
A6: 1 | B6: 2 | C6: 3 | D6: 4 | E6: 5 | F6: 6 | G6: 7 | H6: 8 | I6: 9 | J6: 10 | K6: 11 | L6: 12 | M6: 13 | N6: 14 | O6: 15 | P6: 16 | Q6: 17 | R6: 18 | S6: 19 | T6: 20 | U6: 21 | V6: 22 | W6: 23 | X6: 24 | Y6: 25 | Z6: 26 | AA6: 27 | AB6: 28 | AC6: 29 | AD6: 30 | AE6: 31 | AF6: 32 | AG6: 33 | AH6: 34 | AI6: 35
A7: 66 | B7: 1 | C7: KUCHESER R R K K INTER COLLEGE ROOM NO- 1 | D7: 1090 | E7: 402 | F7: 346 | G7: 0 | H7: =SUM(E7:G7) -> 748 | I7: 502 | J7: 0 | K7: 1 | L7: Rashtriya Lok Dal | M7: ='66 SYANA PRAROOP-20'!C8 -> 258 | N7: 2 | O7: Bharatiya Janata Party | P7: ='66 SYANA PRAROOP-20'!D8 -> 438 | Q7: 3 | R7: Indian National Congrass | S7: ='66 SYANA PRAROOP-20'!E8 -> 8 | T7: 4 | U7: Bahujan Samaj Party | V7: ='66 SYANA PRAROOP-20'!F8 -> 35 | W7: 5 | X7: Aam Aadmi Party | Y7: ='66 SYANA PRAROOP-20'!G8 -> 1 | Z7: 6 | AA7: Hindustan Uttan Party | AB7: ='66 SYANA PRAROOP-20'!H8 -> 2 | AC7: 7 | AD7: Independent | AE7: ='66 SYANA PRAROOP-20'!I8 -> 2 | AF7: 8 | AG7: Independent | AH7: ='66 SYANA PRAROOP-20'!J8 -> 2 | AI7: =M7+P7+S7+V7+Y7+AB7+AE7+AH7 -> 746 | AJ7: =AI7-H7 -> -2
A8: 66 | B8: 2 | C8: KUCHESER R R K K INTER COLLEGE ROOM NO- 2 | D8: 1119 | E8: 373 | F8: 290 | G8: 0 | H8: =SUM(E8:G8) -> 663 | I8: 103 | J8: 0 | M8: ='66 SYANA PRAROOP-20'!C9 -> 151 | P8: ='66 SYANA PRAROOP-20'!D9 -> 197 | S8: ='66 SYANA PRAROOP-20'!E9 -> 10 | V8: ='66 SYANA PRAROOP-20'!F9 -> 293 | Y8: ='66 SYANA PRAROOP-20'!G9 -> 2 | AB8: ='66 SYANA PRAROOP-20'!H9 -> 3 | AE8: ='66 SYANA PRAROOP-20'!I9 -> 6 | AH8: ='66 SYANA PRAROOP-20'!J9 -> 0 | AI8: =M8+P8+S8+V8+Y8+AB8+AE8+AH8 -> 662 | AJ8: =AI8-H8 -> -1
A9: 66 | B9: 3 | C9: KUCHESER R R K K INTER COLLEGE ROOM NO- 3 | D9: 1183 | E9: 380 | F9: 344 | G9: 0 | H9: =SUM(E9:G9) -> 724 | I9: 92 | J9: 0 | M9: ='66 SYANA PRAROOP-20'!C10 -> 45 | P9: ='66 SYANA PRAROOP-20'!D10 -> 527 | S9: ='66 SYANA PRAROOP-20'!E10 -> 16 | V9: ='66 SYANA PRAROOP-20'!F10 -> 95 | Y9: ='66 SYANA PRAROOP-20'!G10 -> 5 | AB9: ='66 SYANA PRAROOP-20'!H10 -> 6 | AE9: ='66 SYANA PRAROOP-20'!I10 -> 12 | AH9: ='66 SYANA PRAROOP-20'!J10 -> 11 | AI9: =M9+P9+S9+V9+Y9+AB9+AE9+AH9 -> 717 | AJ9: =AI9-H9 -> -7
A10: 66 | B10: 4 | C10: KUCHESER R R K K INTER COLLEGE ROOM NO- 4 | D10: 703 | E10: 259 | F10: 236 | G10: 0 | H10: =SUM(E10:G10) -> 495 | I10: 56 | J10: 0 | M10: ='66 SYANA PRAROOP-20'!C11 -> 63 | P10: ='66 SYANA PRAROOP-20'!D11 -> 339 | S10: ='66 SYANA PRAROOP-20'!E11 -> 18 | V10: ='66 SYANA PRAROOP-20'!F11 -> 64 | Y10: ='66 SYANA PRAROOP-20'!G11 -> 2 | AB10: ='66 SYANA PRAROOP-20'!H11 -> 1 | AE10: ='66 SYANA PRAROOP-20'!I11 -> 0 | AH10: ='66 SYANA PRAROOP-20'!J11 -> 6 | AI10: =M10+P10+S10+V10+Y10+AB10+AE10+AH10 -> 493 | AJ10: =AI10-H10 -> -2
A11: 66 | B11: 5 | C11: KUCHESER R R K K INTER COLLEGE ROOM NO- 5 | D11: 714 | E11: 266 | F11: 231 | G11: 0 | H11: =SUM(E11:G11) -> 497 | I11: 301 | J11: 0 | M11: ='66 SYANA PRAROOP-20'!C12 -> 67 | P11: ='66 SYANA PRAROOP-20'!D12 -> 305 | S11: ='66 SYANA PRAROOP-20'!E12 -> 28 | V11: ='66 SYANA PRAROOP-20'!F12 -> 75 | Y11: ='66 SYANA PRAROOP-20'!G12 -> 0 | AB11: ='66 SYANA PRAROOP-20'!H12 -> 2 | AE11: ='66 SYANA PRAROOP-20'!I12 -> 5 | AH11: ='66 SYANA PRAROOP-20'!J12 -> 9 | AI11: =M11+P11+S11+V11+Y11+AB11+AE11+AH11 -> 491 | AJ11: =AI11-H11 -> -6
A12: 66 | B12: 6 | C12: LUDHPURA PRIMARY SCHOOL ROOM NO-1 | D12: 984 | E12: 389 | F12: 361 | G12: 0 | H12: =SUM(E12:G12) -> 750 | I12: 289 | J12: 0 | M12: ='66 SYANA PRAROOP-20'!C13 -> 52 | P12: ='66 SYANA PRAROOP-20'!D13 -> 666 | S12: ='66 SYANA PRAROOP-20'!E13 -> 9 | V12: ='66 SYANA PRAROOP-20'!F13 -> 1 | Y12: ='66 SYANA PRAROOP-20'!G13 -> 1 | AB12: ='66 SYANA PRAROOP-20'!H13 -> 0 | AE12: ='66 SYANA PRAROOP-20'!I13 -> 4 | AH12: ='66 SYANA PRAROOP-20'!J13 -> 7 | AI12: =M12+P12+S12+V12+Y12+AB12+AE12+AH12 -> 740 | AJ12: =AI12-H12 -> -10
A13: 66 | B13: 7 | C13: LUDHPURA PRIMARY SCHOOL ROOM NO-2 | D13: 757 | E13: 297 | F13: 313 | G13: 0 | H13: =SUM(E13:G13) -> 610 | I13: 197 | J13: 0 | M13: ='66 SYANA PRAROOP-20'!C14 -> 28 | P13: ='66 SYANA PRAROOP-20'!D14 -> 557 | S13: ='66 SYANA PRAROOP-20'!E14 -> 10 | V13: ='66 SYANA PRAROOP-20'!F14 -> 7 | Y13: ='66 SYANA PRAROOP-20'!G14 -> 1 | AB13: ='66 SYANA PRAROOP-20'!H14 -> 2 | AE13: ='66 SYANA PRAROOP-20'!I14 -> 1 | AH13: ='66 SYANA PRAROOP-20'!J14 -> 2 | AI13: =M13+P13+S13+V13+Y13+AB13+AE13+AH13 -> 608 | AJ13: =AI13-H13 -> -2
A14: 66 | B14: 8 | C14: KUCHESAR PRIMARY SCHOOL | D14: 1167 | E14: 434 | F14: 362 | G14: 0 | H14: =SUM(E14:G14) -> 796 | I14: 88 | J14: 0 | M14: ='66 SYANA PRAROOP-20'!C15 -> 160 | P14: ='66 SYANA PRAROOP-20'!D15 -> 613 | S14: ='66 SYANA PRAROOP-20'!E15 -> 13 | V14: ='66 SYANA PRAROOP-20'!F15 -> 3 | Y14: ='66 SYANA PRAROOP-20'!G15 -> 1 | AB14: ='66 SYANA PRAROOP-20'!H15 -> 2 | AE14: ='66 SYANA PRAROOP-20'!I15 -> 1 | AH14: ='66 SYANA PRAROOP-20'!J15 -> 2 | AI14: =M14+P14+S14+V14+Y14+AB14+AE14+AH14 -> 795 | AJ14: =AI14-H14 -> -1
A15: 66 | B15: 9 | C15: SALABAD DHUMERA PRIMARY SCHOOL ROOM NO-1 | D15: 869 | E15: 302 | F15: 271 | G15: 0 | H15: =SUM(E15:G15) -> 573 | I15: 402 | J15: 0 | M15: ='66 SYANA PRAROOP-20'!C16 -> 161 | P15: ='66 SYANA PRAROOP-20'!D16 -> 322 | S15: ='66 SYANA PRAROOP-20'!E16 -> 1 | V15: ='66 SYANA PRAROOP-20'!F16 -> 78 | Y15: ='66 SYANA PRAROOP-20'!G16 -> 2 | AB15: ='66 SYANA PRAROOP-20'!H16 -> 2 | AE15: ='66 SYANA PRAROOP-20'!I16 -> 1 | AH15: ='66 SYANA PRAROOP-20'!J16 -> 4 | AI15: =M15+P15+S15+V15+Y15+AB15+AE15+AH15 -> 571 | AJ15: =AI15-H15 -> -2
A16: 66 | B16: 10 | C16: SALABAD DHUMERA PRIMARY SCHOOL ROOM NO-2 | D16: 956 | E16: 335 | F16: 299 | G16: 0 | H16: =SUM(E16:G16) -> 634 | I16: 455 | J16: 0 | M16: ='66 SYANA PRAROOP-20'!C17 -> 264 | P16: ='66 SYANA PRAROOP-20'!D17 -> 321 | S16: ='66 SYANA PRAROOP-20'!E17 -> 2 | V16: ='66 SYANA PRAROOP-20'!F17 -> 42 | Y16: ='66 SYANA PRAROOP-20'!G17 -> 0 | AB16: ='66 SYANA PRAROOP-20'!H17 -> 3 | AE16: ='66 SYANA PRAROOP-20'!I17 -> 0 | AH16: ='66 SYANA PRAROOP-20'!J17 -> 0 | AI16: =M16+P16+S16+V16+Y16+AB16+AE16+AH16 -> 632 | AJ16: =AI16-H16 -> -2
A17: 66 | B17: 11 | C17: TIVARA PRIMARY SCHOOL | D17: 879 | E17: 300 | F17: 264 | G17: 0 | H17: =SUM(E17:G17) -> 564 | I17: 400 | J17: 0 | M17: ='66 SYANA PRAROOP-20'!C18 -> 200 | P17: ='66 SYANA PRAROOP-20'!D18 -> 344 | S17: ='66 SYANA PRAROOP-20'!E18 -> 13 | V17: ='66 SYANA PRAROOP-20'!F18 -> 4 | Y17: ='66 SYANA PRAROOP-20'!G18 -> 1 | AB17: ='66 SYANA PRAROOP-20'!H18 -> 1 | AE17: ='66 SYANA PRAROOP-20'!I18 -> 0 | AH17: ='66 SYANA PRAROOP-20'!J18 -> 0 | AI17: =M17+P17+S17+V17+Y17+AB17+AE17+AH17 -> 563 | AJ17: =AI17-H17 -> -1
A18: 66 | B18: 12 | C18: BARKATPUR PRIMARY SCHOOL | D18: 867 | E18: 288 | F18: 219 | G18: 0 | H18: =SUM(E18:G18) -> 507 | I18: 50 | J18: 0 | M18: ='66 SYANA PRAROOP-20'!C19 -> 48 | P18: ='66 SYANA PRAROOP-20'!D19 -> 319 | S18: ='66 SYANA PRAROOP-20'!E19 -> 8 | V18: ='66 SYANA PRAROOP-20'!F19 -> 118 | Y18: ='66 SYANA PRAROOP-20'!G19 -> 3 | AB18: ='66 SYANA PRAROOP-20'!H19 -> 6 | AE18: ='66 SYANA PRAROOP-20'!I19 -> 5 | AH18: ='66 SYANA PRAROOP-20'!J19 -> 0 | AI18: =M18+P18+S18+V18+Y18+AB18+AE18+AH18 -> 507 | AJ18: =AI18-H18 -> 0
A19: 66 | B19: 13 | C19: DHAKAULI PRIMARY SCHOOL ROOM NO-1 | D19: 720 | E19: 240 | F19: 185 | G19: 0 | H19: =SUM(E19:G19) -> 425 | I19: 250 | J19: 0 | M19: ='66 SYANA PRAROOP-20'!C20 -> 213 | P19: ='66 SYANA PRAROOP-20'!D20 -> 190 | S19: ='66 SYANA PRAROOP-20'!E20 -> 1 | V19: ='66 SYANA PRAROOP-20'!F20 -> 12 | Y19: ='66 SYANA PRAROOP-20'!G20 -> 0 | AB19: ='66 SYANA PRAROOP-20'!H20 -> 0 | AE19: ='66 SYANA PRAROOP-20'!I20 -> 2 | AH19: ='66 SYANA PRAROOP-20'!J20 -> 1 | AI19: =M19+P19+S19+V19+Y19+AB19+AE19+AH19 -> 419 | AJ19: =AI19-H19 -> -6
... A184: 66 | B184: 178 | C184: UPPER PRIMARY SCHOOL BHAGWANPUR MAJRA RAVANI KATIRI ROOM NO.-1 | D184: 646 | E184: 260 | F184: 216 | G184: 0 | H184: =SUM(E184:G184) -> 476 | I184: 360 | J184: 0 | M184: ='66 SYANA PRAROOP-20'!C185 -> 77 | P184: ='66 SYANA PRAROOP-20'!D185 -> 356 | S184: ='66 SYANA PRAROOP-20'!E185 -> 2 | V184: ='66 SYANA PRAROOP-20'!F185 -> 32 | Y184: ='66 SYANA PRAROOP-20'!G185 -> 0 | AB184: ='66 SYANA PRAROOP-20'!H185 -> 3 | AE184: ='66 SYANA PRAROOP-20'!I185 -> 1 | AH184: ='66 SYANA PRAROOP-20'!J185 -> 2 | AI184: =M184+P184+S184+V184+Y184+AB184+AE184+AH184 -> 473 | AJ184: =AI184-H184 -> -3
A185: 66 | B185: 179 | C185: UPPER PRIMARY SCHOOL BHAGWANPUR MAJRA RAVANI KATIRI ROOM NO.-2 | D185: 679 | E185: 219 | F185: 190 | H185: =SUM(E185:G185) -> 409 | I185: 44 | J185: 0 | M185: ='66 SYANA PRAROOP-20'!C186 -> 178 | P185: ='66 SYANA PRAROOP-20'!D186 -> 84 | S185: ='66 SYANA PRAROOP-20'!E186 -> 3 | V185: ='66 SYANA PRAROOP-20'!F186 -> 123 | Y185: ='66 SYANA PRAROOP-20'!G186 -> 2 | AB185: ='66 SYANA PRAROOP-20'!H186 -> 10 | AE185: ='66 SYANA PRAROOP-20'!I186 -> 3 | AH185: ='66 SYANA PRAROOP-20'!J186 -> 4 | AI185: =M185+P185+S185+V185+Y185+AB185+AE185+AH185 -> 407 | AJ185: =AI185-H185 -> -2
A186: 66 | B186: 180 | C186: MAHIUDDINPUR BUKLANA PRIMARY SCHOOL ROOM NO.-1 | D186: 833 | E186: 323 | F186: 276 | G186: 0 | H186: =SUM(E186:G186) -> 599 | I186: 423 | J186: 0 | M186: ='66 SYANA PRAROOP-20'!C187 -> 21 | P186: ='66 SYANA PRAROOP-20'!D187 -> 324 | S186: ='66 SYANA PRAROOP-20'!E187 -> 9 | V186: ='66 SYANA PRAROOP-20'!F187 -> 229 | Y186: ='66 SYANA PRAROOP-20'!G187 -> 2 | AB186: ='66 SYANA PRAROOP-20'!H187 -> 10 | AE186: ='66 SYANA PRAROOP-20'!I187 -> 0 | AH186: ='66 SYANA PRAROOP-20'!J187 -> 2 | AI186: =M186+P186+S186+V186+Y186+AB186+AE186+AH186 -> 597 | AJ186: =AI186-H186 -> -2
A187: 66 | B187: 181 | C187: MAHIUDDINPUR BUKLANA PRIMARY SCHOOL ROOM NO.-2 | D187: 949 | E187: 329 | F187: 339 | G187: 0 | H187: =SUM(E187:G187) -> 668 | I187: 76 | J187: 0 | M187: ='66 SYANA PRAROOP-20'!C188 -> 13 | P187: ='66 SYANA PRAROOP-20'!D188 -> 591 | S187: ='66 SYANA PRAROOP-20'!E188 -> 9 | V187: ='66 SYANA PRAROOP-20'!F188 -> 34 | Y187: ='66 SYANA PRAROOP-20'!G188 -> 1 | AB187: ='66 SYANA PRAROOP-20'!H188 -> 13 | AE187: ='66 SYANA PRAROOP-20'!I188 -> 0 | AH187: ='66 SYANA PRAROOP-20'!J188 -> 4 | AI187: =M187+P187+S187+V187+Y187+AB187+AE187+AH187 -> 665 | AJ187: =AI187-H187 -> -3
A188: 66 | B188: 182 | C188: MAHIUDDINPUR BUKLANA PRIMARY SCHOOL ROOM NO.-3 | D188: 819 | E188: 261 | F188: 241 | G188: 0 | H188: =SUM(E188:G188) -> 502 | I188: 61 | J188: 0 | M188: ='66 SYANA PRAROOP-20'!C189 -> 248 | P188: ='66 SYANA PRAROOP-20'!D189 -> 241 | S188: ='66 SYANA PRAROOP-20'!E189 -> 1 | V188: ='66 SYANA PRAROOP-20'!F189 -> 3 | Y188: ='66 SYANA PRAROOP-20'!G189 -> 0 | AB188: ='66 SYANA PRAROOP-20'!H189 -> 4 | AE188: ='66 SYANA PRAROOP-20'!I189 -> 0 | AH188: ='66 SYANA PRAROOP-20'!J189 -> 1 | AI188: =M188+P188+S188+V188+Y188+AB188+AE188+AH188 -> 498 | AJ188: =AI188-H188 -> -4
A189: 66 | B189: 183 | C189: MAHIUDDINPUR BUKLANA PRIMARY SCHOOL ROOM NO.-4 | D189: 771 | E189: 207 | F189: 197 | G189: 0 | H189: =SUM(E189:G189) -> 404 | I189: 307 | J189: 0 | M189: ='66 SYANA PRAROOP-20'!C190 -> 27 | P189: ='66 SYANA PRAROOP-20'!D190 -> 371 | S189: ='66 SYANA PRAROOP-20'!E190 -> 2 | V189: ='66 SYANA PRAROOP-20'!F190 -> 0 | Y189: ='66 SYANA PRAROOP-20'!G190 -> 0 | AB189: ='66 SYANA PRAROOP-20'!H190 -> 4 | AE189: ='66 SYANA PRAROOP-20'!I190 -> 0 | AH189: ='66 SYANA PRAROOP-20'!J190 -> 0 | AI189: =M189+P189+S189+V189+Y189+AB189+AE189+AH189 -> 404 | AJ189: =AI189-H189 -> 0
A190: 66 | B190: 184 | C190: BARHANA PRIMARY SCHOOL ROOM NO.-1 | D190: 1004 | E190: 328 | F190: 312 | G190: 0 | H190: =SUM(E190:G190) -> 640 | I190: 65 | J190: 0 | M190: ='66 SYANA PRAROOP-20'!C191 -> 68 | P190: ='66 SYANA PRAROOP-20'!D191 -> 432 | S190: ='66 SYANA PRAROOP-20'!E191 -> 3 | V190: ='66 SYANA PRAROOP-20'!F191 -> 125 | Y190: ='66 SYANA PRAROOP-20'!G191 -> 4 | AB190: ='66 SYANA PRAROOP-20'!H191 -> 1 | AE190: ='66 SYANA PRAROOP-20'!I191 -> 3 | AH190: ='66 SYANA PRAROOP-20'!J191 -> 0 | AI190: =M190+P190+S190+V190+Y190+AB190+AE190+AH190 -> 636 | AJ190: =AI190-H190 -> -4
A191: 66 | B191: 185 | C191: BARHANA PRIMARY SCHOOL ROOM NO.-2 | D191: 1026 | E191: 337 | F191: 292 | G191: 0 | H191: =SUM(E191:G191) -> 629 | I191: 37 | J191: 0 | M191: ='66 SYANA PRAROOP-20'!C192 -> 115 | P191: ='66 SYANA PRAROOP-20'!D192 -> 462 | S191: ='66 SYANA PRAROOP-20'!E192 -> 6 | V191: ='66 SYANA PRAROOP-20'!F192 -> 41 | Y191: ='66 SYANA PRAROOP-20'!G192 -> 0 | AB191: ='66 SYANA PRAROOP-20'!H192 -> 1 | AE191: ='66 SYANA PRAROOP-20'!I192 -> 1 | AH191: ='66 SYANA PRAROOP-20'!J192 -> 1 | AI191: =M191+P191+S191+V191+Y191+AB191+AE191+AH191 -> 627 | AJ191: =AI191-H191 -> -2
A192: 66 | B192: 186 | C192: BARHANA PRIMARY SCHOOL ROOM NO.-3 | D192: 1011 | E192: 277 | F192: 251 | G192: 0 | H192: =SUM(E192:G192) -> 528 | I192: 377 | J192: 0 | M192: ='66 SYANA PRAROOP-20'!C193 -> 22 | P192: ='66 SYANA PRAROOP-20'!D193 -> 406 | S192: ='66 SYANA PRAROOP-20'!E193 -> 19 | V192: ='66 SYANA PRAROOP-20'!F193 -> 78 | Y192: ='66 SYANA PRAROOP-20'!G193 -> 1 | AB192: ='66 SYANA PRAROOP-20'!H193 -> 0 | AE192: ='66 SYANA PRAROOP-20'!I193 -> 1 | AH192: ='66 SYANA PRAROOP-20'!J193 -> 0 | AI192: =M192+P192+S192+V192+Y192+AB192+AE192+AH192 -> 527 | AJ192: =AI192-H192 -> -1
A193: 66 | B193: 187 | C193: BUGRASI JANTA INTER COLLEGE ROOM NO.-1 NORTH PART | D193: 839 | E193: 301 | F193: 294 | G193: 0 | H193: =SUM(E193:G193) -> 595 | I193: 40 | J193: 0 | M193: ='66 SYANA PRAROOP-20'!C194 -> 102 | P193: ='66 SYANA PRAROOP-20'!D194 -> 157 | S193: ='66 SYANA PRAROOP-20'!E194 -> 8 | V193: ='66 SYANA PRAROOP-20'!F194 -> 303 | Y193: ='66 SYANA PRAROOP-20'!G194 -> 2 | AB193: ='66 SYANA PRAROOP-20'!H194 -> 5 | AE193: ='66 SYANA PRAROOP-20'!I194 -> 8 | AH193: ='66 SYANA PRAROOP-20'!J194 -> 3 | AI193: =M193+P193+S193+V193+Y193+AB193+AE193+AH193 -> 588 | AJ193: =AI193-H193 -> -7
A194: 66 | B194: 188 | C194: BUGRASI JANTA INTER COLLEGE ROOM NO.-2 NORTH PART | D194: 819 | E194: 311 | F194: 281 | G194: 0 | H194: =SUM(E194:G194) -> 592 | I194: 11 | J194: 0 | M194: ='66 SYANA PRAROOP-20'!C195 -> 215 | P194: ='66 SYANA PRAROOP-20'!D195 -> 195 | S194: ='66 SYANA PRAROOP-20'!E195 -> 2 | V194: ='66 SYANA PRAROOP-20'!F195 -> 164 | Y194: ='66 SYANA PRAROOP-20'!G195 -> 2 | AB194: ='66 SYANA PRAROOP-20'!H195 -> 5 | AE194: ='66 SYANA PRAROOP-20'!I195 -> 3 | AH194: ='66 SYANA PRAROOP-20'!J195 -> 4 | AI194: =M194+P194+S194+V194+Y194+AB194+AE194+AH194 -> 590 | AJ194: =AI194-H194 -> -2
A195: 66 | B195: 189 | C195: BUGRASI JANTA INTER COLLEGE ROOM NO.-3 NORTH PART | D195: 763 | E195: 304 | F195: 287 | G195: 0 | H195: =SUM(E195:G195) -> 591 | I195: 253 | J195: 0 | M195: ='66 SYANA PRAROOP-20'!C196 -> 194 | P195: ='66 SYANA PRAROOP-20'!D196 -> 366 | S195: ='66 SYANA PRAROOP-20'!E196 -> 6 | V195: ='66 SYANA PRAROOP-20'!F196 -> 12 | Y195: ='66 SYANA PRAROOP-20'!G196 -> 0 | AB195: ='66 SYANA PRAROOP-20'!H196 -> 3 | AE195: ='66 SYANA PRAROOP-20'!I196 -> 3 | AH195: ='66 SYANA PRAROOP-20'!J196 -> 4 | AI195: =M195+P195+S195+V195+Y195+AB195+AE195+AH195 -> 588 | AJ195: =AI195-H195 -> -3
A196: 66 | B196: 190 | C196: BUGRASI JANTA INTER COLLEGE ROOM NO.-4 NORTH PART | D196: 470 | E196: 191 | F196: 165 | G196: 0 | H196: =SUM(E196:G196) -> 356 | I196: 91 | J196: 0 | M196: ='66 SYANA PRAROOP-20'!C197 -> 166 | P196: ='66 SYANA PRAROOP-20'!D197 -> 170 | S196: ='66 SYANA PRAROOP-20'!E197 -> 2 | V196: ='66 SYANA PRAROOP-20'!F197 -> 11 | Y196: ='66 SYANA PRAROOP-20'!G197 -> 1 | AB196: ='66 SYANA PRAROOP-20'!H197 -> 0 | AE196: ='66 SYANA PRAROOP-20'!I197 -> 2 | AH196: ='66 SYANA PRAROOP-20'!J197 -> 1 | AI196: =M196+P196+S196+V196+Y196+AB196+AE196+AH196 -> 353 | AJ196: =AI196-H196 -> -3
A197: 66 | B197: 191 | C197: BUGRASI JANTA INTER COLLEGE ROOM NO.-1 SOUTH PART | D197: 1027 | E197: 381 | F197: 293 | G197: 0 | H197: =SUM(E197:G197) -> 674 | I197: 139 | J197: 0 | M197: ='66 SYANA PRAROOP-20'!C198 -> 465 | P197: ='66 SYANA PRAROOP-20'!D198 -> 184 | S197: ='66 SYANA PRAROOP-20'!E198 -> 2 | V197: ='66 SYANA PRAROOP-20'!F198 -> 14 | Y197: ='66 SYANA PRAROOP-20'!G198 -> 4 | AB197: ='66 SYANA PRAROOP-20'!H198 -> 0 | AE197: ='66 SYANA PRAROOP-20'!I198 -> 0 | AH197: ='66 SYANA PRAROOP-20'!J198 -> 2 | AI197: =M197+P197+S197+V197+Y197+AB197+AE197+AH197 -> 671 | AJ197: =AI197-H197 -> -3
... A326: 66 | B326: 320 | C326: MANIYA TIKRI JUNIOR HIGH SCHOOL | D326: 857 | E326: 291 | F326: 300 | G326: 0 | H326: =SUM(E326:G326) -> 591 | I326: 2 | J326: 0 | M326: ='66 SYANA PRAROOP-20'!C327 -> 37 | P326: ='66 SYANA PRAROOP-20'!D327 -> 544 | S326: ='66 SYANA PRAROOP-20'!E327 -> 1 | V326: ='66 SYANA PRAROOP-20'!F327 -> 4 | Y326: ='66 SYANA PRAROOP-20'!G327 -> 0 | AB326: ='66 SYANA PRAROOP-20'!H327 -> 2 | AE326: ='66 SYANA PRAROOP-20'!I327 -> 0 | AH326: ='66 SYANA PRAROOP-20'!J327 -> 1 | AI326: =M326+P326+S326+V326+Y326+AB326+AE326+AH326 -> 589 | AJ326: =AI326-H326 -> -2
A327: 66 | B327: 321 | C327: KANONA INTER COLLEGE ROOM NO. 1 | D327: 711 | E327: 297 | F327: 282 | H327: =SUM(E327:G327) -> 579 | I327: 52 | J327: 0 | M327: ='66 SYANA PRAROOP-20'!C328 -> 11 | P327: ='66 SYANA PRAROOP-20'!D328 -> 544 | S327: ='66 SYANA PRAROOP-20'!E328 -> 7 | V327: ='66 SYANA PRAROOP-20'!F328 -> 1 | Y327: ='66 SYANA PRAROOP-20'!G328 -> 0 | AB327: ='66 SYANA PRAROOP-20'!H328 -> 2 | AE327: ='66 SYANA PRAROOP-20'!I328 -> 6 | AH327: ='66 SYANA PRAROOP-20'!J328 -> 3 | AI327: =M327+P327+S327+V327+Y327+AB327+AE327+AH327 -> 574 | AJ327: =AI327-H327 -> -5
A328: 66 | B328: 322 | C328: KANONA INTER COLLEGE ROOM NO 2 | D328: 645 | E328: 266 | F328: 265 | G328: 0 | H328: =SUM(E328:G328) -> 531 | I328: 26 | J328: 0 | M328: ='66 SYANA PRAROOP-20'!C329 -> 10 | P328: ='66 SYANA PRAROOP-20'!D329 -> 510 | S328: ='66 SYANA PRAROOP-20'!E329 -> 1 | V328: ='66 SYANA PRAROOP-20'!F329 -> 0 | Y328: ='66 SYANA PRAROOP-20'!G329 -> 1 | AB328: ='66 SYANA PRAROOP-20'!H329 -> 2 | AE328: ='66 SYANA PRAROOP-20'!I329 -> 2 | AH328: ='66 SYANA PRAROOP-20'!J329 -> 3 | AI328: =M328+P328+S328+V328+Y328+AB328+AE328+AH328 -> 529 | AJ328: =AI328-H328 -> -2
A329: 66 | B329: 323 | C329: KANONA INTER COLLEGE ROOM NO 3 | D329: 1122 | E329: 406 | F329: 404 | G329: 0 | H329: =SUM(E329:G329) -> 810 | I329: 59 | J329: 0 | M329: ='66 SYANA PRAROOP-20'!C330 -> 21 | P329: ='66 SYANA PRAROOP-20'!D330 -> 599 | S329: ='66 SYANA PRAROOP-20'!E330 -> 15 | V329: ='66 SYANA PRAROOP-20'!F330 -> 126 | Y329: ='66 SYANA PRAROOP-20'!G330 -> 4 | AB329: ='66 SYANA PRAROOP-20'!H330 -> 6 | AE329: ='66 SYANA PRAROOP-20'!I330 -> 11 | AH329: ='66 SYANA PRAROOP-20'!J330 -> 8 | AI329: =M329+P329+S329+V329+Y329+AB329+AE329+AH329 -> 790 | AJ329: =AI329-H329 -> -20
A330: 66 | B330: 324 | C330: NAGOD PRIMARY SCHOOL | D330: 774 | E330: 255 | F330: 306 | G330: 0 | H330: =SUM(E330:G330) -> 561 | I330: 28 | J330: 0 | M330: ='66 SYANA PRAROOP-20'!C331 -> 12 | P330: ='66 SYANA PRAROOP-20'!D331 -> 471 | S330: ='66 SYANA PRAROOP-20'!E331 -> 5 | V330: ='66 SYANA PRAROOP-20'!F331 -> 60 | Y330: ='66 SYANA PRAROOP-20'!G331 -> 2 | AB330: ='66 SYANA PRAROOP-20'!H331 -> 4 | AE330: ='66 SYANA PRAROOP-20'!I331 -> 5 | AH330: ='66 SYANA PRAROOP-20'!J331 -> 0 | AI330: =M330+P330+S330+V330+Y330+AB330+AE330+AH330 -> 559 | AJ330: =AI330-H330 -> -2
A331: 66 | B331: 325 | C331: REHMATPUR AUGNA PRIMARY SCHOOL | D331: 968 | E331: 305 | F331: 278 | G331: 0 | H331: =SUM(E331:G331) -> 583 | I331: 44 | J331: 0 | M331: ='66 SYANA PRAROOP-20'!C332 -> 6 | P331: ='66 SYANA PRAROOP-20'!D332 -> 548 | S331: ='66 SYANA PRAROOP-20'!E332 -> 5 | V331: ='66 SYANA PRAROOP-20'!F332 -> 8 | Y331: ='66 SYANA PRAROOP-20'!G332 -> 1 | AB331: ='66 SYANA PRAROOP-20'!H332 -> 6 | AE331: ='66 SYANA PRAROOP-20'!I332 -> 2 | AH331: ='66 SYANA PRAROOP-20'!J332 -> 4 | AI331: =M331+P331+S331+V331+Y331+AB331+AE331+AH331 -> 580 | AJ331: =AI331-H331 -> -3
A332: 66 | B332: 326 | C332: CHATHERA PRIMARY SCHOOL | D332: 779 | E332: 296 | F332: 289 | G332: 0 | H332: =SUM(E332:G332) -> 585 | I332: 73 | J332: 0 | M332: ='66 SYANA PRAROOP-20'!C333 -> 41 | P332: ='66 SYANA PRAROOP-20'!D333 -> 527 | S332: ='66 SYANA PRAROOP-20'!E333 -> 3 | V332: ='66 SYANA PRAROOP-20'!F333 -> 2 | Y332: ='66 SYANA PRAROOP-20'!G333 -> 3 | AB332: ='66 SYANA PRAROOP-20'!H333 -> 3 | AE332: ='66 SYANA PRAROOP-20'!I333 -> 2 | AH332: ='66 SYANA PRAROOP-20'!J333 -> 3 | AI332: =M332+P332+S332+V332+Y332+AB332+AE332+AH332 -> 584 | AJ332: =AI332-H332 -> -1
A333: 66 | B333: 327 | C333: BHOPUR PRIMARY SCHOOL | D333: 1011 | E333: 285 | F333: 301 | G333: 0 | H333: =SUM(E333:G333) -> 586 | I333: 34 | J333: 0 | M333: ='66 SYANA PRAROOP-20'!C334 -> 10 | P333: ='66 SYANA PRAROOP-20'!D334 -> 446 | S333: ='66 SYANA PRAROOP-20'!E334 -> 9 | V333: ='66 SYANA PRAROOP-20'!F334 -> 107 | Y333: ='66 SYANA PRAROOP-20'!G334 -> 0 | AB333: ='66 SYANA PRAROOP-20'!H334 -> 10 | AE333: ='66 SYANA PRAROOP-20'!I334 -> 0 | AH333: ='66 SYANA PRAROOP-20'!J334 -> 3 | AI333: =M333+P333+S333+V333+Y333+AB333+AE333+AH333 -> 585 | AJ333: =AI333-H333 -> -1
A334: 66 | B334: 328 | C334: PYANA KHURD PRIMARY SCHOOL | D334: 1135 | E334: 330 | F334: 323 | G334: 0 | H334: =SUM(E334:G334) -> 653 | I334: 333 | J334: 0 | M334: ='66 SYANA PRAROOP-20'!C335 -> 95 | P334: ='66 SYANA PRAROOP-20'!D335 -> 405 | S334: ='66 SYANA PRAROOP-20'!E335 -> 23 | V334: ='66 SYANA PRAROOP-20'!F335 -> 107 | Y334: ='66 SYANA PRAROOP-20'!G335 -> 2 | AB334: ='66 SYANA PRAROOP-20'!H335 -> 4 | AE334: ='66 SYANA PRAROOP-20'!I335 -> 5 | AH334: ='66 SYANA PRAROOP-20'!J335 -> 3 | AI334: =M334+P334+S334+V334+Y334+AB334+AE334+AH334 -> 644 | AJ334: =AI334-H334 -> -9
A335: 66 | B335: 329 | C335: MIRJAPUR NAGLI PRIMARY SCHOOL | D335: 495 | E335: 200 | F335: 176 | G335: 0 | H335: =SUM(E335:G335) -> 376 | I335: 24 | J335: 0 | M335: ='66 SYANA PRAROOP-20'!C336 -> 13 | P335: ='66 SYANA PRAROOP-20'!D336 -> 353 | S335: ='66 SYANA PRAROOP-20'!E336 -> 4 | V335: ='66 SYANA PRAROOP-20'!F336 -> 1 | Y335: ='66 SYANA PRAROOP-20'!G336 -> 0 | AB335: ='66 SYANA PRAROOP-20'!H336 -> 1 | AE335: ='66 SYANA PRAROOP-20'!I336 -> 1 | AH335: ='66 SYANA PRAROOP-20'!J336 -> 2 | AI335: =M335+P335+S335+V335+Y335+AB335+AE335+AH335 -> 375 | AJ335: =AI335-H335 -> -1
A336: 66 | B336: 330 | C336: PYANA KLA PRIMARY SCHOOL ROOM NO.-1 | D336: 691 | E336: 227 | F336: 227 | G336: 0 | H336: =SUM(E336:G336) -> 454 | I336: 327 | J336: 0 | M336: ='66 SYANA PRAROOP-20'!C337 -> 113 | P336: ='66 SYANA PRAROOP-20'!D337 -> 324 | S336: ='66 SYANA PRAROOP-20'!E337 -> 4 | V336: ='66 SYANA PRAROOP-20'!F337 -> 6 | Y336: ='66 SYANA PRAROOP-20'!G337 -> 0 | AB336: ='66 SYANA PRAROOP-20'!H337 -> 0 | AE336: ='66 SYANA PRAROOP-20'!I337 -> 1 | AH336: ='66 SYANA PRAROOP-20'!J337 -> 3 | AI336: =M336+P336+S336+V336+Y336+AB336+AE336+AH336 -> 451 | AJ336: =AI336-H336 -> -3
A337: 66 | B337: 331 | C337: PYANA KLA PRIMARY SCHOOL ROOM NO.-2 | D337: 684 | E337: 215 | F337: 229 | G337: 0 | H337: =SUM(E337:G337) -> 444 | I337: 56 | J337: 0 | M337: ='66 SYANA PRAROOP-20'!C338 -> 334 | P337: ='66 SYANA PRAROOP-20'!D338 -> 10 | S337: ='66 SYANA PRAROOP-20'!E338 -> 0 | V337: ='66 SYANA PRAROOP-20'!F338 -> 96 | Y337: ='66 SYANA PRAROOP-20'!G338 -> 1 | AB337: ='66 SYANA PRAROOP-20'!H338 -> 0 | AE337: ='66 SYANA PRAROOP-20'!I338 -> 0 | AH337: ='66 SYANA PRAROOP-20'!J338 -> 1 | AI337: =M337+P337+S337+V337+Y337+AB337+AE337+AH337 -> 442 | AJ337: =AI337-H337 -> -2
A338: 66 | B338: 332 | C338: PYANA KLA PRIMARY SCHOOL ROOM NO.-3 | D338: 1008 | E338: 337 | F338: 351 | G338: 0 | H338: =SUM(E338:G338) -> 688 | I338: 59 | J338: 0 | M338: ='66 SYANA PRAROOP-20'!C339 -> 52 | P338: ='66 SYANA PRAROOP-20'!D339 -> 251 | S338: ='66 SYANA PRAROOP-20'!E339 -> 15 | V338: ='66 SYANA PRAROOP-20'!F339 -> 340 | Y338: ='66 SYANA PRAROOP-20'!G339 -> 3 | AB338: ='66 SYANA PRAROOP-20'!H339 -> 11 | AE338: ='66 SYANA PRAROOP-20'!I339 -> 2 | AH338: ='66 SYANA PRAROOP-20'!J339 -> 8 | AI338: =M338+P338+S338+V338+Y338+AB338+AE338+AH338 -> 682 | AJ338: =AI338-H338 -> -6
A339: 66 | B339: 333 | C339: KALYANPUR PRIMARY SCHOOL | D339: 602 | E339: 202 | F339: 196 | G339: 0 | H339: =SUM(E339:G339) -> 398 | I339: 31 | J339: 0 | M339: ='66 SYANA PRAROOP-20'!C340 -> 57 | P339: ='66 SYANA PRAROOP-20'!D340 -> 37 | S339: ='66 SYANA PRAROOP-20'!E340 -> 8 | V339: ='66 SYANA PRAROOP-20'!F340 -> 287 | Y339: ='66 SYANA PRAROOP-20'!G340 -> 2 | AB339: ='66 SYANA PRAROOP-20'!H340 -> 2 | AE339: ='66 SYANA PRAROOP-20'!I340 -> 1 | AH339: ='66 SYANA PRAROOP-20'!J340 -> 2 | AI339: =M339+P339+S339+V339+Y339+AB339+AE339+AH339 -> 396 | AJ339: =AI339-H339 -> -2
... A375: 66 | B375: 369 | C375: KAMALPUR PRIMARY SCHOOL ROOM NO-1 | D375: 893 | E375: 315 | F375: 289 | G375: 0 | H375: =SUM(E375:G375) -> 604 | I375: 86 | J375: 0 | M375: ='66 SYANA PRAROOP-20'!C376 -> 99 | P375: ='66 SYANA PRAROOP-20'!D376 -> 446 | S375: ='66 SYANA PRAROOP-20'!E376 -> 8 | V375: ='66 SYANA PRAROOP-20'!F376 -> 6 | Y375: ='66 SYANA PRAROOP-20'!G376 -> 5 | AB375: ='66 SYANA PRAROOP-20'!H376 -> 9 | AE375: ='66 SYANA PRAROOP-20'!I376 -> 8 | AH375: ='66 SYANA PRAROOP-20'!J376 -> 8 | AI375: =M375+P375+S375+V375+Y375+AB375+AE375+AH375 -> 589 | AJ375: =AI375-H375 -> -15
A376: 66 | B376: 370 | C376: KAMALPUR PRIMARY SCHOOL ROOM NO-2 | D376: 974 | E376: 282 | F376: 310 | H376: =SUM(E376:G376) -> 592 | I376: 29 | J376: 0 | M376: ='66 SYANA PRAROOP-20'!C377 -> 26 | P376: ='66 SYANA PRAROOP-20'!D377 -> 527 | S376: ='66 SYANA PRAROOP-20'!E377 -> 1 | V376: ='66 SYANA PRAROOP-20'!F377 -> 23 | Y376: ='66 SYANA PRAROOP-20'!G377 -> 0 | AB376: ='66 SYANA PRAROOP-20'!H377 -> 3 | AE376: ='66 SYANA PRAROOP-20'!I377 -> 5 | AH376: ='66 SYANA PRAROOP-20'!J377 -> 5 | AI376: =M376+P376+S376+V376+Y376+AB376+AE376+AH376 -> 590 | AJ376: =AI376-H376 -> -2
A377: 66 | B377: 371 | C377: KAMALPUR PRIMARY SCHOOL ROOM NO-3 | D377: 897 | E377: 242 | F377: 245 | G377: 0 | H377: =SUM(E377:G377) -> 487 | I377: 61 | J377: 0 | M377: ='66 SYANA PRAROOP-20'!C378 -> 22 | P377: ='66 SYANA PRAROOP-20'!D378 -> 418 | S377: ='66 SYANA PRAROOP-20'!E378 -> 3 | V377: ='66 SYANA PRAROOP-20'!F378 -> 21 | Y377: ='66 SYANA PRAROOP-20'!G378 -> 0 | AB377: ='66 SYANA PRAROOP-20'!H378 -> 4 | AE377: ='66 SYANA PRAROOP-20'!I378 -> 6 | AH377: ='66 SYANA PRAROOP-20'!J378 -> 5 | AI377: =M377+P377+S377+V377+Y377+AB377+AE377+AH377 -> 479 | AJ377: =AI377-H377 -> -8
A378: 66 | B378: 372 | C378: DHALNA PRIMARY SCHOOL ROOM NO-1 | D378: 719 | E378: 252 | F378: 205 | G378: 0 | H378: =SUM(E378:G378) -> 457 | I378: 32 | J378: 0 | M378: ='66 SYANA PRAROOP-20'!C379 -> 109 | P378: ='66 SYANA PRAROOP-20'!D379 -> 292 | S378: ='66 SYANA PRAROOP-20'!E379 -> 1 | V378: ='66 SYANA PRAROOP-20'!F379 -> 53 | Y378: ='66 SYANA PRAROOP-20'!G379 -> 1 | AB378: ='66 SYANA PRAROOP-20'!H379 -> 0 | AE378: ='66 SYANA PRAROOP-20'!I379 -> 0 | AH378: ='66 SYANA PRAROOP-20'!J379 -> 1 | AI378: =M378+P378+S378+V378+Y378+AB378+AE378+AH378 -> 457 | AJ378: =AI378-H378 -> 0
A379: 66 | B379: 373 | C379: DHALNA PRIMARY SCHOOL ROOM NO-2 | D379: 729 | E379: 262 | F379: 251 | G379: 0 | H379: =SUM(E379:G379) -> 513 | I379: 362 | J379: 0 | M379: ='66 SYANA PRAROOP-20'!C380 -> 28 | P379: ='66 SYANA PRAROOP-20'!D380 -> 10 | S379: ='66 SYANA PRAROOP-20'!E380 -> 0 | V379: ='66 SYANA PRAROOP-20'!F380 -> 472 | Y379: ='66 SYANA PRAROOP-20'!G380 -> 0 | AB379: ='66 SYANA PRAROOP-20'!H380 -> 2 | AE379: ='66 SYANA PRAROOP-20'!I380 -> 1 | AH379: ='66 SYANA PRAROOP-20'!J380 -> 0 | AI379: =M379+P379+S379+V379+Y379+AB379+AE379+AH379 -> 513 | AJ379: =AI379-H379 -> 0
A380: 66 | B380: 374 | C380: TIMARPUR PRIMARY SCHOOL | D380: 724 | E380: 283 | F380: 274 | G380: 0 | H380: =SUM(E380:G380) -> 557 | I380: 37 | J380: 0 | M380: ='66 SYANA PRAROOP-20'!C381 -> 14 | P380: ='66 SYANA PRAROOP-20'!D381 -> 522 | S380: ='66 SYANA PRAROOP-20'!E381 -> 7 | V380: ='66 SYANA PRAROOP-20'!F381 -> 4 | Y380: ='66 SYANA PRAROOP-20'!G381 -> 0 | AB380: ='66 SYANA PRAROOP-20'!H381 -> 1 | AE380: ='66 SYANA PRAROOP-20'!I381 -> 0 | AH380: ='66 SYANA PRAROOP-20'!J381 -> 4 | AI380: =M380+P380+S380+V380+Y380+AB380+AE380+AH380 -> 552 | AJ380: =AI380-H380 -> -5
A381: 66 | B381: 375 | C381: JARIA ALAMPUR PRIMARY SCHOOL ROOM NO-1 | D381: 924 | E381: 363 | F381: 339 | G381: 0 | H381: =SUM(E381:G381) -> 702 | I381: 463 | J381: 0 | M381: ='66 SYANA PRAROOP-20'!C382 -> 2 | P381: ='66 SYANA PRAROOP-20'!D382 -> 682 | S381: ='66 SYANA PRAROOP-20'!E382 -> 5 | V381: ='66 SYANA PRAROOP-20'!F382 -> 2 | Y381: ='66 SYANA PRAROOP-20'!G382 -> 0 | AB381: ='66 SYANA PRAROOP-20'!H382 -> 0 | AE381: ='66 SYANA PRAROOP-20'!I382 -> 2 | AH381: ='66 SYANA PRAROOP-20'!J382 -> 5 | AI381: =M381+P381+S381+V381+Y381+AB381+AE381+AH381 -> 698 | AJ381: =AI381-H381 -> -4
A382: 66 | B382: 376 | C382: JARIA ALAMPUR PRIMARY SCHOOL ROOM NO-2 | D382: 939 | E382: 327 | F382: 349 | G382: 0 | H382: =SUM(E382:G382) -> 676 | I382: 64 | J382: 0 | M382: ='66 SYANA PRAROOP-20'!C383 -> 12 | P382: ='66 SYANA PRAROOP-20'!D383 -> 634 | S382: ='66 SYANA PRAROOP-20'!E383 -> 6 | V382: ='66 SYANA PRAROOP-20'!F383 -> 1 | Y382: ='66 SYANA PRAROOP-20'!G383 -> 1 | AB382: ='66 SYANA PRAROOP-20'!H383 -> 3 | AE382: ='66 SYANA PRAROOP-20'!I383 -> 7 | AH382: ='66 SYANA PRAROOP-20'!J383 -> 5 | AI382: =M382+P382+S382+V382+Y382+AB382+AE382+AH382 -> 669 | AJ382: =AI382-H382 -> -7
A383: 66 | B383: 377 | C383: AMARPUR PRIMARY SCHOOL ROOM NO-1 | D383: 759 | E383: 294 | F383: 266 | G383: 0 | H383: =SUM(E383:G383) -> 560 | I383: 394 | J383: 0 | M383: ='66 SYANA PRAROOP-20'!C384 -> 175 | P383: ='66 SYANA PRAROOP-20'!D384 -> 359 | S383: ='66 SYANA PRAROOP-20'!E384 -> 2 | V383: ='66 SYANA PRAROOP-20'!F384 -> 4 | Y383: ='66 SYANA PRAROOP-20'!G384 -> 2 | AB383: ='66 SYANA PRAROOP-20'!H384 -> 2 | AE383: ='66 SYANA PRAROOP-20'!I384 -> 4 | AH383: ='66 SYANA PRAROOP-20'!J384 -> 6 | AI383: =M383+P383+S383+V383+Y383+AB383+AE383+AH383 -> 554 | AJ383: =AI383-H383 -> -6
A384: 66 | B384: 378 | C384: AMARPUR PRIMARY SCHOOL ROOM NO-2 | D384: 819 | E384: 235 | F384: 221 | G384: 0 | H384: =SUM(E384:G384) -> 456 | I384: 77 | J384: 0 | M384: ='66 SYANA PRAROOP-20'!C385 -> 438 | P384: ='66 SYANA PRAROOP-20'!D385 -> 16 | S384: ='66 SYANA PRAROOP-20'!E385 -> 0 | V384: ='66 SYANA PRAROOP-20'!F385 -> 0 | Y384: ='66 SYANA PRAROOP-20'!G385 -> 0 | AB384: ='66 SYANA PRAROOP-20'!H385 -> 0 | AE384: ='66 SYANA PRAROOP-20'!I385 -> 1 | AH384: ='66 SYANA PRAROOP-20'!J385 -> 0 | AI384: =M384+P384+S384+V384+Y384+AB384+AE384+AH384 -> 455 | AJ384: =AI384-H384 -> -1
A385: 66 | B385: 379 | C385: AMARPUR PRIMARY SCHOOL ROOM NO-3 | D385: 771 | E385: 227 | F385: 168 | G385: 0 | H385: =SUM(E385:G385) -> 395 | I385: 61 | J385: 0 | M385: ='66 SYANA PRAROOP-20'!C386 -> 363 | P385: ='66 SYANA PRAROOP-20'!D386 -> 11 | S385: ='66 SYANA PRAROOP-20'!E386 -> 1 | V385: ='66 SYANA PRAROOP-20'!F386 -> 11 | Y385: ='66 SYANA PRAROOP-20'!G386 -> 6 | AB385: ='66 SYANA PRAROOP-20'!H386 -> 0 | AE385: ='66 SYANA PRAROOP-20'!I386 -> 1 | AH385: ='66 SYANA PRAROOP-20'!J386 -> 0 | AI385: =M385+P385+S385+V385+Y385+AB385+AE385+AH385 -> 393 | AJ385: =AI385-H385 -> -2
A386: 66 | B386: 380 | C386: AMARPUR KANYA JUNIOR HIGH SCHOOL ROOM NO-1 | D386: 1002 | E386: 326 | F386: 270 | G386: 0 | H386: =SUM(E386:G386) -> 596 | I386: 50 | J386: 0 | M386: ='66 SYANA PRAROOP-20'!C387 -> 437 | P386: ='66 SYANA PRAROOP-20'!D387 -> 48 | S386: ='66 SYANA PRAROOP-20'!E387 -> 3 | V386: ='66 SYANA PRAROOP-20'!F387 -> 98 | Y386: ='66 SYANA PRAROOP-20'!G387 -> 3 | AB386: ='66 SYANA PRAROOP-20'!H387 -> 3 | AE386: ='66 SYANA PRAROOP-20'!I387 -> 2 | AH386: ='66 SYANA PRAROOP-20'!J387 -> 0 | AI386: =M386+P386+S386+V386+Y386+AB386+AE386+AH386 -> 594 | AJ386: =AI386-H386 -> -2
A387: 66 | B387: 381 | C387: AMARPUR KANYA JUNIOR HIGH SCHOOL ROOM NO-2 | D387: 1013 | E387: 331 | F387: 319 | G387: 0 | H387: =SUM(E387:G387) -> 650 | I387: 431 | J387: 0 | M387: ='66 SYANA PRAROOP-20'!C388 -> 100 | P387: ='66 SYANA PRAROOP-20'!D388 -> 241 | S387: ='66 SYANA PRAROOP-20'!E388 -> 3 | V387: ='66 SYANA PRAROOP-20'!F388 -> 285 | Y387: ='66 SYANA PRAROOP-20'!G388 -> 9 | AB387: ='66 SYANA PRAROOP-20'!H388 -> 2 | AE387: ='66 SYANA PRAROOP-20'!I388 -> 3 | AH387: ='66 SYANA PRAROOP-20'!J388 -> 3 | AI387: =M387+P387+S387+V387+Y387+AB387+AE387+AH387 -> 646 | AJ387: =AI387-H387 -> -4
A388: 66 | B388: 382 | C388: BHADKAU PRIMARY SCHOOL ROOM NO-1 | D388: 1085 | E388: 355 | F388: 310 | G388: 0 | H388: =SUM(E388:G388) -> 665 | I388: 300 | J388: 0 | M388: ='66 SYANA PRAROOP-20'!C389 -> 74 | P388: ='66 SYANA PRAROOP-20'!D389 -> 524 | S388: ='66 SYANA PRAROOP-20'!E389 -> 7 | V388: ='66 SYANA PRAROOP-20'!F389 -> 44 | Y388: ='66 SYANA PRAROOP-20'!G389 -> 1 | AB388: ='66 SYANA PRAROOP-20'!H389 -> 1 | AE388: ='66 SYANA PRAROOP-20'!I389 -> 6 | AH388: ='66 SYANA PRAROOP-20'!J389 -> 5 | AI388: =M388+P388+S388+V388+Y388+AB388+AE388+AH388 -> 662 | AJ388: =AI388-H388 -> -3
... A408: 66 | B408: 402 | C408: FARIDA BANGAR PRIMARY SCHOOL ROOM NO-3 | D408: 816 | E408: 292 | F408: 271 | G408: 0 | H408: =SUM(E408:G408) -> 563 | I408: 398 | J408: 0 | M408: ='66 SYANA PRAROOP-20'!C409 -> 38 | P408: ='66 SYANA PRAROOP-20'!D409 -> 467 | S408: ='66 SYANA PRAROOP-20'!E409 -> 34 | V408: ='66 SYANA PRAROOP-20'!F409 -> 4 | Y408: ='66 SYANA PRAROOP-20'!G409 -> 2 | AB408: ='66 SYANA PRAROOP-20'!H409 -> 3 | AE408: ='66 SYANA PRAROOP-20'!I409 -> 4 | AH408: ='66 SYANA PRAROOP-20'!J409 -> 4 | AI408: =M408+P408+S408+V408+Y408+AB408+AE408+AH408 -> 556 | AJ408: =AI408-H408 -> -7
A409: 66 | B409: 403 | C409: MAVAI PRIMARY SCHOOL ROOM NO-1 | D409: 898 | E409: 227 | F409: 150 | H409: =SUM(E409:G409) -> 377 | I409: 328 | J409: 0 | M409: ='66 SYANA PRAROOP-20'!C410 -> 118 | P409: ='66 SYANA PRAROOP-20'!D410 -> 236 | S409: ='66 SYANA PRAROOP-20'!E410 -> 11 | V409: ='66 SYANA PRAROOP-20'!F410 -> 7 | Y409: ='66 SYANA PRAROOP-20'!G410 -> 0 | AB409: ='66 SYANA PRAROOP-20'!H410 -> 1 | AE409: ='66 SYANA PRAROOP-20'!I410 -> 2 | AH409: ='66 SYANA PRAROOP-20'!J410 -> 0 | AI409: =M409+P409+S409+V409+Y409+AB409+AE409+AH409 -> 375 | AJ409: =AI409-H409 -> -2
A410: 66 | B410: 404 | C410: MAVAI PRIMARY SCHOOL ROOM NO-2 | D410: 883 | E410: 253 | F410: 221 | G410: 0 | H410: =SUM(E410:G410) -> 474 | I410: 253 | J410: 0 | M410: ='66 SYANA PRAROOP-20'!C411 -> 102 | P410: ='66 SYANA PRAROOP-20'!D411 -> 291 | S410: ='66 SYANA PRAROOP-20'!E411 -> 4 | V410: ='66 SYANA PRAROOP-20'!F411 -> 64 | Y410: ='66 SYANA PRAROOP-20'!G411 -> 4 | AB410: ='66 SYANA PRAROOP-20'!H411 -> 3 | AE410: ='66 SYANA PRAROOP-20'!I411 -> 0 | AH410: ='66 SYANA PRAROOP-20'!J411 -> 4 | AI410: =M410+P410+S410+V410+Y410+AB410+AE410+AH410 -> 472 | AJ410: =AI410-H410 -> -2
A411: 66 | B411: 405 | C411: MAVAI PRIMARY SCHOOL ROOM NO-3 | D411: 923 | E411: 245 | F411: 184 | H411: =SUM(E411:G411) -> 429 | I411: 44 | J411: 0 | M411: ='66 SYANA PRAROOP-20'!C412 -> 105 | P411: ='66 SYANA PRAROOP-20'!D412 -> 273 | S411: ='66 SYANA PRAROOP-20'!E412 -> 17 | V411: ='66 SYANA PRAROOP-20'!F412 -> 21 | Y411: ='66 SYANA PRAROOP-20'!G412 -> 0 | AB411: ='66 SYANA PRAROOP-20'!H412 -> 3 | AE411: ='66 SYANA PRAROOP-20'!I412 -> 0 | AH411: ='66 SYANA PRAROOP-20'!J412 -> 5 | AI411: =M411+P411+S411+V411+Y411+AB411+AE411+AH411 -> 424 | AJ411: =AI411-H411 -> -5
A412: 66 | B412: 406 | C412: PURV MADHYAMIK VIDHYALYA DAULATPUR KALAN ROOM NO-1 | D412: 815 | E412: 265 | F412: 241 | G412: 0 | H412: =SUM(E412:G412) -> 506 | I412: 43 | J412: 0 | M412: ='66 SYANA PRAROOP-20'!C413 -> 172 | P412: ='66 SYANA PRAROOP-20'!D413 -> 227 | S412: ='66 SYANA PRAROOP-20'!E413 -> 6 | V412: ='66 SYANA PRAROOP-20'!F413 -> 88 | Y412: ='66 SYANA PRAROOP-20'!G413 -> 1 | AB412: ='66 SYANA PRAROOP-20'!H413 -> 6 | AE412: ='66 SYANA PRAROOP-20'!I413 -> 3 | AH412: ='66 SYANA PRAROOP-20'!J413 -> 0 | AI412: =M412+P412+S412+V412+Y412+AB412+AE412+AH412 -> 503 | AJ412: =AI412-H412 -> -3
A413: 66 | B413: 407 | C413: PURV MADHYAMIK VIDHYALYA DAULATPUR KALAN ROOM NO-2 | D413: 809 | E413: 263 | F413: 273 | H413: =SUM(E413:G413) -> 536 | I413: 62 | J413: 0 | M413: ='66 SYANA PRAROOP-20'!C414 -> 55 | P413: ='66 SYANA PRAROOP-20'!D414 -> 460 | S413: ='66 SYANA PRAROOP-20'!E414 -> 3 | V413: ='66 SYANA PRAROOP-20'!F414 -> 3 | Y413: ='66 SYANA PRAROOP-20'!G414 -> 0 | AB413: ='66 SYANA PRAROOP-20'!H414 -> 4 | AE413: ='66 SYANA PRAROOP-20'!I414 -> 3 | AH413: ='66 SYANA PRAROOP-20'!J414 -> 1 | AI413: =M413+P413+S413+V413+Y413+AB413+AE413+AH413 -> 529 | AJ413: =AI413-H413 -> -7
A414: 66 | B414: 408 | C414: PURV MADHYAMIK VIDHYALYA DAULATPUR KALAN ROOM NO-3 | D414: 693 | E414: 184 | F414: 159 | G414: 0 | H414: =SUM(E414:G414) -> 343 | I414: 57 | J414: 0 | M414: ='66 SYANA PRAROOP-20'!C415 -> 112 | P414: ='66 SYANA PRAROOP-20'!D415 -> 203 | S414: ='66 SYANA PRAROOP-20'!E415 -> 4 | V414: ='66 SYANA PRAROOP-20'!F415 -> 10 | Y414: ='66 SYANA PRAROOP-20'!G415 -> 1 | AB414: ='66 SYANA PRAROOP-20'!H415 -> 5 | AE414: ='66 SYANA PRAROOP-20'!I415 -> 3 | AH414: ='66 SYANA PRAROOP-20'!J415 -> 1 | AI414: =M414+P414+S414+V414+Y414+AB414+AE414+AH414 -> 339 | AJ414: =AI414-H414 -> -4
A415: 66 | B415: 409 | C415: DAULATPUR KALA PRIMARY SCHOOL NYA BHAVAN ROOM NO-1 | D415: 740 | E415: 266 | F415: 256 | G415: 0 | H415: =SUM(E415:G415) -> 522 | I415: 422 | J415: 0 | M415: ='66 SYANA PRAROOP-20'!C416 -> 47 | P415: ='66 SYANA PRAROOP-20'!D416 -> 451 | S415: ='66 SYANA PRAROOP-20'!E416 -> 5 | V415: ='66 SYANA PRAROOP-20'!F416 -> 3 | Y415: ='66 SYANA PRAROOP-20'!G416 -> 3 | AB415: ='66 SYANA PRAROOP-20'!H416 -> 5 | AE415: ='66 SYANA PRAROOP-20'!I416 -> 0 | AH415: ='66 SYANA PRAROOP-20'!J416 -> 1 | AI415: =M415+P415+S415+V415+Y415+AB415+AE415+AH415 -> 515 | AJ415: =AI415-H415 -> -7
A416: 66 | B416: 410 | C416: DAULATPUR KALA PRIMARY SCHOOL NYA BHAVAN ROOM NO -2 | D416: 996 | E416: 284 | F416: 274 | G416: 0 | H416: =SUM(E416:G416) -> 558 | I416: 69 | J416: 0 | M416: ='66 SYANA PRAROOP-20'!C417 -> 416 | P416: ='66 SYANA PRAROOP-20'!D417 -> 125 | S416: ='66 SYANA PRAROOP-20'!E417 -> 2 | V416: ='66 SYANA PRAROOP-20'!F417 -> 9 | Y416: ='66 SYANA PRAROOP-20'!G417 -> 0 | AB416: ='66 SYANA PRAROOP-20'!H417 -> 1 | AE416: ='66 SYANA PRAROOP-20'!I417 -> 1 | AH416: ='66 SYANA PRAROOP-20'!J417 -> 1 | AI416: =M416+P416+S416+V416+Y416+AB416+AE416+AH416 -> 555 | AJ416: =AI416-H416 -> -3
A417: 66 | B417: 411 | C417: DAULATPUR KALA PRIMARY SCHOOL NYA BHAVAN ROOM NO-3 | D417: 958 | E417: 268 | F417: 295 | G417: 0 | H417: =SUM(E417:G417) -> 563 | I417: 94 | J417: 0 | M417: ='66 SYANA PRAROOP-20'!C418 -> 425 | P417: ='66 SYANA PRAROOP-20'!D418 -> 59 | S417: ='66 SYANA PRAROOP-20'!E418 -> 8 | V417: ='66 SYANA PRAROOP-20'!F418 -> 58 | Y417: ='66 SYANA PRAROOP-20'!G418 -> 0 | AB417: ='66 SYANA PRAROOP-20'!H418 -> 2 | AE417: ='66 SYANA PRAROOP-20'!I418 -> 2 | AH417: ='66 SYANA PRAROOP-20'!J418 -> 3 | AI417: =M417+P417+S417+V417+Y417+AB417+AE417+AH417 -> 557 | AJ417: =AI417-H417 -> -6
A418: 66 | B418: 412 | C418: DAULATPUR KALA PRIMARY SCHOOL NYA BHAVAN ROOM NO-4 | D418: 1024 | E418: 285 | F418: 301 | G418: 0 | H418: =SUM(E418:G418) -> 586 | I418: 124 | J418: 0 | M418: ='66 SYANA PRAROOP-20'!C419 -> 438 | P418: ='66 SYANA PRAROOP-20'!D419 -> 76 | S418: ='66 SYANA PRAROOP-20'!E419 -> 2 | V418: ='66 SYANA PRAROOP-20'!F419 -> 61 | Y418: ='66 SYANA PRAROOP-20'!G419 -> 2 | AB418: ='66 SYANA PRAROOP-20'!H419 -> 2 | AE418: ='66 SYANA PRAROOP-20'!I419 -> 3 | AH418: ='66 SYANA PRAROOP-20'!J419 -> 1 | AI418: =M418+P418+S418+V418+Y418+AB418+AE418+AH418 -> 585 | AJ418: =AI418-H418 -> -1
A419: 66 | B419: 413 | C419: MOHAMMADPUR BARWALA PRIMARY SCHOOL ROOM NO-1 | D419: 741 | E419: 237 | F419: 248 | G419: 0 | H419: =SUM(E419:G419) -> 485 | I419: 21 | J419: 0 | M419: ='66 SYANA PRAROOP-20'!C420 -> 95 | P419: ='66 SYANA PRAROOP-20'!D420 -> 159 | S419: ='66 SYANA PRAROOP-20'!E420 -> 5 | V419: ='66 SYANA PRAROOP-20'!F420 -> 212 | Y419: ='66 SYANA PRAROOP-20'!G420 -> 4 | AB419: ='66 SYANA PRAROOP-20'!H420 -> 1 | AE419: ='66 SYANA PRAROOP-20'!I420 -> 4 | AH419: ='66 SYANA PRAROOP-20'!J420 -> 4 | AI419: =M419+P419+S419+V419+Y419+AB419+AE419+AH419 -> 484 | AJ419: =AI419-H419 -> -1
A420: 66 | B420: 414 | C420: MOHAMMADPUR BARWALA PRIMARY SCHOOL ROOM NO-2 | D420: 722 | E420: 257 | F420: 241 | G420: 0 | H420: =SUM(E420:G420) -> 498 | I420: 432 | J420: 0 | M420: ='66 SYANA PRAROOP-20'!C421 -> 116 | P420: ='66 SYANA PRAROOP-20'!D421 -> 372 | S420: ='66 SYANA PRAROOP-20'!E421 -> 2 | V420: ='66 SYANA PRAROOP-20'!F421 -> 4 | Y420: ='66 SYANA PRAROOP-20'!G421 -> 2 | AB420: ='66 SYANA PRAROOP-20'!H421 -> 1 | AE420: ='66 SYANA PRAROOP-20'!I421 -> 0 | AH420: ='66 SYANA PRAROOP-20'!J421 -> 1 | AI420: =M420+P420+S420+V420+Y420+AB420+AE420+AH420 -> 498 | AJ420: =AI420-H420 -> 0
A421: 66 | B421: 415 | C421: UNISPUR PRIMARY SCHOOL | D421: 1066 | E421: 396 | F421: 427 | G421: 0 | H421: =SUM(E421:G421) -> 823 | I421: 83 | J421: 0 | M421: ='66 SYANA PRAROOP-20'!C422 -> 75 | P421: ='66 SYANA PRAROOP-20'!D422 -> 624 | S421: ='66 SYANA PRAROOP-20'!E422 -> 1 | V421: ='66 SYANA PRAROOP-20'!F422 -> 113 | Y421: ='66 SYANA PRAROOP-20'!G422 -> 0 | AB421: ='66 SYANA PRAROOP-20'!H422 -> 0 | AE421: ='66 SYANA PRAROOP-20'!I422 -> 3 | AH421: ='66 SYANA PRAROOP-20'!J422 -> 4 | AI421: =M421+P421+S421+V421+Y421+AB421+AE421+AH421 -> 820 | AJ421: =AI421-H421 -> -3
A422: 66 | B422: 416 | C422: NARSENA GANESH SMARAK INTER COLLEGE ROOM NO. -1 | D422: 820 | E422: 218 | F422: 182 | G422: 0 | H422: =SUM(E422:G422) -> 400 | I422: 54 | J422: 0 | M422: ='66 SYANA PRAROOP-20'!C423 -> 18 | P422: ='66 SYANA PRAROOP-20'!D423 -> 267 | S422: ='66 SYANA PRAROOP-20'!E423 -> 5 | V422: ='66 SYANA PRAROOP-20'!F423 -> 98 | Y422: ='66 SYANA PRAROOP-20'!G423 -> 2 | AB422: ='66 SYANA PRAROOP-20'!H423 -> 3 | AE422: ='66 SYANA PRAROOP-20'!I423 -> 2 | AH422: ='66 SYANA PRAROOP-20'!J423 -> 2 | AI422: =M422+P422+S422+V422+Y422+AB422+AE422+AH422 -> 397 | AJ422: =AI422-H422 -> -3
A423: 66 | B423: 417 | C423: NARSENA GANESH SMARAK INTER COLLEGE ROOM NO. -2 | D423: 734 | E423: 221 | F423: 197 | G423: 0 | H423: =SUM(E423:G423) -> 418 | I423: 321 | J423: 0 | M423: ='66 SYANA PRAROOP-20'!C424 -> 11 | P423: ='66 SYANA PRAROOP-20'!D424 -> 137 | S423: ='66 SYANA PRAROOP-20'!E424 -> 5 | V423: ='66 SYANA PRAROOP-20'!F424 -> 254 | Y423: ='66 SYANA PRAROOP-20'!G424 -> 3 | AB423: ='66 SYANA PRAROOP-20'!H424 -> 4 | AE423: ='66 SYANA PRAROOP-20'!I424 -> 3 | AH423: ='66 SYANA PRAROOP-20'!J424 -> 0 | AI423: =M423+P423+S423+V423+Y423+AB423+AE423+AH423 -> 417 | AJ423: =AI423-H423 -> -1
A424: 66 | B424: 418 | C424: NARSENA GANESH SMARAK INTER COLLEGE ROOM NO. -3 | D424: 806 | E424: 221 | F424: 217 | G424: 0 | H424: =SUM(E424:G424) -> 438 | I424: 121 | J424: 0 | M424: ='66 SYANA PRAROOP-20'!C425 -> 32 | P424: ='66 SYANA PRAROOP-20'!D425 -> 378 | S424: ='66 SYANA PRAROOP-20'!E425 -> 6 | V424: ='66 SYANA PRAROOP-20'!F425 -> 13 | Y424: ='66 SYANA PRAROOP-20'!G425 -> 0 | AB424: ='66 SYANA PRAROOP-20'!H425 -> 1 | AE424: ='66 SYANA PRAROOP-20'!I425 -> 0 | AH424: ='66 SYANA PRAROOP-20'!J425 -> 3 | AI424: =M424+P424+S424+V424+Y424+AB424+AE424+AH424 -> 433 | AJ424: =AI424-H424 -> -5
A425: 66 | B425: 419 | C425: NARSENA GANESH SMARAK INTER COLLEGE ROOM NO. -4 | D425: 854 | E425: 246 | F425: 234 | G425: 0 | H425: =SUM(E425:G425) -> 480 | I425: 59 | J425: 0 | M425: ='66 SYANA PRAROOP-20'!C426 -> 24 | P425: ='66 SYANA PRAROOP-20'!D426 -> 426 | S425: ='66 SYANA PRAROOP-20'!E426 -> 8 | V425: ='66 SYANA PRAROOP-20'!F426 -> 12 | Y425: ='66 SYANA PRAROOP-20'!G426 -> 0 | AB425: ='66 SYANA PRAROOP-20'!H426 -> 2 | AE425: ='66 SYANA PRAROOP-20'!I426 -> 1 | AH425: ='66 SYANA PRAROOP-20'!J426 -> 3 | AI425: =M425+P425+S425+V425+Y425+AB425+AE425+AH425 -> 476 | AJ425: =AI425-H425 -> -4
... A435: 66 | B435: 429 | C435: SOJNA RANI PRIMARY SCHOOL | D435: 895 | E435: 224 | F435: 220 | G435: 0 | H435: =SUM(E435:G435) -> 444 | I435: 213 | J435: 0 | M435: ='66 SYANA PRAROOP-20'!C436 -> 132 | P435: ='66 SYANA PRAROOP-20'!D436 -> 253 | S435: ='66 SYANA PRAROOP-20'!E436 -> 7 | V435: ='66 SYANA PRAROOP-20'!F436 -> 40 | Y435: ='66 SYANA PRAROOP-20'!G436 -> 0 | AB435: ='66 SYANA PRAROOP-20'!H436 -> 2 | AE435: ='66 SYANA PRAROOP-20'!I436 -> 1 | AH435: ='66 SYANA PRAROOP-20'!J436 -> 2 | AI435: =M435+P435+S435+V435+Y435+AB435+AE435+AH435 -> 437 | AJ435: =AI435-H435 -> -7
A436: 66 | B436: 430 | C436: KHANDOI PRIMARY SCHOOL ROOM NO. -1 | D436: 953 | E436: 260 | F436: 210 | G436: 0 | H436: =SUM(E436:G436) -> 470 | I436: 52 | J436: 0 | M436: ='66 SYANA PRAROOP-20'!C437 -> 172 | P436: ='66 SYANA PRAROOP-20'!D437 -> 270 | S436: ='66 SYANA PRAROOP-20'!E437 -> 15 | V436: ='66 SYANA PRAROOP-20'!F437 -> 2 | Y436: ='66 SYANA PRAROOP-20'!G437 -> 1 | AB436: ='66 SYANA PRAROOP-20'!H437 -> 0 | AE436: ='66 SYANA PRAROOP-20'!I437 -> 2 | AH436: ='66 SYANA PRAROOP-20'!J437 -> 2 | AI436: =M436+P436+S436+V436+Y436+AB436+AE436+AH436 -> 464
A437: 66 | B437: 431 | C437: KHANDOI PRIMARY SCHOOL ROOM NO. -2 | D437: 942 | E437: 296 | F437: 287 | G437: 0 | H437: =SUM(E437:G437) -> 583 | I437: 559 | J437: 0 | M437: ='66 SYANA PRAROOP-20'!C438 -> 77 | P437: ='66 SYANA PRAROOP-20'!D438 -> 234 | S437: ='66 SYANA PRAROOP-20'!E438 -> 29 | V437: ='66 SYANA PRAROOP-20'!F438 -> 226 | Y437: ='66 SYANA PRAROOP-20'!G438 -> 8 | AB437: ='66 SYANA PRAROOP-20'!H438 -> 6 | AE437: ='66 SYANA PRAROOP-20'!I438 -> 0 | AH437: ='66 SYANA PRAROOP-20'!J438 -> 2 | AI437: =M437+P437+S437+V437+Y437+AB437+AE437+AH437 -> 582
A438: 66 | B438: 432 | C438: SAFINAGAR PRIMARY SCHOOL ROOM NO-1 | D438: 787 | E438: 219 | F438: 187 | G438: 0 | H438: =SUM(E438:G438) -> 406 | I438: 319 | J438: 0 | M438: ='66 SYANA PRAROOP-20'!C439 -> 79 | P438: ='66 SYANA PRAROOP-20'!D439 -> 302 | S438: ='66 SYANA PRAROOP-20'!E439 -> 6 | V438: ='66 SYANA PRAROOP-20'!F439 -> 12 | Y438: ='66 SYANA PRAROOP-20'!G439 -> 0 | AB438: ='66 SYANA PRAROOP-20'!H439 -> 3 | AE438: ='66 SYANA PRAROOP-20'!I439 -> 0 | AH438: ='66 SYANA PRAROOP-20'!J439 -> 1 | AI438: =M438+P438+S438+V438+Y438+AB438+AE438+AH438 -> 403
A439: 66 | B439: 433 | C439: SAFINAGAR PRIMARY SCHOOL ROOM NO-2 | D439: 698 | E439: 247 | F439: 238 | G439: 0 | H439: =SUM(E439:G439) -> 485 | I439: 62 | J439: 0 | M439: ='66 SYANA PRAROOP-20'!C440 -> 44 | P439: ='66 SYANA PRAROOP-20'!D440 -> 386 | S439: ='66 SYANA PRAROOP-20'!E440 -> 1 | V439: ='66 SYANA PRAROOP-20'!F440 -> 46 | Y439: ='66 SYANA PRAROOP-20'!G440 -> 2 | AB439: ='66 SYANA PRAROOP-20'!H440 -> 1 | AE439: ='66 SYANA PRAROOP-20'!I440 -> 2 | AH439: ='66 SYANA PRAROOP-20'!J440 -> 2 | AI439: =M439+P439+S439+V439+Y439+AB439+AE439+AH439 -> 484
A440: 66 | B440: 434 | C440: CHANSI PRIMARY SCHOOL ROOM NO. -1 | D440: 795 | E440: 198 | F440: 139 | G440: 0 | H440: =SUM(E440:G440) -> 337 | I440: 13 | J440: 0 | M440: ='66 SYANA PRAROOP-20'!C441 -> 74 | P440: ='66 SYANA PRAROOP-20'!D441 -> 148 | S440: ='66 SYANA PRAROOP-20'!E441 -> 4 | V440: ='66 SYANA PRAROOP-20'!F441 -> 102 | Y440: ='66 SYANA PRAROOP-20'!G441 -> 1 | AB440: ='66 SYANA PRAROOP-20'!H441 -> 0 | AE440: ='66 SYANA PRAROOP-20'!I441 -> 3 | AH440: ='66 SYANA PRAROOP-20'!J441 -> 1 | AI440: =M440+P440+S440+V440+Y440+AB440+AE440+AH440 -> 333
A441: 66 | B441: 435 | C441: CHANSI PRIMARY SCHOOL ROOM NO. -2 | D441: 1050 | E441: 338 | F441: 297 | G441: 0 | H441: =SUM(E441:G441) -> 635 | I441: 107 | J441: 0 | M441: ='66 SYANA PRAROOP-20'!C442 -> 67 | P441: ='66 SYANA PRAROOP-20'!D442 -> 270 | S441: ='66 SYANA PRAROOP-20'!E442 -> 12 | V441: ='66 SYANA PRAROOP-20'!F442 -> 279 | Y441: ='66 SYANA PRAROOP-20'!G442 -> 2 | AB441: ='66 SYANA PRAROOP-20'!H442 -> 2 | AE441: ='66 SYANA PRAROOP-20'!I442 -> 2 | AH441: ='66 SYANA PRAROOP-20'!J442 -> 0 | AI441: =M441+P441+S441+V441+Y441+AB441+AE441+AH441 -> 634
A442: 66 | B442: 436 | C442: AURANGABAD TAHARPUR PRIMARY SCHOOL ROOM NO. -1 | D442: 944 | E442: 332 | F442: 312 | G442: 0 | H442: =SUM(E442:G442) -> 644 | I442: 52 | J442: 0 | M442: ='66 SYANA PRAROOP-20'!C443 -> 71 | P442: ='66 SYANA PRAROOP-20'!D443 -> 548 | S442: ='66 SYANA PRAROOP-20'!E443 -> 13 | V442: ='66 SYANA PRAROOP-20'!F443 -> 5 | Y442: ='66 SYANA PRAROOP-20'!G443 -> 0 | AB442: ='66 SYANA PRAROOP-20'!H443 -> 3 | AE442: ='66 SYANA PRAROOP-20'!I443 -> 0 | AH442: ='66 SYANA PRAROOP-20'!J443 -> 3 | AI442: =M442+P442+S442+V442+Y442+AB442+AE442+AH442 -> 643
A443: 66 | B443: 437 | C443: AURANGABAD TAHARPUR PRIMARY SCHOOL ROOM NO. -2 | D443: 950 | E443: 339 | F443: 297 | G443: 0 | H443: =SUM(E443:G443) -> 636 | I443: 36 | J443: 0 | M443: ='66 SYANA PRAROOP-20'!C444 -> 28 | P443: ='66 SYANA PRAROOP-20'!D444 -> 478 | S443: ='66 SYANA PRAROOP-20'!E444 -> 5 | V443: ='66 SYANA PRAROOP-20'!F444 -> 112 | Y443: ='66 SYANA PRAROOP-20'!G444 -> 4 | AB443: ='66 SYANA PRAROOP-20'!H444 -> 4 | AE443: ='66 SYANA PRAROOP-20'!I444 -> 3 | AH443: ='66 SYANA PRAROOP-20'!J444 -> 0 | AI443: =M443+P443+S443+V443+Y443+AB443+AE443+AH443 -> 634
A444: 66 | B444: 438 | C444: PRIMARY SCHOOL MADHAIYA FATEHPUR ROOM NO. -1 | D444: 414 | E444: 133 | F444: 98 | G444: 0 | H444: =SUM(E444:G444) -> 231 | I444: 10 | J444: 0 | M444: ='66 SYANA PRAROOP-20'!C445 -> 103 | P444: ='66 SYANA PRAROOP-20'!D445 -> 120 | S444: ='66 SYANA PRAROOP-20'!E445 -> 1 | V444: ='66 SYANA PRAROOP-20'!F445 -> 3 | Y444: ='66 SYANA PRAROOP-20'!G445 -> 0 | AB444: ='66 SYANA PRAROOP-20'!H445 -> 2 | AE444: ='66 SYANA PRAROOP-20'!I445 -> 0 | AH444: ='66 SYANA PRAROOP-20'!J445 -> 2 | AI444: =M444+P444+S444+V444+Y444+AB444+AE444+AH444 -> 231
A445: Total | D445: =SUM(D7:D444) -> 385012 | E445: =SUM(E7:E444) -> 131652 | F445: =SUM(F7:F444) -> 120309 | G445: =SUM(G7:G444) -> 0 | H445: =SUM(H7:H444) -> 251961 | I445: =SUM(I7:I444) -> 62963 | J445: =SUM(J7:J444) -> 0 | M445: =SUM(M7:M444) -> 59207 | P445: =SUM(P7:P444) -> 148342 | S445: =SUM(S7:S444) -> 2888 | V445: =SUM(V7:V444) -> 36043 | Y445: =SUM(Y7:Y444) -> 728 | AB445: =SUM(AB7:AB444) -> 1235 | AE445: =SUM(AE7:AE444) -> 1109 | AH445: =SUM(AH7:AH444) -> 1009 | AI445: =SUM(AI7:AI444) -> 250561 | AJ445: =AI445-H445 -> -1400

Sheet Annexure-A
A1: Annexure-a
A2: CASE 1, FIRST PRIORITY : Details of such cases where the result could not obtained from the CU and the VVPAT slip count was done
A3: Sl.No | B3: Name of State | C3: No. and name of Assembly/ Parliamentary Constituency | D3: Polling Station Number and Name | E3: Unique ID of CU | F3: Unique ID of VVPAT(counted) | G3: Whether total votes in CU in Po Diary Matched with total Number of VVPAT paper Slips (Yes/No) | H3: If No, Details thereof
A4: 1 | B4: 2 | C4: 3 | D4: 4 | E4: 5 | F4: 6 | G4: 7 | H4: 8
A5: 1 | B5: Uttar Pradesh | C5: 66-Siyana | D5: NONE | E5: NA | F5: NA | G5: NA | H5: NA
A8: Place- Mandi Samiti Parisar Anoopshahr Road Bulandshahr | G8: Returning Officer
A9: Date: 10-March-2022 | G9: 66-Syana

Sheet Annexure-B
A1: Annexure-b
A2: Details of VVPAT Slip Count Under the Provision D of the Conduct of Elections Rules, 1961
A3: Sl.No | B3: Name of State | C3: Parliamentary/ Assembly Constituency | E3: Request Received under Rule 56D of the Conduct of Elections Rules 1961 | F3: Whether Accepted/ Rejected by the RO | G3: If Yes Polling Station | I3: Unique ID of VVPAT | J3: Discrepancy if any Yes/No | K3: If Yes, details thereof
C4: No. | D4: Name | G4: No. | H4: Name
A5: 1 | B5: 2 | C5: 3 | D5: 4 | E5: 5 | F5: 6 | G5: 7 | H5: 8 | I5: 9 | J5: 10 | K5: 11
A6: 1 | B6: Uttar Pradesh | C6: 14/66 | D6: Bulandshahr(SC)/Syana | E6: None | F6: NA | G6: None | H6: None | I6: NA | J6: NA | K6: NA
A8: Place- Mandi Samiti Parisar Anoopshahr Road Bulandshahr | I8: Returning Officer
A9: Date: 10-March-2022 | I9: 66-Syana

Sheet Annexure- C
A1: Annexure-c
A2: Details of such cases where the Mock Poll data not erased from the CU and therefore, the VVPAT slip count was done
A3: Sl.No | B3: Name of State | C3: No. and name of Assembly/ Parliamentary Constituency | D3: Polling Station Number and Name | E3: Unique ID of CU | F3: Unique ID of VVPAT(counted) | G3: Whether total votes in CU in Po Diary Matched with total Number of VVPAT paper Slips (Yes/No) | H3: If No, Details thereof
A4: 1 | B4: 2 | C4: 3 | D4: 4 | E4: 5 | F4: 6 | G4: 7 | H4: 8
A5: 1 | B5: Uttar Pradesh | C5: 66-Syana/14-Bulandshahr(SC) | D5: None | E5: NA | F5: NA | G5: NA | H5: NA
A8: Place- Mandi Samiti Parisar Anoopshahr Road Bulandshahr | G8: Returning Officer
A9: Date: 10-March-2022 | G9: 66-Syana

Sheet Annexure- D
A1: Annexure-d
A2: Mandatory Verification of Paper Slips of VVPAT of 05 (five) randomly selected Polling Station
A3: (Separate for each polling station - To be sent only to the CEO concerned)
A4: Name of State- | D4: Uttar Pradesh
A5: No. and Name of Assembly/Parliamentary Constituency- | D5: 14-Bulandshahr (SC)
A6: No. and Name of Assembly Segment (in case of PC)- | D6: 66 Syana
A7: Sl.No. and Name of Polling Station- | D7: 436-AURANGABAD TAHARPUR PRIMARY SCHOOL ROOM NO. -1
A8: Unique ID of Control Unit- | D8: ECUEC67664
A9: Unique ID of VVPAT- | D9: EVTEB96673
A11: It is certify that mandatory verification of paper slips of VVPAT of randomly selected polling station mentioned above has been conducted as per the instructions of the commission.
A12: Name of Candidate | C12: No. Of Votes Cast | E12: Discrepancy if any
C13: AS per EVM | D13: AS per Paper Slips
A14: 1 | C14: 2 | D14: 3 | E14: 4
A15: Dilnawaz Khan | C15: 71 | D15: =C15 -> 71 | E15: -
A16: Devendra Singh Lodhi | C16: 548 | D16: =C16 -> 548 | E16: -
A17: Km. Poonam | C17: 13 | D17: =C17 -> 13 | E17: -
A18: Sunil Kumar | C18: 5 | D18: =C18 -> 5 | E18: -
A19: Satvir Singh | C19: 0 | D19: =C19 -> 0 | E19: -
A20: Gyanesh Kumar Chauhan | C20: 3 | D20: =C20 -> 3 | E20: -
A21: Dinesh | C21: 0 | D21: =C21 -> 0 | E21: -
A22: Sangeeta | C22: 3 | D22: =C22 -> 3 | E22: -
A23: NOTA | C23: 1 | D23: =C23 -> 1 | E23: -
A24: TOTAL VOTES | C24: =SUM(C15:C23) -> 644 | D24: =SUM(D15:D23) -> 644 | E24: -
A26: ( Present during the mandatory verification of VVPAT slips count )
A27: Sl.No | B27: Name of Candidate/ Counting Agent | C27: Mention Candidate/ Counting Agent | D27: Name of Party | E27: Signature
A28: 1 | B28: 2 | C28: 3 | D28: 4 | E28: 5
A29: 1 | D29: Rashtriya Lokdal
A30: 2 | D30: Bharatiya Janata Party
A31: 3 | D31: Indian National Congress
A32: 4 | D32: Bahujan Samaj Party
A33: 5 | D33: Aam Aadmi Party
A34: 6 | D34: Hindustan Uttan Party
A35: 7 | D35: Independent
A36: 8 | D36: Independent
A40: Place- Mandi Samiti Parisar Anoopshahr Road Bulandshahr | D40: Signature of Assistant Returning Officer
A41: Date: 10-March-2022
D43: Signature of Returning Officer
C45: Signature of ECI observer

Sheet Annexure- E
A1: Annexure-e
A2: Annex-e : Part-00 of from 17-C
A3: RESULT OF PRINTED PAPER COUNT Station
A4: Total Number of VVPAT used-1
A5: No. and Name of Polling Station-
A6: Unique ID of VVPAT-
A7: Sl.No of Candidate | B7: Name of Candidate | C7: Number of votes as per count of Printed Paper Slip of VVPAT | D7: Number of test votes to be deducted as per item 5 of Part I | E7: Number of valid votes (3-4)
A8: 1 | B8: 2 | C8: 3 | D8: 4 | E8: 5
A9: 1 | B9: Dilnawaz Khan | D9: -
A10: 2 | B10: Devendra Singh Lodhi | D10: -
A11: 3 | B11: Km. Poonam | D11: -
A12: 4 | B12: Sunil Kumar | D12: -
A13: 5 | B13: Satvir Singh | D13: -
A14: 6 | B14: Gyanesh Kumar Chauhan | D14: -
A15: 7 | B15: Dinesh | D15: -
A16: 8 | B16: Sangeeta | D16: -
A17: 9 | B17: NOTA | D17: -
A18: TOTAL | C18: =SUM(C9:C17) -> 0 | D18: - | E18: =SUM(E9:E17) -> 0
A19: Whether the total number of votes shown above tallies with the total number of votes shown against item 6 of Part 1 or any discrepancy noticed between the two totals. (YES/NO)
A22: Place- Mandi Samiti Parisar Anoopshahr Road Bulandshahr | D22: Signature of Counting Supervisor
A23: Date: 10-March-2022
A25: Sl.No | B25: Name of Candidate/ Election Agent /Counting Agent | D25: Full Signature
A26: 1 | B26: 2 | D26: 3
A27: 1
A28: 2
A29: 3
A30: 4
A31: 5
A32: 6
A33: 7
A34: 8
A35: 9
A38: Place- Mandi Samiti Parisar Anoopshahr Road Bulandshahr | D38: Returning Officer
A39: Date: 10-March-2022 | D39: 66-Syana
