Workbook

Sheet 08 Kaiaran 
A1: UTTAR PRADESH VIDHAN SABHA GENERAL ELECTION 2022
A2: No. & Name of Assembly Constituency- 08 Kairana
A3: District- Shamli
A4: AC No. | B4: Polling Station | D4: Total No.of Electors | E4: Voters Turnout | I4: No.of voters Identified using EPIC | J4: No. of Ten-dered Voters | AX4: NOTA | BA4: Total Votes Se-cured
B5: No. | C5: Name | E5: Male | F5: Female | G5: Other | H5: Total | K5: S.No. | L5: Party Affiliation | M5: Votes Secured | N5: S.No. | O5: Party Affiliation | P5: Votes Secured | Q5: S.No. | R5: Party Affiliation | S5: Votes Secured | T5: S.No. | U5: Party Affiliation | V5: Votes Secured | W5: S.No. | X5: Party Affiliation | Y5: Votes Secured | Z5: S.No. | AA5: Party Affiliation | AB5: Votes Secured | AC5: S.No. | AD5: Party Affiliation | AE5: Votes Secured | AF5: S.No. | AG5: Party Affiliation | AH5: Votes Secured | AI5: S.No. | AJ5: Party Affiliation | AK5: Votes Secured | AL5: S.No. | AM5: Party Affiliation | AN5: Votes Secured | AO5: S.No. | AP5: Party Affiliation | AQ5: Votes Secured | AR5: S.No. | AS5: Party Affiliation | AT5: Votes Secured | AU5: S.No. | AV5: Party Affiliation | AW5: Votes Secured | AX5: S.No. | AY5: Party Affiliation | AZ5: Votes Secured
A6: 1 | B6: 2 | C6: 3 | D6: 4 | E6: 5 | F6: 6 | G6: 7 | H6: 8 | I6: 9 | J6: 10 | K6: 11 | L6: 12 | M6: 13 | N6: 14 | O6: 15 | P6: 16 | Q6: 17 | R6: 18 | S6: 19 | T6: 20 | U6: 21 | V6: 22 | W6: 23 | X6: 24 | Y6: 25 | Z6: 26 | AA6: 27 | AB6: 28 | AC6: 29 | AD6: 30 | AE6: 31 | AF6: 32 | AG6: 33 | AH6: 34 | AI6: 35 | AJ6: 36 | AK6: 37 | AL6: 38 | AM6: 39 | AN6: 40 | AO6: 41 | AP6: 42 | AQ6: 43 | AR6: 44 | AS6: 45 | AT6: 46 | AU6: 47 | AV6: 48 | AW6: 49 | AX6: 50 | AY6: 51 | AZ6: 52 | BA6: 53

Sheet 09 Thanabhwan 
A1: UTTAR PRADESH VIDHAN SABHA GENERAL ELECTION-2022
A2: No. & Name of Assembly Constituency- 09-Thanabhawan
A4: AC No. | B4: Polling Station | D4: Total No.of Electors | E4: Voters Turnout | I4: No.of voters Identified using EPIC | J4: No. of Ten-dered Voters | K4: Ashraf Ali Khan | N4: Zaheer Malik | Q4: Satya Sanyam Bhuryan | T4: Suresh Kumar | W4: Arvind Deshwal | Z4: Ikram | AC4: Rakesh Kumar | AF4: Saddam | AI4: Rama Adil | AL4: Sherpal Urf Sudhir Urf Sher Singh | AO4: Nota | AR4: Total Votes Se-cured
B5: No. | C5: Name | E5: Male | F5: Female | G5: Other | H5: Total | K5: S.No. | L5: Party Affiliation | M5: Votes Secured | N5: S.No. | O5: Party Affiliation | P5: Votes Secured | Q5: S.No. | R5: Party Affiliation | S5: Votes Secured | T5: S.No. | U5: Party Affiliation | V5: Votes Secured | W5: S.No. | X5: Party Affiliation | Y5: Votes Secured | Z5: S.No. | AA5: Party Affiliation | AB5: Votes Secured | AC5: S.No. | AD5: Party Affiliation | AE5: Votes Secured | AF5: S.No. | AG5: Party Affiliation | AH5: Votes Secured | AI5: S.No. | AJ5: Party Affiliation | AK5: Votes Secured | AL5: S.No. | AM5: Party Affiliation | AN5: Votes Secured | AO5: S.No. | AP5: Party Affiliation | AQ5: Votes Secured
A6: 1 | B6: 2 | C6: 3 | D6: 4 | E6: 5 | F6: 6 | G6: 7 | H6: 8 | I6: 9 | J6: 10 | K6: 11 | L6: 12 | M6: 13 | N6: 14 | O6: 15 | P6: 16 | Q6: 17 | R6: 18 | S6: 19 | T6: 20 | U6: 21 | V6: 22 | W6: 23 | X6: 24 | Y6: 25 | Z6: 26 | AA6: 27 | AB6: 28 | AC6: 29 | AD6: 30 | AE6: 31 | AF6: 32 | AG6: 33 | AH6: 34 | AI6: 35 | AJ6: 36 | AK6: 37 | AL6: 38 | AM6: 39 | AN6: 40 | AO6: 41 | AP6: 42 | AQ6: 43 | AR6: 44
A7: 9 | B7: 1 | C7: PRAIMARI PATHSHALA ROOM NO. 1 MUNDET | D7: 868 | E7: 344 | F7: 241 | G7: 0 | H7: =G7+F7+E7 -> 585 | I7: 81 | J7: 0 | K7: 1 | L7: Rashtriya Lok Dal | M7: =Sheet1!B8 -> 306 | N7: 2 | O7: Bahujan Samaj Party | P7: =Sheet1!C8 -> 2 | Q7: 3 | R7: Indian National Congress | S7: =Sheet1!D8 -> 3 | T7: 4 | U7: Bharatiya Janata Party | V7: =Sheet1!E8 -> 270 | W7: 5 | X7: Aam Aadmi Party | Y7: =Sheet1!F8 -> 0 | Z7: 6 | AA7: All India Majlis-E-Ittehadul Muslimeen | AB7: =Sheet1!G8 -> 1 | AC7: 7 | AD7: Aazad Samaj Party (Kanshi Ram) | AE7: =Sheet1!H8 -> 0 | AF7: 8 | AG7: Socal Democratic Party Of India | AH7: =Sheet1!I8 -> 0 | AI7: 9 | AJ7: Independent | AK7: =Sheet1!J8 -> 0 | AL7: 10 | AM7: Independent | AN7: =Sheet1!K8 -> 0 | AO7: 11 | AP7: Nota | AQ7: =Sheet1!N8 -> 3 | AR7: =AQ7+AN7+AK7+AH7+AE7+AB7+Y7+V7+S7+P7+M7 -> 585
A8: 9 | B8: 2 | C8: PRAIMARI PATHSHALA ROOM NO 2 MUNDET | D8: 834 | E8: 326 | F8: 275 | G8: 0 | H8: =G8+F8+E8 -> 601 | I8: 0 | J8: 0 | K8: 1 | L8: Rashtriya Lok Dal | M8: =Sheet1!B9 -> 492 | N8: 2 | O8: Bahujan Samaj Party | P8: =Sheet1!C9 -> 3 | Q8: 3 | R8: Indian National Congress | S8: =Sheet1!D9 -> 1 | T8: 4 | U8: Bharatiya Janata Party | V8: =Sheet1!E9 -> 101 | W8: 5 | X8: Aam Aadmi Party | Y8: =Sheet1!F9 -> 1 | Z8: 6 | AA8: All India Majlis-E-Ittehadul Muslimeen | AB8: =Sheet1!G9 -> 1 | AC8: 7 | AD8: Aazad Samaj Party (Kanshi Ram) | AE8: =Sheet1!H9 -> 0 | AF8: 8 | AG8: Socal Democratic Party Of India | AH8: =Sheet1!I9 -> 0 | AI8: 9 | AJ8: Independent | AK8: =Sheet1!J9 -> 1 | AL8: 10 | AM8: Independent | AN8: =Sheet1!K9 -> 0 | AO8: 11 | AP8: Nota | AQ8: =Sheet1!N9 -> 1 | AR8: =AQ8+AN8+AK8+AH8+AE8+AB8+Y8+V8+S8+P8+M8 -> 601
A9: 9 | B9: 3 | C9: PRAIMARI PATHSHALA ROOM NO 3 MUNDET | D9: 874 | E9: 321 | F9: 272 | G9: 0 | H9: =G9+F9+E9 -> 593 | I9: 249 | J9: 0 | K9: 1 | L9: Rashtriya Lok Dal | M9: =Sheet1!B10 -> 246 | N9: 2 | O9: Bahujan Samaj Party | P9: =Sheet1!C10 -> 25 | Q9: 3 | R9: Indian National Congress | S9: =Sheet1!D10 -> 0 | T9: 4 | U9: Bharatiya Janata Party | V9: =Sheet1!E10 -> 282 | W9: 5 | X9: Aam Aadmi Party | Y9: =Sheet1!F10 -> 2 | Z9: 6 | AA9: All India Majlis-E-Ittehadul Muslimeen | AB9: =Sheet1!G10 -> 3 | AC9: 7 | AD9: Aazad Samaj Party (Kanshi Ram) | AE9: =Sheet1!H10 -> 28 | AF9: 8 | AG9: Socal Democratic Party Of India | AH9: =Sheet1!I10 -> 1 | AI9: 9 | AJ9: Independent | AK9: =Sheet1!J10 -> 0 | AL9: 10 | AM9: Independent | AN9: =Sheet1!K10 -> 1 | AO9: 11 | AP9: Nota | AQ9: =Sheet1!N10 -> 5 | AR9: =AQ9+AN9+AK9+AH9+AE9+AB9+Y9+V9+S9+P9+M9 -> 593
A10: 9 | B10: 4 | C10: PRAIMARI PATHSHALA ROOM NO. 1 AKAPUR URF FUNSGARH | D10: 663 | E10: 231 | F10: 219 | G10: 0 | H10: =G10+F10+E10 -> 450 | I10: 30 | J10: 0 | K10: 1 | L10: Rashtriya Lok Dal | M10: =Sheet1!B11 -> 84 | N10: 2 | O10: Bahujan Samaj Party | P10: =Sheet1!C11 -> 49 | Q10: 3 | R10: Indian National Congress | S10: =Sheet1!D11 -> 1 | T10: 4 | U10: Bharatiya Janata Party | V10: =Sheet1!E11 -> 293 | W10: 5 | X10: Aam Aadmi Party | Y10: =Sheet1!F11 -> 4 | Z10: 6 | AA10: All India Majlis-E-Ittehadul Muslimeen | AB10: =Sheet1!G11 -> 1 | AC10: 7 | AD10: Aazad Samaj Party (Kanshi Ram) | AE10: =Sheet1!H11 -> 9 | AF10: 8 | AG10: Socal Democratic Party Of India | AH10: =Sheet1!I11 -> 3 | AI10: 9 | AJ10: Independent | AK10: =Sheet1!J11 -> 1 | AL10: 10 | AM10: Independent | AN10: =Sheet1!K11 -> 1 | AO10: 11 | AP10: Nota | AQ10: =Sheet1!N11 -> 4 | AR10: =AQ10+AN10+AK10+AH10+AE10+AB10+Y10+V10+S10+P10+M10 -> 450
A11: 9 | B11: 5 | C11: PRAIMARI PATHSHALA ROOM NO. 2 AKAPUR URF FUNSGARH | D11: 654 | E11: 260 | F11: 215 | G11: 0 | H11: =G11+F11+E11 -> 475 | I11: 37 | J11: 0 | K11: 1 | L11: Rashtriya Lok Dal | M11: =Sheet1!B12 -> 57 | N11: 2 | O11: Bahujan Samaj Party | P11: =Sheet1!C12 -> 17 | Q11: 3 | R11: Indian National Congress | S11: =Sheet1!D12 -> 1 | T11: 4 | U11: Bharatiya Janata Party | V11: =Sheet1!E12 -> 395 | W11: 5 | X11: Aam Aadmi Party | Y11: =Sheet1!F12 -> 0 | Z11: 6 | AA11: All India Majlis-E-Ittehadul Muslimeen | AB11: =Sheet1!G12 -> 0 | AC11: 7 | AD11: Aazad Samaj Party (Kanshi Ram) | AE11: =Sheet1!H12 -> 1 | AF11: 8 | AG11: Socal Democratic Party Of India | AH11: =Sheet1!I12 -> 0 | AI11: 9 | AJ11: Independent | AK11: =Sheet1!J12 -> 0 | AL11: 10 | AM11: Independent | AN11: =Sheet1!K12 -> 4 | AO11: 11 | AP11: Nota | AQ11: =Sheet1!N12 -> 0 | AR11: =AQ11+AN11+AK11+AH11+AE11+AB11+Y11+V11+S11+P11+M11 -> 475
A12: 9 | B12: 6 | C12: JUNIYAR HIGH SCHOOL ROOM NO. 1 HATTHCHOYA | D12: 957 | E12: 325 | F12: 250 | G12: 0 | H12: =G12+F12+E12 -> 575 | I12: 63 | J12: 0 | K12: 1 | L12: Rashtriya Lok Dal | M12: =Sheet1!B13 -> 109 | N12: 2 | O12: Bahujan Samaj Party | P12: =Sheet1!C13 -> 190 | Q12: 3 | R12: Indian National Congress | S12: =Sheet1!D13 -> 9 | T12: 4 | U12: Bharatiya Janata Party | V12: =Sheet1!E13 -> 234 | W12: 5 | X12: Aam Aadmi Party | Y12: =Sheet1!F13 -> 1 | Z12: 6 | AA12: All India Majlis-E-Ittehadul Muslimeen | AB12: =Sheet1!G13 -> 1 | AC12: 7 | AD12: Aazad Samaj Party (Kanshi Ram) | AE12: =Sheet1!H13 -> 21 | AF12: 8 | AG12: Socal Democratic Party Of India | AH12: =Sheet1!I13 -> 0 | AI12: 9 | AJ12: Independent | AK12: =Sheet1!J13 -> 1 | AL12: 10 | AM12: Independent | AN12: =Sheet1!K13 -> 9 | AO12: 11 | AP12: Nota | AQ12: =Sheet1!N13 -> 0 | AR12: =AQ12+AN12+AK12+AH12+AE12+AB12+Y12+V12+S12+P12+M12 -> 575
A13: 9 | B13: 7 | C13: JUNIYAR HIGH SCHOOL ROOM NO. 2 HATTHCHOYA | D13: 933 | E13: 386 | F13: 235 | G13: 0 | H13: =G13+F13+E13 -> 621 | I13: 45 | J13: 0 | K13: 1 | L13: Rashtriya Lok Dal | M13: =Sheet1!B14 -> 254 | N13: 2 | O13: Bahujan Samaj Party | P13: =Sheet1!C14 -> 4 | Q13: 3 | R13: Indian National Congress | S13: =Sheet1!D14 -> 11 | T13: 4 | U13: Bharatiya Janata Party | V13: =Sheet1!E14 -> 345 | W13: 5 | X13: Aam Aadmi Party | Y13: =Sheet1!F14 -> 0 | Z13: 6 | AA13: All India Majlis-E-Ittehadul Muslimeen | AB13: =Sheet1!G14 -> 0 | AC13: 7 | AD13: Aazad Samaj Party (Kanshi Ram) | AE13: =Sheet1!H14 -> 1 | AF13: 8 | AG13: Socal Democratic Party Of India | AH13: =Sheet1!I14 -> 2 | AI13: 9 | AJ13: Independent | AK13: =Sheet1!J14 -> 1 | AL13: 10 | AM13: Independent | AN13: =Sheet1!K14 -> 2 | AO13: 11 | AP13: Nota | AQ13: =Sheet1!N14 -> 1 | AR13: =AQ13+AN13+AK13+AH13+AE13+AB13+Y13+V13+S13+P13+M13 -> 621
A14: 9 | B14: 8 | C14: JUNIYAR HIGH SCHOOL ROOM N0.1 HATTHCHOYA | D14: 1022 | E14: 391 | F14: 301 | G14: 0 | H14: =G14+F14+E14 -> 692 | I14: 91 | J14: 0 | K14: 1 | L14: Rashtriya Lok Dal | M14: =Sheet1!B15 -> 498 | N14: 2 | O14: Bahujan Samaj Party | P14: =Sheet1!C15 -> 3 | Q14: 3 | R14: Indian National Congress | S14: =Sheet1!D15 -> 0 | T14: 4 | U14: Bharatiya Janata Party | V14: =Sheet1!E15 -> 176 | W14: 5 | X14: Aam Aadmi Party | Y14: =Sheet1!F15 -> 2 | Z14: 6 | AA14: All India Majlis-E-Ittehadul Muslimeen | AB14: =Sheet1!G15 -> 0 | AC14: 7 | AD14: Aazad Samaj Party (Kanshi Ram) | AE14: =Sheet1!H15 -> 0 | AF14: 8 | AG14: Socal Democratic Party Of India | AH14: =Sheet1!I15 -> 2 | AI14: 9 | AJ14: Independent | AK14: =Sheet1!J15 -> 0 | AL14: 10 | AM14: Independent | AN14: =Sheet1!K15 -> 10 | AO14: 11 | AP14: Nota | AQ14: =Sheet1!N15 -> 1 | AR14: =AQ14+AN14+AK14+AH14+AE14+AB14+Y14+V14+S14+P14+M14 -> 692
A15: 9 | B15: 9 | C15: PANCHYAT GHAR ROOM NO. 1 HATTHCHOYA | D15: 733 | E15: 309 | F15: 245 | G15: 0 | H15: =G15+F15+E15 -> 554 | I15: 58 | J15: 0 | K15: 1 | L15: Rashtriya Lok Dal | M15: =Sheet1!B16 -> 81 | N15: 2 | O15: Bahujan Samaj Party | P15: =Sheet1!C16 -> 2 | Q15: 3 | R15: Indian National Congress | S15: =Sheet1!D16 -> 7 | T15: 4 | U15: Bharatiya Janata Party | V15: =Sheet1!E16 -> 447 | W15: 5 | X15: Aam Aadmi Party | Y15: =Sheet1!F16 -> 1 | Z15: 6 | AA15: All India Majlis-E-Ittehadul Muslimeen | AB15: =Sheet1!G16 -> 0 | AC15: 7 | AD15: Aazad Samaj Party (Kanshi Ram) | AE15: =Sheet1!H16 -> 4 | AF15: 8 | AG15: Socal Democratic Party Of India | AH15: =Sheet1!I16 -> 2 | AI15: 9 | AJ15: Independent | AK15: =Sheet1!J16 -> 0 | AL15: 10 | AM15: Independent | AN15: =Sheet1!K16 -> 5 | AO15: 11 | AP15: Nota | AQ15: =Sheet1!N16 -> 5 | AR15: =AQ15+AN15+AK15+AH15+AE15+AB15+Y15+V15+S15+P15+M15 -> 554
A16: 9 | B16: 10 | C16: PANCHYAT GHAR ROOM NO. 2 HATTHCHOYA | D16: 721 | E16: 264 | F16: 259 | G16: 0 | H16: =G16+F16+E16 -> 523 | I16: 60 | J16: 0 | K16: 1 | L16: Rashtriya Lok Dal | M16: =Sheet1!B17 -> 206 | N16: 2 | O16: Bahujan Samaj Party | P16: =Sheet1!C17 -> 0 | Q16: 3 | R16: Indian National Congress | S16: =Sheet1!D17 -> 5 | T16: 4 | U16: Bharatiya Janata Party | V16: =Sheet1!E17 -> 297 | W16: 5 | X16: Aam Aadmi Party | Y16: =Sheet1!F17 -> 3 | Z16: 6 | AA16: All India Majlis-E-Ittehadul Muslimeen | AB16: =Sheet1!G17 -> 1 | AC16: 7 | AD16: Aazad Samaj Party (Kanshi Ram) | AE16: =Sheet1!H17 -> 0 | AF16: 8 | AG16: Socal Democratic Party Of India | AH16: =Sheet1!I17 -> 2 | AI16: 9 | AJ16: Independent | AK16: =Sheet1!J17 -> 1 | AL16: 10 | AM16: Independent | AN16: =Sheet1!K17 -> 6 | AO16: 11 | AP16: Nota | AQ16: =Sheet1!N17 -> 2 | AR16: =AQ16+AN16+AK16+AH16+AE16+AB16+Y16+V16+S16+P16+M16 -> 523
A17: 9 | B17: 11 | C17: JUNIYAR HIGH SCHOOL ROOM NO.1 PINDORA JAHANGIRPUR | D17: 1145 | E17: 400 | F17: 325 | G17: 0 | H17: =G17+F17+E17 -> 725 | I17: 175 | J17: 0 | K17: 1 | L17: Rashtriya Lok Dal | M17: =Sheet1!B18 -> 379 | N17: 2 | O17: Bahujan Samaj Party | P17: =Sheet1!C18 -> 2 | Q17: 3 | R17: Indian National Congress | S17: =Sheet1!D18 -> 5 | T17: 4 | U17: Bharatiya Janata Party | V17: =Sheet1!E18 -> 331 | W17: 5 | X17: Aam Aadmi Party | Y17: =Sheet1!F18 -> 2 | Z17: 6 | AA17: All India Majlis-E-Ittehadul Muslimeen | AB17: =Sheet1!G18 -> 0 | AC17: 7 | AD17: Aazad Samaj Party (Kanshi Ram) | AE17: =Sheet1!H18 -> 0 | AF17: 8 | AG17: Socal Democratic Party Of India | AH17: =Sheet1!I18 -> 5 | AI17: 9 | AJ17: Independent | AK17: =Sheet1!J18 -> 0 | AL17: 10 | AM17: Independent | AN17: =Sheet1!K18 -> 1 | AO17: 11 | AP17: Nota | AQ17: =Sheet1!N18 -> 0 | AR17: =AQ17+AN17+AK17+AH17+AE17+AB17+Y17+V17+S17+P17+M17 -> 725
A18: 9 | B18: 12 | C18: JUNIYAR HIGH SCHOOL ROOM NO.2 PINDORA JAHANGIRPURP | D18: 1126 | E18: 474 | F18: 365 | G18: 0 | H18: =G18+F18+E18 -> 839 | I18: 93 | J18: 0 | K18: 1 | L18: Rashtriya Lok Dal | M18: =Sheet1!B19 -> 477 | N18: 2 | O18: Bahujan Samaj Party | P18: =Sheet1!C19 -> 3 | Q18: 3 | R18: Indian National Congress | S18: =Sheet1!D19 -> 0 | T18: 4 | U18: Bharatiya Janata Party | V18: =Sheet1!E19 -> 350 | W18: 5 | X18: Aam Aadmi Party | Y18: =Sheet1!F19 -> 3 | Z18: 6 | AA18: All India Majlis-E-Ittehadul Muslimeen | AB18: =Sheet1!G19 -> 1 | AC18: 7 | AD18: Aazad Samaj Party (Kanshi Ram) | AE18: =Sheet1!H19 -> 1 | AF18: 8 | AG18: Socal Democratic Party Of India | AH18: =Sheet1!I19 -> 0 | AI18: 9 | AJ18: Independent | AK18: =Sheet1!J19 -> 1 | AL18: 10 | AM18: Independent | AN18: =Sheet1!K19 -> 1 | AO18: 11 | AP18: Nota | AQ18: =Sheet1!N19 -> 2 | AR18: =AQ18+AN18+AK18+AH18+AE18+AB18+Y18+V18+S18+P18+M18 -> 839
... A376: 9 | B376: 370 | C376: JUNIYAR HIGH SCHOOL BHANERA JAT | D376: 1228 | E376: 455 | F376: 362 | G376: 0 | H376: =G376+F376+E376 -> 817 | I376: 0 | J376: 0 | K376: 1 | L376: Rashtriya Lok Dal | M376: =Sheet1!B377 -> 574 | N376: 2 | O376: Bahujan Samaj Party | P376: =Sheet1!C377 -> 44 | Q376: 3 | R376: Indian National Congress | S376: =Sheet1!D377 -> 1 | T376: 4 | U376: Bharatiya Janata Party | V376: =Sheet1!E377 -> 187 | W376: 5 | X376: Aam Aadmi Party | Y376: =Sheet1!F377 -> 3 | Z376: 6 | AA376: All India Majlis-E-Ittehadul Muslimeen | AB376: =Sheet1!G377 -> 1 | AC376: 7 | AD376: Aazad Samaj Party (Kanshi Ram) | AE376: =Sheet1!H377 -> 1 | AF376: 8 | AG376: Socal Democratic Party Of India | AH376: =Sheet1!I377 -> 0 | AI376: 9 | AJ376: Independent | AK376: =Sheet1!J377 -> 1 | AL376: 10 | AM376: Independent | AN376: =Sheet1!K377 -> 1 | AO376: 11 | AP376: Nota | AQ376: =Sheet1!N377 -> 4 | AR376: =AQ376+AN376+AK376+AH376+AE376+AB376+Y376+V376+S376+P376+M376 -> 817
A377: Total | D377: =SUM(D7:D376) -> 325686 | E377: =SUM(E7:E376) -> 120224 | F377: =SUM(F7:F376) -> 100779 | G377: =SUM(G7:G376) -> 2 | H377: =SUM(H7:H376) -> 221005 | I377: =SUM(I7:I376) -> 49428 | J377: =SUM(J7:J376) -> 0 | K377: 1 | L377: Rashtriya Lok Dal | M377: =Sheet1!B378 -> 103325 | N377: 2 | O377: Bahujan Samaj Party | P377: =Sheet1!C378 -> 11010 | Q377: 3 | R377: Indian National Congress | S377: =Sheet1!D378 -> 787 | T377: 4 | U377: Bharatiya Janata Party | V377: =Sheet1!E378 -> 92472 | W377: 5 | X377: Aam Aadmi Party | Y377: =Sheet1!F378 -> 668 | Z377: 6 | AA377: All India Majlis-E-Ittehadul Muslimeen | AB377: =Sheet1!G378 -> 325 | AC377: 7 | AD377: Aazad Samaj Party (Kanshi Ram) | AE377: =Sheet1!H378 -> 3177 | AF377: 8 | AG377: Socal Democratic Party Of India | AH377: =Sheet1!I378 -> 702 | AI377: 9 | AJ377: Independent | AK377: =Sheet1!J378 -> 358 | AL377: 10 | AM377: Independent | AN377: =Sheet1!K378 -> 3965 | AO377: 11 | AP377: Nota | AQ377: =Sheet1!N378 -> 789 | AR377: =AQ377+AN377+AK377+AH377+AE377+AB377+Y377+V377+S377+P377+M377 -> 217578
A378: Postal Ballot | K378: 1 | L378: Rashtriya Lok Dal | M378: =Sheet1!B379 -> 426 | N378: 2 | O378: Bahujan Samaj Party | P378: =Sheet1!C379 -> 29 | Q378: 3 | R378: Indian National Congress | S378: =Sheet1!D379 -> 6 | T378: 4 | U378: Bharatiya Janata Party | V378: =Sheet1!E379 -> 473 | W378: 5 | X378: Aam Aadmi Party | Y378: =Sheet1!F379 -> 6 | Z378: 6 | AA378: All India Majlis-E-Ittehadul Muslimeen | AB378: =Sheet1!G379 -> 0 | AC378: 7 | AD378: Aazad Samaj Party (Kanshi Ram) | AE378: =Sheet1!H379 -> 11 | AF378: 8 | AG378: Socal Democratic Party Of India | AH378: =Sheet1!I379 -> 1 | AI378: 9 | AJ378: Independent | AK378: =Sheet1!J379 -> 1 | AL378: 10 | AM378: Independent | AN378: =Sheet1!K379 -> 10 | AO378: 11 | AP378: Nota | AQ378: =Sheet1!N379 -> 0 | AR378: =AQ378+AN378+AK378+AH378+AE378+AB378+Y378+V378+S378+P378+M378 -> 963
A379: G. Total | K379: 1 | L379: Rashtriya Lok Dal | M379: =Sheet1!B380 -> 103751 | N379: 2 | O379: Bahujan Samaj Party | P379: =Sheet1!C380 -> 11039 | Q379: 3 | R379: Indian National Congress | S379: =Sheet1!D380 -> 793 | T379: 4 | U379: Bharatiya Janata Party | V379: =Sheet1!E380 -> 92945 | W379: 5 | X379: Aam Aadmi Party | Y379: =Sheet1!F380 -> 674 | Z379: 6 | AA379: All India Majlis-E-Ittehadul Muslimeen | AB379: =Sheet1!G380 -> 325 | AC379: 7 | AD379: Aazad Samaj Party (Kanshi Ram) | AE379: =Sheet1!H380 -> 3188 | AF379: 8 | AG379: Socal Democratic Party Of India | AH379: =Sheet1!I380 -> 703 | AI379: 9 | AJ379: Independent | AK379: =Sheet1!J380 -> 359 | AL379: 10 | AM379: Independent | AN379: =Sheet1!K380 -> 3975 | AO379: 11 | AP379: Nota | AQ379: =Sheet1!N380 -> 789 | AR379: =AQ379+AN379+AK379+AH379+AE379+AB379+Y379+V379+S379+P379+M379 -> 218541
A380: uksV& Hkkx la0 82] 87] 90] 92 o 148 ¼dqy 3427 er½ dh lh0;w0 ij ifj.kke iznf'kZr u gksus ds dkj.k o thr dk varj 10806 tks mDr Hkkx la[;kvksa esa iMs gq, dqy er 3427 ls vf/kd gksus ds dkj.k x.kuk ugh dh xbZA ek0 fuokZpu vk;ksx ds i= la0 51@8@INST/2021-EM fnukad 10 uoEcj 2021 ds Øe esaA
AJ382: fjVfuZx vkfQlj]
AJ383: 09&FkkukHkou] fo/kkulHkk fuokZpu {ks=A

Sheet 10 Shamli 
A1: UTTAR PRADESH VIDHAN SABHA GENERAL ELECTION 2022
A2: No. & Name of Assembly Constituency- 10 Shamli
A3: District- Shamli
A4: AC No. | B4: Polling Station | D4: Total No.of Electors | E4: Voters Turnout | I4: No.of voters Identified using EPIC | J4: No. of Ten-dered Voters | AX4: NOTA | BA4: Total Votes Se-cured
B5: No. | C5: Name | E5: Male | F5: Female | G5: Other | H5: Total | K5: S.No. | L5: Party Affiliation | M5: Votes Secured | N5: S.No. | O5: Party Affiliation | P5: Votes Secured | Q5: S.No. | R5: Party Affiliation | S5: Votes Secured | T5: S.No. | U5: Party Affiliation | V5: Votes Secured | W5: S.No. | X5: Party Affiliation | Y5: Votes Secured | Z5: S.No. | AA5: Party Affiliation | AB5: Votes Secured | AC5: S.No. | AD5: Party Affiliation | AE5: Votes Secured | AF5: S.No. | AG5: Party Affiliation | AH5: Votes Secured | AI5: S.No. | AJ5: Party Affiliation | AK5: Votes Secured | AL5: S.No. | AM5: Party Affiliation | AN5: Votes Secured | AO5: S.No. | AP5: Party Affiliation | AQ5: Votes Secured | AR5: S.No. | AS5: Party Affiliation | AT5: Votes Secured | AU5: S.No. | AV5: Party Affiliation | AW5: Votes Secured | AX5: S.No. | AY5: Party Affiliation | AZ5: Votes Secured
A6: 1 | B6: 2 | C6: 3 | D6: 4 | E6: 5 | F6: 6 | G6: 7 | H6: 8 | I6: 9 | J6: 10 | K6: 11 | L6: 12 | M6: 13 | N6: 14 | O6: 15 | P6: 16 | Q6: 17 | R6: 18 | S6: 19 | T6: 20 | U6: 21 | V6: 22 | W6: 23 | X6: 24 | Y6: 25 | Z6: 26 | AA6: 27 | AB6: 28 | AC6: 29 | AD6: 30 | AE6: 31 | AF6: 32 | AG6: 33 | AH6: 34 | AI6: 35 | AJ6: 36 | AK6: 37 | AL6: 38 | AM6: 39 | AN6: 40 | AO6: 41 | AP6: 42 | AQ6: 43 | AR6: 44 | AS6: 45 | AT6: 46 | AU6: 47 | AV6: 48 | AW6: 49 | AX6: 50 | AY6: 51 | AZ6: 52 | BA6: 53

Sheet Sheet1
A1: izk:Ik &20 Hkkx&1 ¼fu;e 56 ¼7½ nsf[k,½
A2: vfUre ifj.kke Ik=
A3: 09&FkkukHkou] fo/kkulHkk fuokZpu&2022
A4: fo/kkulHkk fuokZpu {ks= es fuokZpdks dh dqy la[;k& 325686
A5: erns; LFky dh Øe la0 | B5: fuEufyf[kr ds Ik{k es fn, x;s fof/kekU; erksa dh la[;k | L5: dqy fof/kekU; er | M5: izfr{ksfir erksa dh la[;k | N5: uksVk fodYi ds fy, er | O5: dqy ;ksx | P5: fufonRr erksa dh la[;k
B6: v'kjQ vyh [kku | C6: tghj efyd | D6: lR; la;e Hkw;kZu | E6: lqjs'k dqekj | F6: vjfoan dqekj | G6: bZdjke | H6: jkds'k dqekj | I6: ln~nke | J6: jek vkfny | K6: 'ksjiky mQZ lq/khj mQZ 'ksj flag
A7: 1 | B7: 2 | C7: 3 | D7: 4 | E7: 5 | F7: 6 | G7: 7 | H7: 8 | I7: 9 | J7: 10 | K7: 11 | L7: 15 | M7: 16 | N7: 17 | O7: 18 | P7: 19
A8: 1 | B8: 306 | C8: 2 | D8: 3 | E8: 270 | F8: 0 | G8: 1 | H8: 0 | I8: 0 | J8: 0 | K8: 0 | L8: 582 | M8: 0 | N8: 3 | O8: 585 | P8: 0
A9: 2 | B9: 492 | C9: 3 | D9: 1 | E9: 101 | F9: 1 | G9: 1 | H9: 0 | I9: 0 | J9: 1 | K9: 0 | L9: 600 | M9: 0 | N9: 1 | O9: 601 | P9: 0
A10: 3 | B10: 246 | C10: 25 | D10: 0 | E10: 282 | F10: 2 | G10: 3 | H10: 28 | I10: 1 | J10: 0 | K10: 1 | L10: 588 | M10: 0 | N10: 5 | O10: 593 | P10: 0
A11: 4 | B11: 84 | C11: 49 | D11: 1 | E11: 293 | F11: 4 | G11: 1 | H11: 9 | I11: 3 | J11: 1 | K11: 1 | L11: 446 | M11: 0 | N11: 4 | O11: 450 | P11: 0
A12: 5 | B12: 57 | C12: 17 | D12: 1 | E12: 395 | F12: 0 | G12: 0 | H12: 1 | I12: 0 | J12: 0 | K12: 4 | L12: 475 | M12: 0 | N12: 0 | O12: 475 | P12: 0
A13: 6 | B13: 109 | C13: 190 | D13: 9 | E13: 234 | F13: 1 | G13: 1 | H13: 21 | I13: 0 | J13: 1 | K13: 9 | L13: 575 | M13: 0 | N13: 0 | O13: 575 | P13: 0
A14: 7 | B14: 254 | C14: 4 | D14: 11 | E14: 345 | F14: 0 | G14: 0 | H14: 1 | I14: 2 | J14: 1 | K14: 2 | L14: 620 | M14: 0 | N14: 1 | O14: 621 | P14: 0
A15: 8 | B15: 498 | C15: 3 | D15: 0 | E15: 176 | F15: 2 | G15: 0 | H15: 0 | I15: 2 | J15: 0 | K15: 10 | L15: 691 | M15: 0 | N15: 1 | O15: 692 | P15: 0
A16: 9 | B16: 81 | C16: 2 | D16: 7 | E16: 447 | F16: 1 | G16: 0 | H16: 4 | I16: 2 | J16: 0 | K16: 5 | L16: 549 | M16: 0 | N16: 5 | O16: 554 | P16: 0
A17: 10 | B17: 206 | C17: 0 | D17: 5 | E17: 297 | F17: 3 | G17: 1 | H17: 0 | I17: 2 | J17: 1 | K17: 6 | L17: 521 | M17: 0 | N17: 2 | O17: 523 | P17: 0
A18: 11 | B18: 379 | C18: 2 | D18: 5 | E18: 331 | F18: 2 | G18: 0 | H18: 0 | I18: 5 | J18: 0 | K18: 1 | L18: 725 | M18: 0 | N18: 0 | O18: 725 | P18: 0
... A377: 370 | B377: 574 | C377: 44 | D377: 1 | E377: 187 | F377: 3 | G377: 1 | H377: 1 | I377: 0 | J377: 1 | K377: 1 | L377: 813 | M377: 0 | N377: 4 | O377: 817 | P377: 0
A378: erns; LFkyksa ij vfHkfyf[kr erksa dh dqy la[;k | B378: 103325 | C378: 11010 | D378: 787 | E378: 92472 | F378: 668 | G378: 325 | H378: 3177 | I378: 702 | J378: 358 | K378: 3965 | L378: 216789 | M378: 0 | N378: 789 | O378: 217578 | P378: 0
A379: Mkd eri=ksa ij vfHkfyf[kr erksa dh la[;k | B379: 426 | C379: 29 | D379: 6 | E379: 473 | F379: 6 | G379: 0 | H379: 11 | I379: 1 | J379: 1 | K379: 10 | L379: 963 | M379: 0 | N379: 0 | O379: 963 | P379: 0
A380: Mkys x;s dqy er | B380: 103751 | C380: 11039 | D380: 793 | E380: 92945 | F380: 674 | G380: 325 | H380: 3188 | I380: 703 | J380: 359 | K380: 3975 | L380: 217752 | M380: 0 | N380: 789 | O380: 218541 | P380: 0
A381: rkjh[k %10 ekpZ] 2022
A382: LFkku % uohu e.Mh LFky] 'kkeyh
K384: fjVfuZx vkfQlj]
J385: 09&FkkukHkou] fo/kku lHkk fuokZpu {ks=A
